id,prompt,aspect,seed,request_id,url,width,height,gen_seed
3,candid photo of a baby eating ice cream,landscape_4_3,1627228545,019ffd77-7a9d-7001-8b86-22a0cc188174,https://v3b.fal.media/files/b/0aa63b95/zvrQevGG_s0IX3QogELQO.jpg,1024,768,1627228545
8,"guests at a wedding reception, event photography",landscape_4_3,1768202373,019ffd77-7aa4-7ec3-b806-1d61a45c7e32,https://v3b.fal.media/files/b/0aa63b95/hzP5p4vl-JNDamPYEe2jb.jpg,1024,768,1768202373
1,"a gourmet pizza on a wooden table, restaurant food photography",landscape_4_3,741965028,019ffd77-7aa6-7642-bbd2-ceba47b47c13,https://v3b.fal.media/files/b/0aa63b95/HnESOEtO77umj3SXqTEd6.jpg,1024,768,741965028
2,"attendees at a graduation ceremony, event photography",portrait_4_3,1029140399,019ffd77-7aa4-74a0-8ba1-cd0befbadf7b,https://v3b.fal.media/files/b/0aa63b95/vI6g8WO8mRzdJ6QleV86g.jpg,768,1024,1029140399
5,a boutique shop in amsterdam,landscape_4_3,1552928613,019ffd77-7aa7-7470-a4d1-fdad38a895cc,https://v3b.fal.media/files/b/0aa63b95/W_Gs0EIEMIP5HGRfIYLoR.jpg,1024,768,1552928613
4,"portrait of a young couple in an urban street, natural light",landscape_4_3,1838344392,019ffd77-7aa3-7030-a32d-57ae5b587080,https://v3b.fal.media/files/b/0aa63b95/D2RQ8MBnW3GT2SuDezgqb.jpg,1024,768,1838344392
6,a dramatic lake shore at midday,landscape_4_3,388350845,019ffd77-7aa4-7b32-96dc-6a12debb8235,https://v3b.fal.media/files/b/0aa63b95/6tLueEPz5bIOBv2QULx7S.jpg,1024,768,388350845
7,"a poke bowl on a restaurant table, close up",landscape_4_3,951466346,019ffd77-7aa1-7c90-8444-4212299713a1,https://v3b.fal.media/files/b/0aa63b95/fysbak4adA8ALBGVr5-ck.jpg,1024,768,951466346
11,a woman taking a selfie at the gym,landscape_4_3,31417667,019ffd77-8587-79e3-8eb8-bac1ff9929ca,https://v3b.fal.media/files/b/0aa63b95/OgOKj8MaTpaHZ2HvLTUDb.jpg,1024,768,31417667
9,a dramatic forest trail at golden hour,landscape_4_3,1664776150,019ffd77-8563-7252-af27-f0ef710cc7e9,https://v3b.fal.media/files/b/0aa63b95/Wo997-SJ8P2JOb758Ulau.jpg,1024,768,1664776150
14,"group photo of friends at a wedding, natural poses",landscape_4_3,1339616213,019ffd77-85f0-7940-b56c-01f81efb6e75,https://v3b.fal.media/files/b/0aa63b95/3fl07WCQPCrLrTM2VV1PI.jpg,1024,768,1339616213
10,"a modern interior photo, apartment",landscape_4_3,22788690,019ffd77-8568-74b2-bc55-470cb36dde7a,https://v3b.fal.media/files/b/0aa63b95/FhNf9RCEfsxT3Vmd6Wv-C.jpg,1024,768,22788690
13,candid photo of children at a birthday party,landscape_4_3,1755420649,019ffd77-85eb-75c1-ba6a-b2889b7b9a95,https://v3b.fal.media/files/b/0aa63b95/FCa63F-AEFCveiP6yScw0.jpg,1024,768,1755420649
12,a misty forest trail at sunset,landscape_4_3,153875602,019ffd77-85bf-7e02-a844-c3a9be067875,https://v3b.fal.media/files/b/0aa63b95/6Sihq5d0hRDTGfO3ih1om.jpg,1024,768,153875602
16,"a quiet street scene in barcelona, cafes and awnings",landscape_4_3,1712180443,019ffd77-86cd-7623-b6a1-ede4f9b5410b,https://v3b.fal.media/files/b/0aa63b95/-QEyn5f5u1q_wvxroVKYl.jpg,1024,768,1712180443
15,"a classroom with students at desks, candid",landscape_4_3,118174719,019ffd77-867c-7c81-9c93-08b139b2307c,https://v3b.fal.media/files/b/0aa63b95/8Tixb_O0tQO3iu49GtcdM.jpg,1024,768,118174719
17,a scenic lake shore at sunrise,landscape_4_3,2133034529,019ffd77-8ff0-7b32-83b7-a1f9de5bb302,https://v3b.fal.media/files/b/0aa63b95/aCShdMo25N0fb8Ihakddj.jpg,1024,768,2133034529
21,candid photo of a baby at a birthday party,landscape_4_3,878379851,019ffd77-90b7-7bf0-a39c-29efd60fe7b4,https://v3b.fal.media/files/b/0aa63b96/_s3vkQbUqqXU3HH5Co4Ff.jpg,1024,768,878379851
19,a couple taking a mirror selfie at a concert,landscape_4_3,822453060,019ffd77-9057-76d3-a359-915cb711030b,https://v3b.fal.media/files/b/0aa63b96/Nk5IcycQoOlSkoBHk_Mc1.jpg,1024,768,822453060
20,"pancakes with syrup on a marble counter, close up",landscape_4_3,1497835474,019ffd77-9070-7732-b6aa-2a90efb99b41,https://v3b.fal.media/files/b/0aa63b95/ck9T6qnBICtEilsuJnuzG.jpg,1024,768,1497835474
22,"a busy street scene in tokyo, morning light",portrait_4_3,1126039057,019ffd77-9123-7d10-953a-fa0ef5b4f32e,https://v3b.fal.media/files/b/0aa63b96/u4wVEn8T9m18FrcSs48ZC.jpg,768,1024,1126039057
23,"a rainy street scene in barcelona, daytime",landscape_4_3,755008993,019ffd77-9123-7241-8ba1-a38ee30da066,https://v3b.fal.media/files/b/0aa63b96/gzaAQILWWAcPYsVgtTqdJ.jpg,1024,768,755008993
18,"a rustic interior photo, bedroom",landscape_4_3,1041628573,019ffd77-9020-7e00-8e66-47b7b0f40780,https://v3b.fal.media/files/b/0aa63b96/-VjhNvoQAnolCXF424vZc.jpg,1024,768,1041628573
24,"portrait of a smiling woman in a garden, candid look",portrait_4_3,313780458,019ffd77-9176-7e33-b5c1-16406035e11b,https://v3b.fal.media/files/b/0aa63b96/Hg2Ne8gQ7fnfTfq59RHlV.jpg,768,1024,313780458
25,"a poke bowl on a wooden table, restaurant food photography",portrait_4_3,1235727802,019ffd77-9b9f-7d32-a374-e9e37a5a8c4d,https://v3b.fal.media/files/b/0aa63b96/LDafyb75-ksVkkuMpr_Aw.jpg,768,1024,1235727802
28,"portrait of a young couple in a studio with soft light, soft bokeh background",landscape_4_3,1060591857,019ffd77-9c02-7fd0-90e7-3486f47d7e97,https://v3b.fal.media/files/b/0aa63b96/SXTx-wThJiV40IL09ZRw7.jpg,1024,768,1060591857
26,"guests at a graduation ceremony, event photography",portrait_4_3,1369380288,019ffd77-9bc6-7220-a8b2-af0875057835,https://v3b.fal.media/files/b/0aa63b96/14I5mR0eAf1WtH2ab1pKX.jpg,768,1024,1369380288
29,"a salad bowl on a wooden table, close up",portrait_4_3,179891445,019ffd77-9c82-7673-83ee-91b21bee3458,https://v3b.fal.media/files/b/0aa63b96/A-BbLkZ633l91IaLcyXTn.jpg,768,1024,179891445
30,"a sunny street scene in lisbon, shop fronts",landscape_4_3,1887978532,019ffd77-9cf1-7962-8599-bb5bc94eadd4,https://v3b.fal.media/files/b/0aa63b96/5qGDWiT6QgvrxJzF75LTR.jpg,1024,768,1887978532
27,a misty mountain range at midday,portrait_4_3,1054709888,019ffd77-9bb9-79c0-a099-2dd015e8bfe0,https://v3b.fal.media/files/b/0aa63b96/kodxsosnOOiTCRO0-R7bR.jpg,768,1024,1054709888
31,"group photo of classmates on a hiking trip, natural poses",portrait_4_3,90983766,019ffd77-a051-73e0-b33f-6cc02911b3fe,https://v3b.fal.media/files/b/0aa63b96/vea_kraF-zvfZlkvgovki.jpg,768,1024,90983766
32,"group photo of classmates at a barbecue, candid moment",landscape_4_3,1143832673,019ffd77-a110-79c1-ad35-22a0af0af1cf,https://v3b.fal.media/files/b/0aa63b96/4BMDw4IAlf0tbY-BGv8xz.jpg,1024,768,1143832673
34,candid photo of children with a puppy,portrait_4_3,2114880575,019ffd77-a658-7b91-9c85-d5fb49f4e80e,https://v3b.fal.media/files/b/0aa63b96/qP-p27FvszKgJNKFI5vSZ.jpg,768,1024,2114880575
33,a boutique shop in bali,portrait_4_3,580386895,019ffd77-a659-7510-8729-5a83e105ae1c,https://v3b.fal.media/files/b/0aa63b96/A0ITC6p0CaVzMk0pzF2pV.jpg,768,1024,580386895
35,a spa in santorini,landscape_4_3,759145916,019ffd77-a65e-7be0-8e3b-4cd168b116c1,https://v3b.fal.media/files/b/0aa63b96/ys-0G3ZLxwbtx9R7srfib.jpg,1024,768,759145916
37,"people at a street parade, event photography",landscape_4_3,1094543913,019ffd77-a831-7c42-b49e-8f40e4dc721e,https://v3b.fal.media/files/b/0aa63b96/qeqHPtliZ8qaJQMS1pjg2.jpg,1024,768,1094543913
38,"pancakes with syrup on a cafe table, natural light",portrait_4_3,747818615,019ffd77-aac1-7b42-9db1-1bbb93bd1f2c,https://v3b.fal.media/files/b/0aa63b96/OF1NwP4049AMjdr8cR_VD.jpg,768,1024,747818615
40,"portrait of a child in a rooftop, warm tones",landscape_4_3,536722125,019ffd77-abc8-7030-a5c6-520d3acee338,https://v3b.fal.media/files/b/0aa63b96/KPKOIVVfYDJql83Uhefj6.jpg,1024,768,536722125
39,a teenager taking a group selfie at a concert,portrait_4_3,725337901,019ffd77-ab47-70d2-bd87-7f2bf3722e21,https://v3b.fal.media/files/b/0aa63b96/LZ_mz-XD76nkbvL3FtViY.jpg,768,1024,725337901
36,a hotel pool in austin,landscape_4_3,2096127373,019ffd77-a789-7811-8a02-a9d61a999331,https://v3b.fal.media/files/b/0aa63b96/35LNRDFun-xRJqGO1Ma6a.jpg,1024,768,2096127373
42,"portrait of a teenage boy in a home living room, golden hour",landscape_4_3,1555891715,019ffd77-b13c-7e93-acd9-e3d57487bb17,https://v3b.fal.media/files/b/0aa63b96/JcSZ6vv2SbDAH62gEJ-Bg.jpg,1024,768,1555891715
43,"a bright interior photo, hotel room",landscape_4_3,1573605958,019ffd77-b154-7162-98f1-04ff29419e75,https://v3b.fal.media/files/b/0aa63ba9/VUraT4fmdxqjT6qUHb2QM.jpg,1024,768,1573605958
44,a woman taking a group selfie at a concert,landscape_4_3,738103826,019ffd77-b31b-7601-aaa2-8e4a04b219d8,https://v3b.fal.media/files/b/0aa63b96/CbDff-HYDEuYmVwgs5hpT.jpg,1024,768,738103826
41,a teenager taking a mirror selfie at a theme park,landscape_4_3,1487866419,019ffd77-b104-7c32-b376-caecf9229f1c,https://v3b.fal.media/files/b/0aa63b96/oHGyrKu9KL_g680aH1P6t.jpg,1024,768,1487866419
48,"a salad bowl on a wooden table, natural light",portrait_4_3,411741362,019ffd77-b6b9-7170-9464-185f76d6d871,https://v3b.fal.media/files/b/0aa63b96/4Ayjb_JX8tMC7pqv1imCA.jpg,768,1024,411741362
47,"a hospital waiting room, realistic photography",portrait_4_3,1591324889,019ffd77-b66f-7241-a1f6-836cae879dab,https://v3b.fal.media/files/b/0aa63b96/CvqLEmq2nH6jQia0cbH16.jpg,768,1024,1591324889
45,a dramatic lake shore at sunrise,portrait_4_3,127834693,019ffd77-b571-7ab1-b1e1-6012ea30ef7f,https://v3b.fal.media/files/b/0aa63b96/1a_13_bSN1d27Jg9y9NgC.jpg,768,1024,127834693
46,"a bright interior photo, cafe",portrait_4_3,1491818024,019ffd77-b608-79d2-80fe-385f0f4e053e,https://v3b.fal.media/files/b/0aa63b97/LHgFtKtr_hbIxZLLy09t2.jpg,768,1024,1491818024
49,"a cozy interior photo, cafe",landscape_4_3,956762304,019ffd77-bbac-7843-bd59-62cf52c3d8b4,https://v3b.fal.media/files/b/0aa63b97/5_1_-w-7KyLr6uys9-pUu.jpg,1024,768,956762304
50,a spa in prague,landscape_4_3,1914808061,019ffd77-bc00-7110-84c3-9897929d3867,https://v3b.fal.media/files/b/0aa63b97/8Yo2OY4vMyLf8hn58pFKl.jpg,1024,768,1914808061
51,"a cozy interior photo, hotel room",portrait_4_3,1043128687,019ffd77-bd71-7513-8dcf-f7a9249b939c,https://v3b.fal.media/files/b/0aa63b97/lWYCAWb5bU7FgGvXMa14i.jpg,768,1024,1043128687
54,"group photo of coworkers at a wedding, natural poses",landscape_4_3,1197889331,019ffd77-c175-7663-bd28-49f529e29f65,https://v3b.fal.media/files/b/0aa63b97/fGKdga2dufiFvPsREoFmc.jpg,1024,768,1197889331
53,candid photo of a toddler at a birthday party,portrait_4_3,606744347,019ffd77-c0fb-7ba2-85fc-ae4517dfb19b,https://v3b.fal.media/files/b/0aa63b97/8-y_cHjvViqLr_1pO4xyI.jpg,768,1024,606744347
52,"a quiet street scene in a mexican town, cafes and awnings",portrait_4_3,1955547220,019ffd77-bfd8-73b2-a1a6-b6bb888bb75c,https://v3b.fal.media/files/b/0aa63b97/Sv4IHpbl9YYqNf8Pi8MBZ.jpg,768,1024,1955547220
55,a hotel pool in miami,portrait_4_3,910775234,019ffd77-c1cd-7a40-b851-a38c9411b809,https://v3b.fal.media/files/b/0aa63b97/t0Vdle4LaEfLlMb3AXmzz.jpg,768,1024,910775234
57,a woman taking a mirror selfie at a concert,landscape_4_3,442118386,019ffd77-c6af-71c2-acea-c1a999febaf3,https://v3b.fal.media/files/b/0aa63b97/jOzATp4cPbirBdVOlU88A.jpg,1024,768,442118386
59,candid photo of a toddler with a puppy,landscape_4_3,1146834298,019ffd77-c9aa-77a3-9ee8-4af99a9a7304,https://v3b.fal.media/files/b/0aa63b97/uJ7LWrDqeyEUhiNplm8rK.jpg,1024,768,1146834298
58,"a brunch spread on a marble counter, appetizing",landscape_4_3,136042851,019ffd77-c880-7042-a601-ae2dde9d0d57,https://v3b.fal.media/files/b/0aa63b97/XlX6MNJUOQ9oBWu9yPylR.jpg,1024,768,136042851
56,candid photo of kids playing in a yard,landscape_4_3,99356195,019ffd77-c53b-73f0-b1f0-5655ad513a5f,https://v3b.fal.media/files/b/0aa63b97/mvjPyzanicUfxrSqITcwQ.jpg,1024,768,99356195
60,"portrait of a man with a beard in a rooftop, soft bokeh background",landscape_4_3,685412365,019ffd77-cdfb-7b00-80f1-3b1577ecac90,https://v3b.fal.media/files/b/0aa63b97/GmIALBOdCXcT35T1uI4Iz.jpg,1024,768,685412365
61,"portrait of a middle-aged man in a park, casual clothing",landscape_4_3,1630696448,019ffd77-cf39-7a41-ba4a-5e578b5440be,https://v3b.fal.media/files/b/0aa63b97/TXKOhMiiTeUev5I6UOoxN.jpg,1024,768,1630696448
62,a couple taking a mirror selfie at a theme park,landscape_4_3,88599125,019ffd77-cf4c-79d1-8355-694628a9d9ad,https://v3b.fal.media/files/b/0aa63b97/rs508tLEMO5Ix9-emoXV7.jpg,1024,768,88599125
63,"a brunch spread on a marble counter, overhead shot",portrait_4_3,484474142,019ffd77-d15d-7360-8f3d-0d18cd287330,https://v3b.fal.media/files/b/0aa63b97/j-Hp0YBQyAa7LtF6cXHMk.jpg,768,1024,484474142
64,a scenic forest trail at midday,portrait_4_3,388348243,019ffd77-d40d-7673-a792-baa13943b825,https://v3b.fal.media/files/b/0aa63b97/_GaW-9-NkHFSHxU1NnLcx.jpg,768,1024,388348243
65,"a bowl of ramen on a restaurant table, restaurant food photography",portrait_4_3,1870588483,019ffd77-d47c-7141-b36b-85ca98eb17d6,https://v3b.fal.media/files/b/0aa63b97/tXZgMnW-s5HutQruTM3kf.jpg,768,1024,1870588483
66,"a rainy street scene in a european old town, daytime",portrait_4_3,1760059008,019ffd77-d490-7a41-b96f-ef28ee8abf10,https://v3b.fal.media/files/b/0aa63b97/wAobaijoBYfNmnCdbs-Pu.jpg,768,1024,1760059008
68,a misty forest trail at midday,portrait_4_3,1902220636,019ffd77-d90b-7ba2-a7fb-baf5d91e266f,https://v3b.fal.media/files/b/0aa63b97/GTjxKq76-Y7C-ji2wUPC9.jpg,768,1024,1902220636
69,"group photo of a family at a restaurant table, smartphone photo style",landscape_4_3,613174240,019ffd77-d99a-7d70-88c7-cd13a627ccf7,https://v3b.fal.media/files/b/0aa63baa/UoEGkyM4iHcrGQChNRgqM.jpg,1024,768,613174240
67,"portrait of a man with a beard in a market, warm tones",landscape_4_3,2029333685,019ffd77-d6cd-7532-b22e-f3290d839c80,https://v3b.fal.media/files/b/0aa63b97/T4xi_HgKtSi31jhDOoa7O.jpg,1024,768,2029333685
70,"a rustic interior photo, home office",portrait_4_3,559771681,019ffd77-d9f7-7a90-aded-d85c523806c5,https://v3b.fal.media/files/b/0aa63b97/uTHjwK9Sqqm1_ALoHq5Ai.jpg,768,1024,559771681
71,"a cozy interior photo, living room",landscape_4_3,799451528,019ffd77-dc0c-70e2-8677-b2d1dda5d5ba,https://v3b.fal.media/files/b/0aa63b97/Au03xd9I3t6jfQSpIg2Ap.jpg,1024,768,799451528
73,a spa in amsterdam,landscape_4_3,425965079,019ffd77-dfd6-74d3-af7e-0417e26ced3c,https://v3b.fal.media/files/b/0aa63b98/wGR2GGLiv1hKXDQVoaD7q.jpg,1024,768,425965079
74,"portrait of a smiling woman in a park, golden hour",portrait_4_3,1212368350,019ffd77-e041-7191-bcc1-0cdd2f6f1425,https://v3b.fal.media/files/b/0aa63b98/sqCW7TfY6v-OufgIDXsId.jpg,768,1024,1212368350
72,"people at a graduation ceremony, event photography",landscape_4_3,343390041,019ffd77-df1c-7e93-8d4a-38e859f87e84,https://v3b.fal.media/files/b/0aa63b98/yjGzDCLiCOhL1eRsM4iyp.jpg,1024,768,343390041
75,a hotel pool in bali,landscape_4_3,608426339,019ffd77-e3d4-7b33-bbab-9dc0ad4d72d9,https://v3b.fal.media/files/b/0aa63b98/XtLCUQH0SyB6EgdH0j3X1.jpg,1024,768,608426339
76,"a modern interior photo, bedroom",landscape_4_3,558857442,019ffd77-e443-7ad0-9346-b9817b27f923,https://v3b.fal.media/files/b/0aa63b98/TC_piVrjezMME3FNweOET.jpg,1024,768,558857442
77,candid photo of kids with a puppy,landscape_4_3,1148893774,019ffd77-e57c-70e1-8073-e07b3f94e3b2,https://v3b.fal.media/files/b/0aa63b98/gouKuBafCWMCScTICu85b.jpg,1024,768,1148893774
79,"portrait of a middle-aged man in a city sidewalk, looking at camera",landscape_4_3,1587435867,019ffd77-e697-7940-a954-6add711c16da,https://v3b.fal.media/files/b/0aa63b98/6mv_nKyhsshJDFOI62xPy.jpg,1024,768,1587435867
78,a scenic waterfall at sunrise,landscape_4_3,1918509442,019ffd77-e581-7fd0-8e80-090b0f6a5609,https://v3b.fal.media/files/b/0aa63b98/4WJicQHvbCjqTAC6pPJrZ.jpg,1024,768,1918509442
80,a hotel pool in amsterdam,portrait_4_3,907534354,019ffd77-ea49-7fe3-b48b-02d861d95881,https://v3b.fal.media/files/b/0aa63b98/I5JyTmh--GaIr2ONbX-jq.jpg,768,1024,907534354
81,"group photo of friends in front of a landmark, candid moment",landscape_4_3,469977185,019ffd77-eb7e-72d1-bd6f-0091806eb222,https://v3b.fal.media/files/b/0aa63b98/KwRTLHxLM5zXaSvuTtWsa.jpg,1024,768,469977185
82,"a gourmet pizza on a cafe table, appetizing",portrait_4_3,1304362671,019ffd77-ee2b-7923-83ac-26a989d5dbed,https://v3b.fal.media/files/b/0aa63b98/GAJoB7615kol9ehNW54kD.jpg,768,1024,1304362671
83,"guests at a street parade, event photography",landscape_4_3,1188070127,019ffd77-ee56-7a42-844e-1caeb6e43231,https://v3b.fal.media/files/b/0aa63b98/1nwgeYYlkr0A9HHaFp9sT.jpg,1024,768,1188070127
84,"group photo of classmates on vacation, natural poses",landscape_4_3,1835123001,019ffd77-ef23-7160-8b44-ea5237252b8c,https://v3b.fal.media/files/b/0aa63b98/WL-maQ1QM2Sm8gUwrdv0P.jpg,1024,768,1835123001
85,"a rustic interior photo, apartment",portrait_4_3,1498258509,019ffd77-efd7-7e30-a433-c71b5fe04cd0,https://v3b.fal.media/files/b/0aa63baa/aSXkME1g_Bh8JKbSxfSRM.jpg,768,1024,1498258509
86,"a busy street scene in a mexican town, evening lights",landscape_4_3,174526807,019ffd77-f16c-7c30-80bd-95c171ea45af,https://v3b.fal.media/files/b/0aa63b98/UryfKSUo7652V9QwXE4MO.jpg,1024,768,174526807
88,a couple taking a selfie at the gym,landscape_4_3,415559649,019ffd77-f4a7-7441-9dba-b101ffab7d92,https://v3b.fal.media/files/b/0aa63b98/yjuTjSmr7SBMQksrHAsBQ.jpg,1024,768,415559649
89,"a busy street scene in a mexican town, candid pedestrians",portrait_4_3,811240757,019ffd77-f5dc-7f80-a4cc-8b0bab008c50,https://v3b.fal.media/files/b/0aa63b98/t9850aPb0_dNgRXPD6yII.jpg,768,1024,811240757
90,"group photo of a sports team at a birthday party, natural poses",portrait_4_3,2099779497,019ffd77-f890-7951-a09a-69c61ca91ebf,https://v3b.fal.media/files/b/0aa63b98/nhUe59qg2C8zdtzpIvzlc.jpg,768,1024,2099779497
87,"attendees at a food festival, event photography",landscape_4_3,978451517,019ffd77-f494-7fb3-bca0-e381b1556cf2,https://v3b.fal.media/files/b/0aa63b98/Nb5_QMP6-cD95cYIFG1YU.jpg,1024,768,978451517
91,"a steak dinner on a wooden table, appetizing",portrait_4_3,102705573,019ffd77-f8bb-7cc3-96f8-bf7c759818ae,https://v3b.fal.media/files/b/0aa63b98/CrN_4P6p2I8UuRKzUYOzh.jpg,768,1024,102705573
93,"portrait of a young couple in an urban street, looking at camera",landscape_4_3,573964544,019ffd77-fbb6-7da3-a794-413b7a1fdd78,https://v3b.fal.media/files/b/0aa63b98/vQYudSfo3w5dhq1MxbrVC.jpg,1024,768,573964544
94,a misty waterfall at golden hour,portrait_4_3,1082430025,019ffd77-fbf7-7ad2-b218-2284b6dd26ba,https://v3b.fal.media/files/b/0aa63bab/Iy8yjRfBRrMRDgWUxjTQ8.jpg,768,1024,1082430025
92,"group photo of a sports team in front of a landmark, daylight",portrait_4_3,1484934728,019ffd77-f9d6-7261-80d8-b4ca76ea2048,https://v3b.fal.media/files/b/0aa63b98/Q6_pD2I7lcAM81ROKuLMh.jpg,768,1024,1484934728
95,"portrait of a man with a beard in a sunlit cafe, looking at camera",landscape_4_3,1841902561,019ffd77-ff41-7292-8e6a-447220c0a72d,https://v3b.fal.media/files/b/0aa63b98/NbsIYw-qwVOnFg9t93zlZ.jpg,1024,768,1841902561
96,a cozy reading nook with a bookshelf and armchair,portrait_4_3,1421274653,019ffd78-008a-7c21-8575-fc10f82178b1,https://v3b.fal.media/files/b/0aa63b98/-xbrAL2eYKuDTusg78ySY.jpg,768,1024,1421274653
97,a misty waterfall at midday,landscape_4_3,1029801015,019ffd78-02ec-7ad1-a7c7-3531cb490ad7,https://v3b.fal.media/files/b/0aa63b98/W4IGEFfCsUREq5AjB7LiR.jpg,1024,768,1029801015
99,a man taking a selfie at a concert,landscape_4_3,1320932129,019ffd78-03a8-7d33-afc6-edfeefae70f3,https://v3b.fal.media/files/b/0aa63bab/hBxF7-g3C171v41f0puFG.jpg,1024,768,1320932129
100,a man taking a selfie at a city street at night,landscape_4_3,775117565,019ffd78-0651-7952-b8bf-59c9bcf639c6,https://v3b.fal.media/files/b/0aa63b99/6tbW9MzQdHSoptnxP8m62.jpg,1024,768,775117565
101,"a rainy street scene in paris, daytime",landscape_4_3,1935971045,019ffd78-067f-7ce2-ab82-9b6fbd047eb9,https://v3b.fal.media/files/b/0aa63b99/8y9xUD4A3ijVDfvC2idIY.jpg,1024,768,1935971045
98,a brewery taproom in bali,landscape_4_3,2032790116,019ffd78-035e-7603-8cf2-da1f9eb8f2c5,https://v3b.fal.media/files/b/0aa63b98/ZkQ-Enmt3tTk5YBat3b5j.jpg,1024,768,2032790116
102,"group photo of friends at a restaurant table, everyone smiling",portrait_4_3,150564561,019ffd78-08bf-7a90-bf2f-b574128a5943,https://v3b.fal.media/files/b/0aa63b99/KjQP6iwGSLwC-U9m0nQES.jpg,768,1024,150564561
104,candid photo of a toddler running on a beach,landscape_4_3,816295683,019ffd78-0b1e-73c2-abd6-e47891eb4414,https://v3b.fal.media/files/b/0aa63b99/DeKaBXSP-sG0sS31zLm0H.jpg,1024,768,816295683
105,"attendees at a conference, event photography",landscape_4_3,310316703,019ffd78-0d0b-70d1-81e0-396115d6ce11,https://v3b.fal.media/files/b/0aa63b99/MyHjhvw-fP-qjambYp-L9.jpg,1024,768,310316703
103,"a busy street scene in lisbon, candid pedestrians",landscape_4_3,389821246,019ffd78-0a46-7f52-8367-be152d80c03d,https://v3b.fal.media/files/b/0aa63b99/XNGgkBzMQjjlsshgKfU3V.jpg,1024,768,389821246
106,"a sunny street scene in barcelona, shop fronts",portrait_4_3,698047679,019ffd78-0e20-7081-bf59-aa7753c3cdb7,https://v3b.fal.media/files/b/0aa63bab/NUMQjbfe9WO5s01uwlZly.jpg,768,1024,698047679
107,"guests at a sports game, event photography",landscape_4_3,1984597054,019ffd78-10f3-7a22-ba17-73187bf2cf76,https://v3b.fal.media/files/b/0aa63b99/K5f-bQRXIx26dcfkKglOa.jpg,1024,768,1984597054
108,a scenic coastal cliff at golden hour,portrait_4_3,1918569920,019ffd78-1161-74f3-a898-fd3476a9979a,https://v3b.fal.media/files/b/0aa63b99/Clh1ZmS8f63EB-Vs_qArR.jpg,768,1024,1918569920
109,"a bright interior photo, living room",landscape_4_3,1152658187,019ffd78-1287-7f41-82e7-68faad058c19,https://v3b.fal.media/files/b/0aa63b99/2wYjAszREkNzexQw0Cw69.jpg,1024,768,1152658187
110,a misty lake shore at sunrise,landscape_4_3,658292409,019ffd78-13a6-7ba3-8c87-81d36b7b67fa,https://v3b.fal.media/files/b/0aa63b99/QIuq0NRWvJBstX4t83u0V.jpg,1024,768,658292409
111,candid photo of a toddler eating ice cream,portrait_4_3,61680842,019ffd78-1530-7cd0-b8ea-4fd7a2e35219,https://v3b.fal.media/files/b/0aa63b99/0LIVR3jYAZ5VriJiZVDg-.jpg,768,1024,61680842
112,a couple taking a group selfie at a festival,portrait_4_3,1215741897,019ffd78-1888-7623-b82a-96dcbe122579,https://v3b.fal.media/files/b/0aa63b99/YQ_NlJFGYwzBLvNIP4bdQ.jpg,768,1024,1215741897
113,"a busy street scene in a european old town, candid pedestrians",portrait_4_3,1880323962,019ffd78-19d7-7012-a3d7-3cbae7949290,https://v3b.fal.media/files/b/0aa63b99/mp8MTceTcIE-mGvHuAW6C.jpg,768,1024,1880323962
114,"a rustic interior photo, cafe",landscape_4_3,1102250928,019ffd78-19df-7c33-bf06-f6ad60ebb380,https://v3b.fal.media/files/b/0aa63b99/7ABZ3A70FxqlR2WvOJN_w.jpg,1024,768,1102250928
116,"portrait of a man with a beard in an office, casual clothing",landscape_4_3,510497868,019ffd78-1c0a-7c81-aebc-6ab6710a57de,https://v3b.fal.media/files/b/0aa63b99/FFBo9CHxgEU-ZJpdexSur.jpg,1024,768,510497868
117,"a gourmet pizza on a restaurant table, overhead shot",landscape_4_3,1240337257,019ffd78-1ce6-7682-8ac7-1b3ce23fa585,https://v3b.fal.media/files/b/0aa63b99/izbt0433u1zY2U7D_vOO3.jpg,1024,768,1240337257
118,a woman taking a mirror selfie at a theme park,landscape_4_3,1106703686,019ffd78-1e78-7243-94bd-f37b8b731f97,https://v3b.fal.media/files/b/0aa63b99/O2QnitO7IrmXfVWsNf7vs.jpg,1024,768,1106703686
119,a couple taking a mirror selfie at a city street at night,landscape_4_3,385240169,019ffd78-1f5d-79f1-ab13-7121378ca849,https://v3b.fal.media/files/b/0aa63b99/MisqJeBTgUhzWN_Xtu2lI.jpg,1024,768,385240169
115,candid photo of a baby running on a beach,portrait_4_3,39512702,019ffd78-1b88-77d0-be46-8ad32b24896a,https://v3b.fal.media/files/b/0aa63b99/GHA3Jh3TFUrISwoL_WofN.jpg,768,1024,39512702
120,"an infographic about coffee brewing methods, clean modern design",portrait_4_3,1151368000,019ffd78-22f1-7993-a473-7a50b0d54e96,https://v3b.fal.media/files/b/0aa63b99/sPcHp6ZYMsph_FZvmmX62.jpg,768,1024,1151368000
122,a resort lobby in santorini,portrait_4_3,832022423,019ffd78-24b5-7ab1-bb73-d0250ba9ba15,https://v3b.fal.media/files/b/0aa63b99/zdKBoqwVgWtOorl9Iep5Z.jpg,768,1024,832022423
121,"portrait of a man in a suit in a market, casual clothing",landscape_4_3,2101524829,019ffd78-2494-7131-87e7-f5c462e5e1ac,https://v3b.fal.media/files/b/0aa63b99/5iHE_JOne71iWy3E6tcBh.jpg,1024,768,2101524829
125,a man taking a group selfie at a concert,portrait_4_3,2096481209,019ffd78-28dc-7e41-b443-3b11e5f45495,https://v3b.fal.media/files/b/0aa63b99/9adgmb-i4Iww_i8MnHsgD.jpg,768,1024,2096481209
126,a woman taking a mirror selfie at a city street at night,landscape_4_3,1147028329,019ffd78-2a23-7b12-911a-70949814843f,https://v3b.fal.media/files/b/0aa63b99/Gjv8Ob5zP-M25n2yTKVCr.jpg,1024,768,1147028329
127,"a busy street scene in tokyo, evening lights",landscape_4_3,627538613,019ffd78-2a29-7732-a520-6b6e1a4ef9db,https://v3b.fal.media/files/b/0aa63bac/oONj8XCDqgpsokF_Qw-Y9.jpg,1024,768,627538613
123,a resort lobby in austin,landscape_4_3,1373798491,019ffd78-262f-7a13-be0b-d77356f63f61,https://v3b.fal.media/files/b/0aa63b99/me3DVLllO8n5XjUpLo-ke.jpg,1024,768,1373798491
124,"group photo of friends at a birthday party, smartphone photo style",portrait_4_3,1634810905,019ffd78-2776-7473-816d-83d98760c613,https://v3b.fal.media/files/b/0aa63b99/qQh4Q6DgMlMpRfJ-idfqY.jpg,768,1024,1634810905
128,"portrait of a woman in her 30s in an office, window light",landscape_4_3,37290743,019ffd78-2d39-76c2-aa54-7a70207e1344,https://v3b.fal.media/files/b/0aa63b9a/KdwgmHT8GWQOzqu_jNZZo.jpg,1024,768,37290743
130,"group photo of a family on a hiking trip, everyone smiling",landscape_4_3,704163786,019ffd78-2f88-7301-b0b8-5e195232b284,https://v3b.fal.media/files/b/0aa63b9a/iHufMrzLlKlfsE4IWMrzI.jpg,1024,768,704163786
129,"a bright interior photo, home office",landscape_4_3,365515330,019ffd78-2f42-7963-99a1-62f806c048e0,https://v3b.fal.media/files/b/0aa63b9a/xbEAUGSYUxnZo5Ssyigq7.jpg,1024,768,365515330
131,a couple taking a selfie at a festival,portrait_4_3,21639572,019ffd78-33a2-7f41-bcae-a40b0fe413b9,https://v3b.fal.media/files/b/0aa63b9a/bBhzcekdlS2wWOh2EqlAD.jpg,768,1024,21639572
132,"portrait of a man with a beard in a sunlit cafe, soft bokeh background",portrait_4_3,2040295693,019ffd78-346d-7e70-b751-3434aa4c0b98,https://v3b.fal.media/files/b/0aa63b9a/egdSMfYCuJNLyt05VBtP7.jpg,768,1024,2040295693
133,"a crowd at a food festival, event photography",landscape_4_3,1645881737,019ffd78-3512-7e20-ac2a-5c2667ee4681,https://v3b.fal.media/files/b/0aa63b9a/dYd4ryNu1X42osjd6G01Q.jpg,1024,768,1645881737
134,a misty forest trail at golden hour,landscape_4_3,762882832,019ffd78-3554-7ae2-9d51-e91665f09473,https://v3b.fal.media/files/b/0aa63b9a/fhZDaTj9x_E3OdiXKIQ70.jpg,1024,768,762882832
135,"pancakes with syrup on a cafe table, close up",portrait_4_3,1490109876,019ffd78-35f8-7b23-898d-6bdd6302457c,https://v3b.fal.media/files/b/0aa63b9a/-JkgXxzmUmv5M8v--s9hN.jpg,768,1024,1490109876
136,"a gourmet pizza on a restaurant table, natural light",portrait_4_3,434261953,019ffd78-38a0-7722-bcec-a0c5cb837986,https://v3b.fal.media/files/b/0aa63b9a/dXu0TYUHhjDXT6-eK7oL7.jpg,768,1024,434261953
137,"a sunny street scene in tokyo, morning light",portrait_4_3,1403233237,019ffd78-3a31-7af1-821a-e4384ca71547,https://v3b.fal.media/files/b/0aa63b9a/tXITaJx3pxKQ1sB-Hrr5T.jpg,768,1024,1403233237
138,"a busy street scene in paris, cafes and awnings",landscape_4_3,1521500699,019ffd78-3a54-7b11-a30b-8323d95bc72f,https://v3b.fal.media/files/b/0aa63b9a/_428CqqtTAsLI4RNSl7jb.jpg,1024,768,1521500699
139,"portrait of a child in a garden, slight smile",landscape_4_3,510669823,019ffd78-3ddd-7812-a674-02f26fd03350,https://v3b.fal.media/files/b/0aa63b9a/60ip3aol9oBfIGePcfbZ6.jpg,1024,768,510669823
140,a scenic coastal cliff at midday,portrait_4_3,981376882,019ffd78-3ee9-7d80-9f5c-2f968ac9560c,https://v3b.fal.media/files/b/0aa63b9a/iCIflwka0DMibGMcvKjYl.jpg,768,1024,981376882
141,"group photo of coworkers in an office, candid moment",landscape_4_3,1267471957,019ffd78-3fbb-79a2-ac5b-5488b2f72025,https://v3b.fal.media/files/b/0aa63b9a/iHaYioZc6DJv_nOrIFTcM.jpg,1024,768,1267471957
142,candid photo of a baby playing in a yard,landscape_4_3,127923435,019ffd78-4016-7782-89b4-77c47b035ecd,https://v3b.fal.media/files/b/0aa63b9a/OoOKSbgzyyjCZyBpdrlVw.jpg,1024,768,127923435
143,"a gourmet pizza on a wooden table, close up",landscape_4_3,1519169634,019ffd78-4070-7e32-9144-5e7f3a4ac1a5,https://v3b.fal.media/files/b/0aa63b9a/8V9MdaOmVMAwdgHIaEpG0.jpg,1024,768,1519169634
144,candid photo of kids at a birthday party,landscape_4_3,729354298,019ffd78-43d3-7502-a92a-df7899a1b393,https://v3b.fal.media/files/b/0aa63b9a/Jdpd-CPHvRB-di-QTr7ei.jpg,1024,768,729354298
145,"a rustic interior photo, hotel room",landscape_4_3,972994144,019ffd78-446b-7c42-b83d-a346534407a4,https://v3b.fal.media/files/b/0aa63b9a/iDXN_G_NEAwCZ--4PPMC1.jpg,1024,768,972994144
147,a teenager taking a selfie at a theme park,landscape_4_3,1494404016,019ffd78-4869-73c0-a618-1d8a9bc5d3d8,https://v3b.fal.media/files/b/0aa63b9a/LewwCN7E0H5Yuy02mWVfA.jpg,1024,768,1494404016
148,a couple taking a selfie at a beach,landscape_4_3,1176419048,019ffd78-4959-70e0-b36f-30d3f89ecc24,https://v3b.fal.media/files/b/0aa63b9a/7npwOWumskxZYa5ilPljC.jpg,1024,768,1176419048
146,"people at a food festival, event photography",landscape_4_3,1396003940,019ffd78-4562-7ac0-af09-1207f24745f4,https://v3b.fal.media/files/b/0aa63b9a/5BiHSK08wAbtSbonGide5.jpg,1024,768,1396003940
149,a man taking a selfie at a festival,portrait_4_3,530391586,019ffd78-4e42-7551-8ae4-605f1c799612,https://v3b.fal.media/files/b/0aa63bad/wGLQ2cDOlIV-SnfxnEK8v.jpg,768,1024,530391586
151,a resort lobby in amsterdam,portrait_4_3,2130983744,019ffd78-4f02-71f2-b9fa-507efa06fb20,https://v3b.fal.media/files/b/0aa63b9a/tLl7BT64hgfLEcuoTZtR5.jpg,768,1024,2130983744
150,"people at a sports game, event photography",portrait_4_3,2110710379,019ffd78-4ea3-7c33-bf1c-5e2b57ff650b,https://v3b.fal.media/files/b/0aa63b9a/x1nh3e7j8-lEFLDndAxd6.jpg,768,1024,2110710379
152,"portrait of a middle-aged man in an office, soft bokeh background",landscape_4_3,1615981117,019ffd78-56a6-7750-b5b3-a014d38863ea,https://v3b.fal.media/files/b/0aa63b9b/LJ-1_UccUh6mprtp-hwbU.jpg,1024,768,1615981117
153,candid photo of children playing in a yard,portrait_4_3,307926034,019ffd78-5716-7671-864a-a14d07776343,https://v3b.fal.media/files/b/0aa63b9b/bDE8wFO66vBwV0yGnZbYr.jpg,768,1024,307926034
154,"portrait of a young couple in an office, candid look",portrait_4_3,1674813436,019ffd78-5777-7fa3-a56c-e197f159196a,https://v3b.fal.media/files/b/0aa63b9b/1TGZXld070bikjV1IWodT.jpg,768,1024,1674813436
156,"portrait of a man in a suit in an office, outdoor light",landscape_4_3,1263747149,019ffd78-57fc-7393-9c1f-f14c118b08d8,https://v3b.fal.media/files/b/0aa63b9b/F4BePwYiWPdTJqPh7aCxb.jpg,1024,768,1263747149
155,"group photo of a family at a birthday party, smartphone photo style",landscape_4_3,415033193,019ffd78-57a0-7a10-9c00-a5a0a0c99394,https://v3b.fal.media/files/b/0aa63b9b/axoL9WhguTwzQIjQ8g-To.jpg,1024,768,415033193
157,"sushi platter on a marble counter, appetizing",landscape_4_3,1141200529,019ffd78-58eb-7241-81f1-b5dc449a2f05,https://v3b.fal.media/files/b/0aa63b9b/fscXcmuloeFMqMVrJWagL.jpg,1024,768,1141200529
158,"group photo of friends on a hiking trip, everyone smiling",landscape_4_3,681811429,019ffd78-5987-7af2-8a14-6e4dbd175ecf,https://v3b.fal.media/files/b/0aa63b9b/5c4bTmKgZSmRTZ8Z2g_4Z.jpg,1024,768,681811429
160,"portrait of a young couple in a home living room, natural light",landscape_4_3,1454925764,019ffd78-6176-7511-ad7d-1ca58fe903a8,https://v3b.fal.media/files/b/0aa63b9b/T6eMHbuo8i88E2rCyIqgB.jpg,1024,768,1454925764
162,"people at a wedding reception, event photography",portrait_4_3,966027626,019ffd78-61c6-7911-b9f5-f7f8d28dc5fc,https://v3b.fal.media/files/b/0aa63b9b/QZr8abkkWcQAJ9Fm3i0wR.jpg,768,1024,966027626
161,"group photo of a family on a hiking trip, smartphone photo style",landscape_4_3,1750791937,019ffd78-61a9-7520-9222-c8863b0a50fe,https://v3b.fal.media/files/b/0aa63b9b/cncuFeosM6LZizSlC20IU.jpg,1024,768,1750791937
159,"group photo of a family at a restaurant table, natural poses",portrait_4_3,556908620,019ffd78-5da0-7c51-84a7-7b6d85e93bc7,https://v3b.fal.media/files/b/0aa63b9b/IOlwdwNwU7V2Tka4TfJMm.jpg,768,1024,556908620
163,"portrait of a woman in her 30s in a home living room, slight smile",portrait_4_3,80150674,019ffd78-6210-7a43-a5a0-815e4f2a947f,https://v3b.fal.media/files/b/0aa63b9b/sp0v_4njELa8Ko6V25fZK.jpg,768,1024,80150674
164,"sushi platter on a marble counter, overhead shot",landscape_4_3,1396704029,019ffd78-6216-7083-aa1a-162cc19168f6,https://v3b.fal.media/files/b/0aa63b9b/qquLgRZcJQ5d2ZW1xeFV_.jpg,1024,768,1396704029
166,"portrait of a woman in her 30s in a city sidewalk, window light",landscape_4_3,1194949248,019ffd78-649a-7812-a845-d1644d3623e0,https://v3b.fal.media/files/b/0aa63b9b/7ScWUwtfNm0cnukY7wbPp.jpg,1024,768,1194949248
165,"a sunny street scene in a european old town, daytime",landscape_4_3,882032504,019ffd78-631b-7713-ab22-cb7f62a35801,https://v3b.fal.media/files/b/0aa63b9b/usS1sTKDB96yS1Ynikfkl.jpg,1024,768,882032504
170,"group photo of coworkers at a birthday party, everyone smiling",portrait_4_3,969958413,019ffd78-6cb9-7c42-9305-8eeb26d65ae7,https://v3b.fal.media/files/b/0aa63b9b/4GbzwjZ7riJYolau4MGuO.jpg,768,1024,969958413
167,"a busy street scene in new york, morning light",landscape_4_3,845983521,019ffd78-6c02-7313-8aa2-1da6253f4ec3,https://v3b.fal.media/files/b/0aa63b9b/V7eZlIVxK1V_Y59TztHcU.jpg,1024,768,845983521
168,a grocery store aisle with products on shelves,portrait_4_3,1371513124,019ffd78-6c4b-78d0-b328-8bb0380bb67c,https://v3b.fal.media/files/b/0aa63b9b/JGuNmgpcua4A2rW-Z8GqH.jpg,768,1024,1371513124
172,"a rainy street scene in paris, cafes and awnings",landscape_4_3,389500249,019ffd78-6d4f-77b1-82e8-ff071957b9e2,https://v3b.fal.media/files/b/0aa63b9b/-S1nIIRjwknTAJ209C3Fr.jpg,1024,768,389500249
171,"a rainy street scene in chicago, evening lights",portrait_4_3,1442637941,019ffd78-6d48-7401-8d5a-eef6e584f3d0,https://v3b.fal.media/files/b/0aa63b9b/lRrKX2SgME9AM0I8aZkND.jpg,768,1024,1442637941
173,"portrait of a elderly woman in an urban street, natural light",landscape_4_3,1539018368,019ffd78-6f07-7df0-b44d-82690e00732a,https://v3b.fal.media/files/b/0aa63b9b/UR6FF0dbCR9PK7xCG69KL.jpg,1024,768,1539018368
169,"portrait of a man in a suit in a garden, soft bokeh background",portrait_4_3,697739927,019ffd78-6c65-7d30-aca7-7690110b3292,https://v3b.fal.media/files/b/0aa63b9b/UITCj-RbzCb4cix93nlMi.jpg,768,1024,697739927
174,a man taking a group selfie at a beach,portrait_4_3,741090277,019ffd78-7282-7d22-902c-e1f5a2584f81,https://v3b.fal.media/files/b/0aa63b9b/ti5Nz0SFKa9XtWLt_O8bE.jpg,768,1024,741090277
175,"a burger and fries on a cafe table, restaurant food photography",landscape_4_3,427429909,019ffd78-775f-7410-8e3b-e23bd59f469d,https://v3b.fal.media/files/b/0aa63b9b/3aw0vyBTy8sR7MJMkcJjo.jpg,1024,768,427429909
176,a resort lobby in miami,landscape_4_3,562440400,019ffd78-7782-7d62-a1e3-9b34314e16ca,https://v3b.fal.media/files/b/0aa63b9b/Bntolc2PTrhhcg5XeuMLn.jpg,1024,768,562440400
177,"group photo of a family at a birthday party, daylight",landscape_4_3,94770682,019ffd78-77ac-7310-950b-3ef3d5b08ee6,https://v3b.fal.media/files/b/0aa63b9b/UTU8qUXd2cx5y6ZsSC45i.jpg,1024,768,94770682
179,a couple taking a selfie at a city street at night,landscape_4_3,1041433127,019ffd78-78de-7501-a21f-d2d2cfcd0234,https://v3b.fal.media/files/b/0aa63b9b/urbuyiKXDTbtNahx8bB4G.jpg,1024,768,1041433127
178,"a brunch spread on a cafe table, close up",landscape_4_3,384563306,019ffd78-7807-79e0-9364-68224fb11891,https://v3b.fal.media/files/b/0aa63b9b/P0aw2rh7Dw4w34nHER0zJ.jpg,1024,768,384563306
180,"portrait of a teenage boy in an urban street, natural light",portrait_4_3,594136635,019ffd78-79c1-7951-9d4d-e2cdbe2843e1,https://v3b.fal.media/files/b/0aa63b9b/NhQL4BHx-DQ7L4BzYqcXA.jpg,768,1024,594136635
181,"a modern interior photo, living room",landscape_4_3,1761532623,019ffd78-7b01-71b3-864c-505d3f695d5e,https://v3b.fal.media/files/b/0aa63b9c/-MDrh-L7mIfnmRZb4-o4i.jpg,1024,768,1761532623
182,"a cozy interior photo, kitchen",portrait_4_3,2036131170,019ffd78-7d59-7cf2-bf45-25a48190868a,https://v3b.fal.media/files/b/0aa63b9c/VKUkMWvfZPDF1qTo5tBLb.jpg,768,1024,2036131170
183,"portrait of a young woman in a sunlit cafe, window light",landscape_4_3,281424057,019ffd78-8210-7a43-9019-b238ee5852cd,https://v3b.fal.media/files/b/0aa63b9c/jmeHwgdWDl1T3xHCoaIn3.jpg,1024,768,281424057
185,"group photo of a sports team at a wedding, everyone smiling",landscape_4_3,2080240363,019ffd78-829e-7dc1-a6e1-897b5aed00d5,https://v3b.fal.media/files/b/0aa63b9c/tyWqmsWqetf0Z8dfJACc1.jpg,1024,768,2080240363
184,"portrait of a young woman in a rooftop, slight smile",landscape_4_3,720910102,019ffd78-8273-72d1-9376-83cbd73e9c4f,https://v3b.fal.media/files/b/0aa63bae/81yGt1jhr0cRfCeJ5s3So.jpg,1024,768,720910102
187,"pancakes with syrup on a marble counter, appetizing",landscape_4_3,992202990,019ffd78-8352-7700-af8c-c69338a27b1d,https://v3b.fal.media/files/b/0aa63b9c/K4b0QrfvmPYqwlB65nScr.jpg,1024,768,992202990
188,"a busy street scene in chicago, cafes and awnings",landscape_4_3,1873684174,019ffd78-8467-79d1-a00a-4eca721cf8ef,https://v3b.fal.media/files/b/0aa63b9c/0CdqlhItk2sp7PIa--qA6.jpg,1024,768,1873684174
189,"a busy street scene in a european old town, evening lights",portrait_4_3,1903339071,019ffd78-8644-7261-824f-4fff38dde835,https://v3b.fal.media/files/b/0aa63b9c/6wQryp-XrWNXkHtgcVPsN.jpg,768,1024,1903339071
186,a museum hall in santorini,landscape_4_3,1683721393,019ffd78-832a-76e2-a11a-d7eb2d91881d,https://v3b.fal.media/files/b/0aa63b9c/eyt6uj0qaVV6-2LaUOkak.jpg,1024,768,1683721393
190,a scenic desert vista at sunset,landscape_4_3,1403213909,019ffd78-87b3-7c82-b6ac-ce18bfb29859,https://v3b.fal.media/files/b/0aa63b9c/ysK3KftF9hYJknClvoWBA.jpg,1024,768,1403213909
192,a snowy mountain village with warm lit windows,portrait_4_3,1438313089,019ffd78-8d06-7132-ba0c-bee649771f10,https://v3b.fal.media/files/b/0aa63b9c/9eIkpaXuGukLKKG8LlswJ.jpg,768,1024,1438313089
194,"group photo of a sports team at a restaurant table, smartphone photo style",portrait_4_3,423452998,019ffd78-8deb-7251-8580-845d883a6276,https://v3b.fal.media/files/b/0aa63b9c/j81dNhZDgnW7uipOtqJ4Z.jpg,768,1024,423452998
193,"a rainy street scene in lisbon, shop fronts",portrait_4_3,681398142,019ffd78-8d2d-7b13-a1ef-6e3f6e51d2d5,https://v3b.fal.media/files/b/0aa63b9c/aobZXGvKV5run_jYiOIwZ.jpg,768,1024,681398142
191,a scenic mountain range at sunset,landscape_4_3,973685110,019ffd78-8c78-7541-ae0a-7580b0bb2e44,https://v3b.fal.media/files/b/0aa63b9c/kci3sjW3a2VpovjBE97hI.jpg,1024,768,973685110
195,candid photo of kids running on a beach,portrait_4_3,465989234,019ffd78-903f-7862-a156-89329f610599,https://v3b.fal.media/files/b/0aa63b9c/OVhwMMXOYdsU0e1AJsVk-.jpg,768,1024,465989234
196,"group photo of a sports team at a wedding, daylight",portrait_4_3,1465025526,019ffd78-9167-7753-bc23-7172a03072f3,https://v3b.fal.media/files/b/0aa63b9c/FYePNEFLP6X9SEuNM_YSv.jpg,768,1024,1465025526
197,"a rainy street scene in a mexican town, evening lights",landscape_4_3,5507401,019ffd78-9212-7bf2-a02f-dfeaef6b4aca,https://v3b.fal.media/files/b/0aa63b9c/9Ij9yZdBX3rCVsQ3liOjt.jpg,1024,768,5507401
198,a spa in bali,portrait_4_3,203864211,019ffd78-922f-7fe2-a242-20c9966b54de,https://v3b.fal.media/files/b/0aa63b9c/ZTotSYOl2fVOI2wfvJ7N9.jpg,768,1024,203864211
199,"a gourmet pizza on a cafe table, natural light",landscape_4_3,1474855254,019ffd78-9794-7951-a127-71fdc12a47a4,https://v3b.fal.media/files/b/0aa63b9c/AAtKyWGrrcCbLXvx_pWb9.jpg,1024,768,1474855254
200,"group photo of classmates at a birthday party, candid moment",portrait_4_3,146800235,019ffd78-9838-70b0-a8c3-317b0945a89d,https://v3b.fal.media/files/b/0aa63b9c/xYIAxI2IhnxvLV4iB8_zQ.jpg,768,1024,146800235
201,"tacos on a wooden table, appetizing",landscape_4_3,851444218,019ffd78-9a40-7303-a7f2-09751ab5249d,https://v3b.fal.media/files/b/0aa63b9c/tx1V0qr8afJrimc-LR5oN.jpg,1024,768,851444218
202,"portrait of a middle-aged man in an office, casual clothing",portrait_4_3,195859819,019ffd78-9b32-70a0-abff-eab035a7597b,https://v3b.fal.media/files/b/0aa63b9c/01k_DfWC9eSaqQoVshWhf.jpg,768,1024,195859819
203,"a bowl of ramen on a cafe table, natural light",landscape_4_3,453826158,019ffd78-9bb9-75f0-b5ff-2cbdbc3e6ef5,https://v3b.fal.media/files/b/0aa63b9c/ueT56rOD9MYKoBNvF7u0Z.jpg,1024,768,453826158
206,a garage workshop with tools on a pegboard,portrait_4_3,969896241,019ffd78-9d68-7b61-ba45-96eae61b794b,https://v3b.fal.media/files/b/0aa63b9c/DzsYKRbfmepdV3FB99Lsi.jpg,768,1024,969896241
204,"portrait of a teenage boy in an office, casual clothing",landscape_4_3,726531990,019ffd78-9bea-7cf3-b54b-d5fc80eeab23,https://v3b.fal.media/files/b/0aa63b9c/-pE5snJuOV8kgL0UQvwru.jpg,1024,768,726531990
207,"group photo of friends in an office, natural poses",landscape_4_3,1107063302,019ffd78-a297-7ab0-9c8f-8a19b4ab59e5,https://v3b.fal.media/files/b/0aa63b9d/qhm0f5UgHSjwGb9cy8UV-.jpg,1024,768,1107063302
208,"a modern interior photo, cafe",landscape_4_3,1676770779,019ffd78-a393-7083-a31f-0fcc33c5a936,https://v3b.fal.media/files/b/0aa63b9d/zlQFwo4Xh0lpFP10_FYWm.jpg,1024,768,1676770779
209,candid photo of children at a playground,landscape_4_3,203826978,019ffd78-a4d0-7f72-811d-c1c5aaf984b7,https://v3b.fal.media/files/b/0aa63b9d/-LaqYzC2NgRb_7f6xyMWq.jpg,1024,768,203826978
205,"group photo of coworkers at a restaurant table, smartphone photo style",landscape_4_3,22008114,019ffd78-9cd2-7602-a8bb-b5e6aa61ac97,https://v3b.fal.media/files/b/0aa63b9d/LWqksPLObNT_eZuBO_HYF.jpg,1024,768,22008114
210,a dramatic desert vista at sunrise,landscape_4_3,724624639,019ffd78-a5ab-7bb1-88f3-7687efc74e22,https://v3b.fal.media/files/b/0aa63baf/fq6BGW6nrHxuLFQX7SNtX.jpg,1024,768,724624639
211,"portrait of a man in a suit in a sunlit cafe, casual clothing",landscape_4_3,352782961,019ffd78-a663-7262-98f9-559da9b46de1,https://v3b.fal.media/files/b/0aa63b9d/lQmxsAp7KgBC33JegO3Ma.jpg,1024,768,352782961
212,"attendees at a street parade, event photography",portrait_4_3,1434870261,019ffd78-a858-74f3-aeca-671cb32fbe54,https://v3b.fal.media/files/b/0aa63b9d/RxeAE2lBxp1DoxeXgUeIe.jpg,768,1024,1434870261
213,"group photo of classmates on a hiking trip, candid moment",landscape_4_3,805833623,019ffd78-aaf3-7c40-a4a6-8bbc74ca2601,https://v3b.fal.media/files/b/0aa63b9d/kM24vYoI6Az1y6fQUpkAF.jpg,1024,768,805833623
214,"group photo of classmates in an office, daylight",landscape_4_3,1315576701,019ffd78-ad43-7a42-881b-4efb8e01e937,https://v3b.fal.media/files/b/0aa63baf/8sRqtiiWAgrDOrsFAnxWS.jpg,1024,768,1315576701
215,"a quiet street scene in tokyo, cafes and awnings",landscape_4_3,696229187,019ffd78-ae84-7e13-b7e3-bee1d5fdd98a,https://v3b.fal.media/files/b/0aa63b9d/FZrmA4FfkVv8STWH0wg7J.jpg,1024,768,696229187
216,a man taking a group selfie at a theme park,portrait_4_3,2097066801,019ffd78-af81-73c1-bc3e-85b4bd47c75a,https://v3b.fal.media/files/b/0aa63b9d/ywChEgVnKbjLS1qMlGfme.jpg,768,1024,2097066801
217,"group photo of coworkers at a wedding, candid moment",portrait_4_3,74085728,019ffd78-afba-74e3-95d4-9165d51eddd5,https://v3b.fal.media/files/b/0aa63b9d/3pJgthcdj-qghxzIBO9w5.jpg,768,1024,74085728
219,candid photo of a baby at a playground,landscape_4_3,1238987076,019ffd78-b0f9-7d30-84de-e27a2ee75032,https://v3b.fal.media/files/b/0aa63baf/bfFBAsn8Kt9zYeVq-noaW.jpg,1024,768,1238987076
218,"sushi platter on a cafe table, natural light",landscape_4_3,1126274610,019ffd78-b0c9-7c21-b031-767a493d247b,https://v3b.fal.media/files/b/0aa63b9d/G-YmaIfNWv5s_y1E8bK3q.jpg,1024,768,1126274610
220,"portrait of a elderly woman in a studio with soft light, casual clothing",landscape_4_3,1198092466,019ffd78-b42c-7a13-900f-764e7f5a1719,https://v3b.fal.media/files/b/0aa63b9d/X0KwNfwmn2go0Oi-LEFhg.jpg,1024,768,1198092466
221,"a gourmet pizza on a restaurant table, close up",landscape_4_3,1773692677,019ffd78-b5b5-7662-b5c3-d75656e2b11d,https://v3b.fal.media/files/b/0aa63b9d/-OdG9UhsWGdfIRaOrOPHz.jpg,1024,768,1773692677
225,"guests at a food festival, event photography",portrait_4_3,895728796,019ffd78-ba72-7480-8411-27ee09f82bd4,https://v3b.fal.media/files/b/0aa63b9d/2x7BxUQ-EcWB0PQlNZoC2.jpg,768,1024,895728796
223,a dramatic mountain range at sunset,portrait_4_3,1002167509,019ffd78-b916-7be3-8167-cd2a8bdda0a0,https://v3b.fal.media/files/b/0aa63b9d/JJdwxk8WGFg70_ePVXqOz.jpg,768,1024,1002167509
224,"attendees at a wedding reception, event photography",landscape_4_3,390316873,019ffd78-ba13-77d2-bd90-3eacd5f872da,https://v3b.fal.media/files/b/0aa63b9d/iWsTMpU9XlkryFK-FecJ5.jpg,1024,768,390316873
222,"a quiet street scene in new york, candid pedestrians",landscape_4_3,1057676272,019ffd78-b82d-7311-a79d-4aee31720d3a,https://v3b.fal.media/files/b/0aa63b9d/9xpDJ2tUukdlCncAGrOs-.jpg,1024,768,1057676272
226,"group photo of a sports team at a restaurant table, everyone smiling",portrait_4_3,1328847127,019ffd78-bb87-78d1-b022-0b06b726c634,https://v3b.fal.media/files/b/0aa63b9d/tJnpl-zOvBL6tXvRwKacS.jpg,768,1024,1328847127
228,a resort lobby in bali,portrait_4_3,495287081,019ffd78-c365-7921-a12d-be935945c44b,https://v3b.fal.media/files/b/0aa63b9d/D-_zZDiuDvEVyIaLF0jFx.jpg,768,1024,495287081
229,a teenager taking a mirror selfie at a festival,landscape_4_3,1966812936,019ffd78-c4c0-70a2-a53f-d7208b82b2b2,https://v3b.fal.media/files/b/0aa63b9d/ZWU-0ZoLxjflpZ_HMSA4E.jpg,1024,768,1966812936
227,"portrait of a teenage boy in an urban street, warm tones",landscape_4_3,741828946,019ffd78-c027-73d2-8abf-6de5cdfc2f13,https://v3b.fal.media/files/b/0aa63b9d/egaV9nP5GzQ7_8srKSBYd.jpg,1024,768,741828946
232,candid photo of a baby with a puppy,landscape_4_3,453349064,019ffd78-c956-7620-ae4b-e28216c00e86,https://v3b.fal.media/files/b/0aa63b9e/_tEjC33oQ990VZF4PjLUw.jpg,1024,768,453349064
230,"a crowd at a sports game, event photography",portrait_4_3,973815113,019ffd78-c91c-7380-ac59-7307a90dc72a,https://v3b.fal.media/files/b/0aa63b9d/B7p6Bh4vuRkd5G4bBuFxX.jpg,768,1024,973815113
231,"a cozy interior photo, home office",landscape_4_3,1964203661,019ffd78-c91c-7d33-831f-a816934f0d4f,https://v3b.fal.media/files/b/0aa63b9e/pbzCci7bIbwCUu5wq1t0m.jpg,1024,768,1964203661
233,a brewery taproom in miami,portrait_4_3,180647539,019ffd78-c999-7543-9070-0d2372a2d7b5,https://v3b.fal.media/files/b/0aa63b9e/fA9IBpcAMxL_OalCGjYqI.jpg,768,1024,180647539
234,"portrait of a child in a sunlit cafe, soft bokeh background",portrait_4_3,604018157,019ffd78-ca98-7fb1-b418-0dc0237dea05,https://v3b.fal.media/files/b/0aa63b9e/e5KKTuekPFJ025wZYwTXw.jpg,768,1024,604018157
235,"portrait of a teenage boy in a sunlit cafe, golden hour",landscape_4_3,66917399,019ffd78-cec4-78a2-a356-a64e679818ad,https://v3b.fal.media/files/b/0aa63b9e/j1qjuha30BQBMguHudo2d.jpg,1024,768,66917399
236,a scenic mountain range at golden hour,portrait_4_3,82092559,019ffd78-cf9c-70f0-a0a0-30befe839272,https://v3b.fal.media/files/b/0aa63b9e/LkodgPf0lGsxsPEDHHZzd.jpg,768,1024,82092559
237,a scenic mountain range at sunrise,landscape_4_3,593527741,019ffd78-cfa4-7b11-991a-b36cbd53d267,https://v3b.fal.media/files/b/0aa63b9e/MX2De4FvvFyfrWg71LNPZ.jpg,1024,768,593527741
238,"a crowd at a wedding reception, event photography",portrait_4_3,437470849,019ffd78-d440-77d0-be0b-d9edb1cfbd95,https://v3b.fal.media/files/b/0aa63b9e/tyk2cbdd__G6mDJGTW-ca.jpg,768,1024,437470849
239,a woman taking a selfie at a city street at night,portrait_4_3,1182636304,019ffd78-d529-7742-966c-798364deab10,https://v3b.fal.media/files/b/0aa63b9e/vz7x7ka_3zrEEvsT__Iv4.jpg,768,1024,1182636304
240,"group photo of friends in an office, daylight",landscape_4_3,1156752955,019ffd78-d529-78e0-bed8-2e2861f04b35,https://v3b.fal.media/files/b/0aa63bb0/JXUz-OjNhOeJ9FAr8W0Jb.jpg,1024,768,1156752955
241,"group photo of coworkers on a hiking trip, smartphone photo style",landscape_4_3,891662937,019ffd78-d58f-7ef3-ad0c-e3f27646e4fa,https://v3b.fal.media/files/b/0aa63b9e/Spx7RJ1OOzy9_kzZznMrt.jpg,1024,768,891662937
242,candid photo of a toddler at a playground,landscape_4_3,196452425,019ffd78-d61c-7723-b95d-758e01c9f934,https://v3b.fal.media/files/b/0aa63b9e/pOgNxwNHX8jYHNJOJ2547.jpg,1024,768,196452425
243,"portrait of a smiling woman in a home living room, looking at camera",landscape_4_3,2023345343,019ffd78-da3c-7133-9f15-acb0f3dccf3e,https://v3b.fal.media/files/b/0aa63b9e/RkBEPeK3QpWBlRzWDntgo.jpg,1024,768,2023345343
244,a scenic waterfall at golden hour,landscape_4_3,1191294157,019ffd78-dae7-7332-8c70-6233cff28d6b,https://v3b.fal.media/files/b/0aa63b9e/3pKrsZrApu6bB9YyAO7Fh.jpg,1024,768,1191294157
245,a teenager taking a group selfie at the gym,portrait_4_3,706047076,019ffd78-daec-7bc2-9d48-95ca186e46e4,https://v3b.fal.media/files/b/0aa63b9e/LKYA5TzWd8PvZ8Tbv5GOW.jpg,768,1024,706047076
246,"group photo of classmates at a birthday party, daylight",landscape_4_3,1962144837,019ffd78-df46-7153-91fb-050d94485785,https://v3b.fal.media/files/b/0aa63b9e/EE2bEiowZJ1LZcrqcTCJS.jpg,1024,768,1962144837
248,"a sunny street scene in a mexican town, morning light",portrait_4_3,73395950,019ffd78-e098-7a20-85fc-3b5bee7d65bb,https://v3b.fal.media/files/b/0aa63b9e/fkdCXKcOzHPHTMmQSC7SZ.jpg,768,1024,73395950
249,a dramatic waterfall at golden hour,portrait_4_3,1917954743,019ffd78-e132-7690-ab18-a403f6be2b05,https://v3b.fal.media/files/b/0aa63b9e/mpB7Axbrw1I-U7oBhBJ9L.jpg,768,1024,1917954743
247,a scenic forest trail at sunset,landscape_4_3,6330385,019ffd78-e0af-7f70-ac35-6ae7308334be,https://v3b.fal.media/files/b/0aa63b9e/hBNh1gw8EcmObjxnLEXXP.jpg,1024,768,6330385
251,a boutique shop in miami,landscape_4_3,1709282185,019ffd78-e5d5-71a0-a852-39098c5aa6cf,https://v3b.fal.media/files/b/0aa63b9e/lJSzfswcwSWZBw2RGnqXU.jpg,1024,768,1709282185
250,"a gourmet pizza on a wooden table, overhead shot",landscape_4_3,436647252,019ffd78-e141-7503-b0c0-2a45972d016e,https://v3b.fal.media/files/b/0aa63b9e/qo6SXxx7-dkweb9qqvray.jpg,1024,768,436647252
252,"portrait of a elderly woman in a home living room, outdoor light",landscape_4_3,1725672489,019ffd78-e6af-7c13-9ac3-7e12800ff729,https://v3b.fal.media/files/b/0aa63bb1/CdVPJaBzeyuzuPhyUNL6V.jpg,1024,768,1725672489
253,a teenager taking a group selfie at a beach,landscape_4_3,412486135,019ffd78-e798-7c93-a5e7-a306f56e3ef7,https://v3b.fal.media/files/b/0aa63b9e/tbb9LmAlY4dyXaM733HR_.jpg,1024,768,412486135
254,a man taking a selfie at the gym,portrait_4_3,339110016,019ffd78-ea72-7763-8a82-4592a964d1ea,https://v3b.fal.media/files/b/0aa63b9e/fQK2VOVd7INlHGtYKKT2D.jpg,768,1024,339110016
255,"a brunch spread on a wooden table, close up",landscape_4_3,1041840984,019ffd78-eba3-7020-8ca8-f5bba9775181,https://v3b.fal.media/files/b/0aa63b9e/bJpq3xuGq9AykKIbHft3d.jpg,1024,768,1041840984
256,"portrait of a young couple in a sunlit cafe, window light",portrait_4_3,961772385,019ffd78-ec1f-7811-b7c0-40b2d21ca6ff,https://v3b.fal.media/files/b/0aa63b9e/XE2d_3lN-R8KhBGFK7h4l.jpg,768,1024,961772385
257,"a rainy street scene in tokyo, candid pedestrians",landscape_4_3,351737049,019ffd78-ecb9-71d2-9713-88c01b50b836,https://v3b.fal.media/files/b/0aa63b9e/nUdC_xa7qUh-WjApFcPig.jpg,1024,768,351737049
259,"group photo of a family at a wedding, smartphone photo style",landscape_4_3,565035170,019ffd78-f0af-7901-9346-022e21f4656f,https://v3b.fal.media/files/b/0aa63b9f/swytf6PimcjG9C-4Rcfty.jpg,1024,768,565035170
258,"pancakes with syrup on a wooden table, overhead shot",portrait_4_3,747895435,019ffd78-f05d-7022-bec7-6849b04103f5,https://v3b.fal.media/files/b/0aa63b9f/JV1vXOXwbmqKRF4tXn7TP.jpg,768,1024,747895435
260,candid photo of kids at a playground,portrait_4_3,1711137375,019ffd78-f184-7110-b737-7bb62b7eb602,https://v3b.fal.media/files/b/0aa63b9f/1ALfjdEv1x9bkGyCl5ofZ.jpg,768,1024,1711137375
261,a scenic lake shore at sunset,landscape_4_3,1728894985,019ffd78-f2f8-7212-a2ee-6f0e453d918b,https://v3b.fal.media/files/b/0aa63b9f/3BuiVPGPONhy2Fa2jME3y.jpg,1024,768,1728894985
262,"pancakes with syrup on a wooden table, close up",portrait_4_3,951195696,019ffd78-f56f-7091-9d76-775c073f85cf,https://v3b.fal.media/files/b/0aa63b9f/_wA9DWW2a1fTyDhyRXavB.jpg,768,1024,951195696
263,"sushi platter on a cafe table, close up",portrait_4_3,1649117916,019ffd78-f61e-7981-b88b-5720b9f0eeff,https://v3b.fal.media/files/b/0aa63b9f/gJjfsjKcDgIkzzDNwZ8IV.jpg,768,1024,1649117916
264,a woman taking a group selfie at a beach,landscape_4_3,385516320,019ffd78-f6d1-7161-a7cf-6cf3e5495468,https://v3b.fal.media/files/b/0aa63b9f/14ZtiXI0Erqw5FT1avxV6.jpg,1024,768,385516320
267,"portrait of a elderly woman in a city sidewalk, warm tones",portrait_4_3,1768959761,019ffd78-fb39-7163-af9b-8ba5b7630307,https://v3b.fal.media/files/b/0aa63b9f/OdwRYB5jvMdk5cbLhIRz3.jpg,768,1024,1768959761
266,"a busy street scene in a mexican town, morning light",portrait_4_3,408529600,019ffd78-fb09-7e73-b883-2539510e4ee4,https://v3b.fal.media/files/b/0aa63bb1/JhhfvLSfJQHLLkjG_fVBu.jpg,768,1024,408529600
268,a teenager taking a group selfie at a city street at night,landscape_4_3,1805000936,019ffd78-fdca-71a1-ae95-db2b4f4d5fb8,https://v3b.fal.media/files/b/0aa63b9f/jnVe7mmMjszacrhCqsOY8.jpg,1024,768,1805000936
265,"a poke bowl on a wooden table, close up",landscape_4_3,45343228,019ffd78-fad3-7bf1-b819-07a942fc4663,https://v3b.fal.media/files/b/0aa63b9f/WyQz3jjWF42D-gyJLp3gI.jpg,1024,768,45343228
269,candid photo of children eating ice cream,portrait_4_3,119114760,019ffd78-ffc5-72d2-814d-e36154112103,https://v3b.fal.media/files/b/0aa63b9f/nym9FDE_nTZeEqsLP0JuG.jpg,768,1024,119114760
270,a couple taking a group selfie at a concert,portrait_4_3,431832914,019ffd79-0011-70c2-b897-ebe18fa17d46,https://v3b.fal.media/files/b/0aa63b9f/W33nVfQ0QoY5H61MbZ6f9.jpg,768,1024,431832914
271,a misty lake shore at golden hour,landscape_4_3,186129225,019ffd79-00ea-78b1-a484-6c867a50baea,https://v3b.fal.media/files/b/0aa63bb1/LK8qI2sPU7GRjUCgvOjrj.jpg,1024,768,186129225
272,"a bowl of ramen on a restaurant table, close up",portrait_4_3,1595733884,019ffd79-0134-7662-a113-80d4fc4b6632,https://v3b.fal.media/files/b/0aa63b9f/cxpnXXb8NYqGUbHux-Tmy.jpg,768,1024,1595733884
273,a brewery taproom in amsterdam,landscape_4_3,1764671387,019ffd79-05e7-7e20-aaf7-c65c09af9668,https://v3b.fal.media/files/b/0aa63b9f/VLNbR6iXMg0Kuzqfj-eyB.jpg,1024,768,1764671387
274,"a christmas tree in a living room corner, warm lights",portrait_4_3,1877092556,019ffd79-05fb-7f62-9d37-b667d9f54365,https://v3b.fal.media/files/b/0aa63b9f/Yv6HjJCVhrz63BiHTuB5W.jpg,768,1024,1877092556
275,"a busy street scene in paris, evening lights",portrait_4_3,437048204,019ffd79-0930-7ea1-a176-85ee6b9cbf14,https://v3b.fal.media/files/b/0aa63b9f/_jdR3z5oZpxF_DgbfFkED.jpg,768,1024,437048204
276,"a quiet street scene in new york, cafes and awnings",landscape_4_3,1394181070,019ffd79-09ff-74d1-95f6-912a1770ff52,https://v3b.fal.media/files/b/0aa63b9f/2nag6aIiP8z6Lt4iE6etL.jpg,1024,768,1394181070
280,"a burger and fries on a restaurant table, natural light",landscape_4_3,824092348,019ffd79-0bdb-7c22-b711-708aab37e996,https://v3b.fal.media/files/b/0aa63b9f/7bU1Q6NrNmSH4GxKApLAX.jpg,1024,768,824092348
277,a dramatic lake shore at sunset,portrait_4_3,1494893393,019ffd79-0a62-7952-ad04-5bb8d60f4651,https://v3b.fal.media/files/b/0aa63b9f/sRdYBe5BWLyX5ijYlW6se.jpg,768,1024,1494893393
279,a couple taking a selfie at a concert,portrait_4_3,869929689,019ffd79-0ba2-73f0-9bc6-ba9d485541b3,https://v3b.fal.media/files/b/0aa63b9f/Pvz3un721c6KDpUv73jHx.jpg,768,1024,869929689
278,"portrait of a smiling woman in a park, looking at camera",portrait_4_3,430869836,019ffd79-0ad9-73e2-95e9-4791657ddad1,https://v3b.fal.media/files/b/0aa63b9f/Aj-Ya59pNqf4ij2mnbQBO.jpg,768,1024,430869836
281,"portrait of a elderly woman in an urban street, warm tones",portrait_4_3,208569595,019ffd79-10bb-7b30-98f8-ac252ae5ddb5,https://v3b.fal.media/files/b/0aa63b9f/EbhJBcqe5XN3qHuOQVvPw.jpg,768,1024,208569595
282,"portrait of a man in a suit in an urban street, soft bokeh background",portrait_4_3,1970905717,019ffd79-11cf-7fc1-88b3-e70a93a60890,https://v3b.fal.media/files/b/0aa63b9f/NIb1TEs4YTqljAEUgtHJ-.jpg,768,1024,1970905717
283,a man taking a mirror selfie at a concert,portrait_4_3,1448802655,019ffd79-140a-70b1-9fcc-61d606494240,https://v3b.fal.media/files/b/0aa63b9f/UwFzkA6vLEG64bK135HpD.jpg,768,1024,1448802655
284,"portrait of a middle-aged man in an office, candid look",landscape_4_3,1448219921,019ffd79-15b7-7da2-b1d2-c5734181fbbf,https://v3b.fal.media/files/b/0aa63b9f/O0SXRk4-FqsYpQnNWtdHu.jpg,1024,768,1448219921
286,"a quiet street scene in a european old town, cafes and awnings",landscape_4_3,1814338782,019ffd79-1682-7380-8c05-db6874161178,https://v3b.fal.media/files/b/0aa63b9f/ubpXUjVDy3g0Y4t_ehGT1.jpg,1024,768,1814338782
287,"a steak dinner on a marble counter, natural light",landscape_4_3,1826768147,019ffd79-1683-7a03-becd-976d04f67bbc,https://v3b.fal.media/files/b/0aa63b9f/A6_Ti-599iKVrFDC8auEs.jpg,1024,768,1826768147
288,"group photo of classmates on vacation, daylight",landscape_4_3,1337159706,019ffd79-16ca-7170-810c-782a2e083def,https://v3b.fal.media/files/b/0aa63b9f/ly2DhsK89Qj9ZXvpV02Xo.jpg,1024,768,1337159706
285,a tropical beach with turquoise water and palm trees,landscape_4_3,1378926903,019ffd79-1657-7b70-b1e3-461e13bbf5e1,https://v3b.fal.media/files/b/0aa63ba0/iQyIpZCAHIv5UabCHeQtP.jpg,1024,768,1378926903
289,"a bright interior photo, kitchen",landscape_4_3,267742798,019ffd79-1b7a-7c11-b907-0af4f4811b42,https://v3b.fal.media/files/b/0aa63ba0/nxDQ_SWktsj11FVZwWTAy.jpg,1024,768,267742798
290,a museum hall in bali,portrait_4_3,1082300607,019ffd79-1cb9-7a52-af70-ca4682c285d7,https://v3b.fal.media/files/b/0aa63ba0/tx9TfVp9AgqfJmb6uXLFS.jpg,768,1024,1082300607
291,"a steak dinner on a restaurant table, natural light",landscape_4_3,1114844725,019ffd79-1ee7-7cf0-bece-d6c388166343,https://v3b.fal.media/files/b/0aa63bb2/mzF8CftSReBBoAQCY3kba.jpg,1024,768,1114844725
292,a museum hall in amsterdam,landscape_4_3,1371310763,019ffd79-202a-71f0-83b5-2bdc228d6a9d,https://v3b.fal.media/files/b/0aa63ba0/gN0Qlcq4J8lAuhiDiNXZZ.jpg,1024,768,1371310763
293,"group photo of a sports team on vacation, natural poses",landscape_4_3,1978478874,019ffd79-2116-7262-b723-90e28dce5ffa,https://v3b.fal.media/files/b/0aa63ba0/q65L6tbQBlVsuH780QcHF.jpg,1024,768,1978478874
294,"sushi platter on a restaurant table, close up",portrait_4_3,692012975,019ffd79-217a-7791-9b2a-8fbbd3e4084c,https://v3b.fal.media/files/b/0aa63ba0/gY9uhzcV3Xa2Hps0cKxGG.jpg,768,1024,692012975
295,a scenic desert vista at midday,landscape_4_3,1380903375,019ffd79-21e0-7773-b852-0644f13ed827,https://v3b.fal.media/files/b/0aa63ba0/pShB3fYpljJbo-7L_UB7K.jpg,1024,768,1380903375
296,"a crowd at a conference, event photography",landscape_4_3,684815225,019ffd79-2575-70f1-9688-20fee329d6e3,https://v3b.fal.media/files/b/0aa63ba0/hyfv7-JfcpgAUoXxFg9LV.jpg,1024,768,684815225
297,"a rainy street scene in new york, morning light",portrait_4_3,371244569,019ffd79-2644-7812-8ed1-a65d701a167f,https://v3b.fal.media/files/b/0aa63bb2/dJzGuYtoCfXvFNboo7qY-.jpg,768,1024,371244569
298,"a busy street scene in barcelona, evening lights",landscape_4_3,1467035624,019ffd79-2918-7243-a220-5a621fe20ae7,https://v3b.fal.media/files/b/0aa63ba0/qVIZciLEdJMIsL3mL16VY.jpg,1024,768,1467035624
299,"a bright interior photo, bedroom",landscape_4_3,377013629,019ffd79-2a11-79a3-a196-f9cff5b8bb0f,https://v3b.fal.media/files/b/0aa63ba0/VjC4-OTfUSsY-rsJnNEjg.jpg,1024,768,377013629
300,"portrait of a woman in her 30s in a home living room, natural light",portrait_4_3,749027194,019ffd79-2a8d-7b83-8a12-5ae266d7e2b8,https://v3b.fal.media/files/b/0aa63ba0/0ovESOaNw6cP-L2B2xulx.jpg,768,1024,749027194
302,candid photo of a toddler with a puppy,landscape_4_3,1376320545,019ffd8a-5225-7d81-92db-79a9c5447bbe,https://v3b.fal.media/files/b/0aa63c10/cD8BBfL0BGCnnJrlPxZ7w.jpg,1024,768,1376320545
308,"a sunny street scene in paris, candid pedestrians",landscape_4_3,1087020144,019ffd8a-522c-7542-b0a6-78feee1f7500,https://v3b.fal.media/files/b/0aa63c10/CaO9ZJExBsEIST7XhJ39n.jpg,1024,768,1087020144
301,"a handcrafted armchair for sale, natural light",portrait_4_3,170823334,019ffd8a-521a-7e41-bd4e-50c6786d42e7,https://v3b.fal.media/files/b/0aa63c23/zujQDTVtlrsWt26_dETXR.jpg,768,1024,170823334
306,"a rustic interior photo, hotel room",landscape_4_3,1739321906,019ffd8a-521a-7e70-960a-73a0e93190d3,https://v3b.fal.media/files/b/0aa63c10/Yr784MbTwS71AteMC1_lF.jpg,1024,768,1739321906
307,"a rainy street scene in barcelona, daytime",portrait_4_3,732442441,019ffd8a-522d-7f91-82d5-e4b9c68fc642,https://v3b.fal.media/files/b/0aa63c10/r-bm7dHNM2UWGp0zxZMlH.jpg,768,1024,732442441
305,"portrait of a man with a beard in a sunlit cafe, warm tones",landscape_4_3,1495774175,019ffd8a-5226-7773-bd87-31992d035529,https://v3b.fal.media/files/b/0aa63c10/XX73D4_AY2DbaSAugsM2q.jpg,1024,768,1495774175
303,"group photo of a family at a barbecue, everyone smiling",portrait_4_3,1743915657,019ffd8a-521b-7391-a227-dc8fbb52129a,https://v3b.fal.media/files/b/0aa63c10/sKCngFDy0f_p8AjN-t1bg.jpg,768,1024,1743915657
304,"a sunny street scene in chicago, shop fronts",landscape_4_3,906692362,019ffd8a-522c-7c80-a618-65fbd66f4fa9,https://v3b.fal.media/files/b/0aa63c10/jtxN5vF1JZzSyWgsa63DG.jpg,1024,768,906692362
309,"a vintage plant stand for sale, natural light",landscape_4_3,1193245216,019ffd8a-5ef7-7ec1-9b16-b1a289444680,https://v3b.fal.media/files/b/0aa63c11/0nILPmGJEKhroT64fUqMO.jpg,1024,768,1193245216
312,"product photo of a skincare set on a neutral gray background, studio lighting",portrait_4_3,1013907453,019ffd8a-5fb1-7ab0-af19-d4b2a7ee59d6,https://v3b.fal.media/files/b/0aa63c11/BdiR2_xXpHjvvMXEBqm3i.jpg,768,1024,1013907453
313,"a handcrafted desk lamp for sale, home setting",portrait_4_3,650431579,019ffd8a-5f58-7861-b150-dfe0eaf69f5f,https://v3b.fal.media/files/b/0aa63c11/OnBm-TvdgbvK9kQvkeY_C.jpg,768,1024,650431579
311,a couple taking a selfie at the gym,portrait_4_3,981348974,019ffd8a-5f53-72c2-becf-6ddbf7cbdf0d,https://v3b.fal.media/files/b/0aa63c11/1n1njUcptrL8XI8dhMzgr.jpg,768,1024,981348974
314,"product photo of sneakers on a clean white background, e-commerce style",landscape_4_3,845959950,019ffd8a-5faa-7d33-8c6e-f8eeaabb8dcd,https://v3b.fal.media/files/b/0aa63c11/PJTZ8VHs5BQSrCwl2SNck.jpg,1024,768,845959950
315,candid photo of kids eating ice cream,portrait_4_3,1692198662,019ffd8a-5fab-7962-a058-2d8abd7091dd,https://v3b.fal.media/files/b/0aa63c11/16iNPs7yx2e6jfQQg6yYD.jpg,768,1024,1692198662
310,a man taking a group selfie at a theme park,landscape_4_3,1504325144,019ffd8a-5f58-7be1-b639-a2321cccef2a,https://v3b.fal.media/files/b/0aa63c11/-z8A0ZHfywJF_DiwehAQH.jpg,1024,768,1504325144
316,"product photo of a mechanical keyboard on a stone surface, high detail",portrait_4_3,441031517,019ffd8a-5faa-75f0-97a7-94d0c1af4f4e,https://v3b.fal.media/files/b/0aa63c11/OUXXFuEu7fjLsIqmlmDPI.jpg,768,1024,441031517
317,a brewery taproom in amsterdam,landscape_4_3,1065887678,019ffd8a-6b9d-7731-8b38-9dad118e0321,https://v3b.fal.media/files/b/0aa63c24/2nAnIAXyaY_UB-WE98TAp.jpg,1024,768,1065887678
321,"a burger and fries on a cafe table, close up",landscape_4_3,143521858,019ffd8a-6bf5-7f10-aca8-e305f48373e1,https://v3b.fal.media/files/b/0aa63c11/J3KitXpIrJZfvBtIkORl_.jpg,1024,768,143521858
320,"a bright interior photo, kitchen",landscape_4_3,781101960,019ffd8a-6c0d-7813-be0a-dc19d3e2f540,https://v3b.fal.media/files/b/0aa63c11/UlsmX5-dgAzMwCjAQKemw.jpg,1024,768,781101960
322,"group photo of a sports team on a hiking trip, candid moment",landscape_4_3,2029387386,019ffd8a-6c01-7732-9bd2-b327cfd12592,https://v3b.fal.media/files/b/0aa63c11/Msc47SpFU2H7cpr1j-N5q.jpg,1024,768,2029387386
318,"a classroom with students at desks, candid",landscape_4_3,1666550417,019ffd8a-6ba3-7dd0-a6a8-b19a4ca70d8a,https://v3b.fal.media/files/b/0aa63c11/rHYFN_MgIOpuo89VCESEF.jpg,1024,768,1666550417
319,photo of a tabby cat in a backyard,landscape_4_3,106275129,019ffd8a-6ba3-72d3-8604-cc843b1e6b5b,https://v3b.fal.media/files/b/0aa63c11/woU0hqbe-dJPat8S3yXak.jpg,1024,768,106275129
324,"a quiet street scene in a european old town, evening lights",landscape_4_3,223405194,019ffd8a-6c60-72e1-b3de-7574e4d6b953,https://v3b.fal.media/files/b/0aa63c24/KApmmhbJ21M9aKAL8rGaL.jpg,1024,768,223405194
323,"group photo of friends at a birthday party, candid moment",landscape_4_3,1225513210,019ffd8a-6c52-7c52-aa7d-17fb542cd8bd,https://v3b.fal.media/files/b/0aa63c11/0nAh6UTmnRHXenPGiF9xo.jpg,1024,768,1225513210
325,"portrait of a elderly woman in a park, outdoor light",landscape_4_3,823846770,019ffd8a-7841-70e0-b13e-e2db5575e89c,https://v3b.fal.media/files/b/0aa63c11/9uWxR5pj1ON4zgRJqHIRH.jpg,1024,768,823846770
326,"sushi platter on a restaurant table, close up",landscape_4_3,166247545,019ffd8a-7859-7900-bf6a-f1e2f4a64ce9,https://v3b.fal.media/files/b/0aa63c11/qfallxczM5i8pDwBs5Eu2.jpg,1024,768,166247545
328,a scenic lake shore at golden hour,portrait_4_3,1616012528,019ffd8a-78b4-77d2-82f5-5ebca4b6aad0,https://v3b.fal.media/files/b/0aa63c11/bMxWU_6ToTfUCXEVEGi3C.jpg,768,1024,1616012528
327,"a cozy interior photo, living room",landscape_4_3,1275740704,019ffd8a-789b-7701-95f2-8bcda2075101,https://v3b.fal.media/files/b/0aa63c11/PTI6tMGcl8ZKzLwdFcZHD.jpg,1024,768,1275740704
329,"guests at a sports game, event photography",landscape_4_3,1389282042,019ffd8a-78b4-7700-a7b5-2e3d777ec17d,https://v3b.fal.media/files/b/0aa63c11/ZnLkOKzGP-SDPZC5giiUI.jpg,1024,768,1389282042
331,"pancakes with syrup on a wooden table, overhead shot",landscape_4_3,1016895227,019ffd8a-78bc-7480-bdd8-090edf31e0b0,https://v3b.fal.media/files/b/0aa63c12/5oi7M-uR5AaTBELLBN4RM.jpg,1024,768,1016895227
330,a hotel pool in austin,portrait_4_3,242489454,019ffd8a-78bb-7452-b413-630e589d29b7,https://v3b.fal.media/files/b/0aa63c11/e7L45dQo3I-EXbs0nyvJO.jpg,768,1024,242489454
332,"a cozy interior photo, kitchen",landscape_4_3,1928061824,019ffd8a-7946-7f92-8c07-9787e62cf651,https://v3b.fal.media/files/b/0aa63c12/TjWBHVzd0pJZLMYxM-ps_.jpg,1024,768,1928061824
333,a brewery taproom in miami,portrait_4_3,1904142343,019ffd8a-84e9-7e33-82c3-5330d9e91c5d,https://v3b.fal.media/files/b/0aa63c12/mKcbk0Y8QEkPVCi4jcZuw.jpg,768,1024,1904142343
334,colorful cupcakes photography,landscape_4_3,1337522821,019ffd8a-8586-74f2-9bee-5f647c55cfc0,https://v3b.fal.media/files/b/0aa63c12/OUQ1Fkxtof84-xohnwjIc.jpg,1024,768,1337522821
336,"product photo of a backpack on a clean white background, studio lighting",landscape_4_3,1762190997,019ffd8a-8694-7551-982b-2779cc39a186,https://v3b.fal.media/files/b/0aa63c12/RVCQsjrYAMVn4t1Z-no_W.jpg,1024,768,1762190997
337,"a burger and fries on a restaurant table, appetizing",portrait_4_3,786698299,019ffd8a-870a-74d0-88c9-b53e32bddc64,https://v3b.fal.media/files/b/0aa63c12/C2dMWk3c9i5Nx4nrJYk1c.jpg,768,1024,786698299
335,a hotel pool in bali,landscape_4_3,1181357253,019ffd8a-85e6-7aa0-89f5-5c48c3c95b89,https://v3b.fal.media/files/b/0aa63c24/AGCmABDHe2Pkgt-sDYCcj.jpg,1024,768,1181357253
338,"portrait of a man with a beard in a park, window light",landscape_4_3,1277140196,019ffd8a-89a3-7231-8f7b-97641657ae00,https://v3b.fal.media/files/b/0aa63c12/wDGB4tVIgmV8OnH5Vwc0X.jpg,1024,768,1277140196
339,artisanal bread photography,landscape_4_3,561178772,019ffd8a-8a55-73e0-beec-877fcb18083a,https://v3b.fal.media/files/b/0aa63c12/pv2ZNyP9fbfww06rClaer.jpg,1024,768,561178772
340,candid photo of a baby eating ice cream,landscape_4_3,574806021,019ffd8a-8ab1-7f90-b19e-82d89504e23d,https://v3b.fal.media/files/b/0aa63c12/idyzTUCK4tsfQu497sEgh.jpg,1024,768,574806021
341,"product photo of sunglasses on a stone surface, high detail",portrait_4_3,1445460029,019ffd8a-913f-79a3-8e56-ec4fe015083b,https://v3b.fal.media/files/b/0aa63c12/vkcdnQWCKDkhQqv9k2rm-.jpg,768,1024,1445460029
343,candid photo of a baby at a playground,portrait_4_3,1763459412,019ffd8a-933a-7d03-a0d5-44d97b198dc4,https://v3b.fal.media/files/b/0aa63c12/CuNU7Edg0W0YMZ5ubj2XJ.jpg,768,1024,1763459412
344,"portrait of a woman in her 30s in a sunlit cafe, warm tones",portrait_4_3,1816952568,019ffd8a-93d8-7333-8add-7e581b65d4f2,https://v3b.fal.media/files/b/0aa63c25/erMXUw1K2e3gf-Dzo2rAK.jpg,768,1024,1816952568
342,a museum hall in miami,portrait_4_3,97385172,019ffd8a-92e3-77a0-8f65-43812670080d,https://v3b.fal.media/files/b/0aa63c12/-p78xPlxoKlheurLYpZ3M.jpg,768,1024,97385172
345,freshly baked cupcakes photography,landscape_4_3,1876583710,019ffd8a-942d-7f53-b503-d7b5ea73b3b9,https://v3b.fal.media/files/b/0aa63c12/U_l3iBoqw2jHeziqGacKP.jpg,1024,768,1876583710
346,"people at a sports game, event photography",landscape_4_3,2017621277,019ffd8a-969e-7543-89ca-91b25ec53d54,https://v3b.fal.media/files/b/0aa63c25/xZSBp9HUMY8WEpVjJd-wK.jpg,1024,768,2017621277
347,"product photo of a candle on a neutral gray background, soft shadows",portrait_4_3,1296596449,019ffd8a-9764-73d1-a481-8dd7e2962354,https://v3b.fal.media/files/b/0aa63c12/LnvUwHpy6ccIVTs6ERYkf.jpg,768,1024,1296596449
348,"group photo of friends at a restaurant table, candid moment",landscape_4_3,93761483,019ffd8a-9770-7361-bdd1-918ee7d8f343,https://v3b.fal.media/files/b/0aa63c12/IYZD-n-cyvFmKHS55LQRI.jpg,1024,768,93761483
349,"product photo of a backpack on a clean white background, soft shadows",landscape_4_3,1149107404,019ffd8a-9ecf-77d0-a8ec-e2b119450ea6,https://v3b.fal.media/files/b/0aa63c12/G5SOWScmq1EO_bJ2Iz_7b.jpg,1024,768,1149107404
351,"guests at a graduation ceremony, event photography",landscape_4_3,2096646510,019ffd8a-a0e3-7960-bad4-b359c4da9cad,https://v3b.fal.media/files/b/0aa63c12/CNWo8nmDT0tLQM-nkT__W.jpg,1024,768,2096646510
350,"a salad bowl on a wooden table, overhead shot",portrait_4_3,66537878,019ffd8a-a01f-7f92-b65e-1e7495a40a66,https://v3b.fal.media/files/b/0aa63c12/lsYAoXFdbqyB9DsBci4-E.jpg,768,1024,66537878
352,colorful donuts photography,landscape_4_3,1680285857,019ffd8a-a138-7120-b869-f62dd8e33b84,https://v3b.fal.media/files/b/0aa63c12/Ic6zI3hv7z-UzxpXTKNGS.jpg,1024,768,1680285857
353,a resort lobby in santorini,landscape_4_3,1621210377,019ffd8a-a28b-71a1-8bad-b3236c1b468d,https://v3b.fal.media/files/b/0aa63c12/2I4kM5q8nKs2sbbkSzgHR.jpg,1024,768,1621210377
355,"a bright interior photo, bedroom",landscape_4_3,964881695,019ffd8a-a43a-7c00-83f4-5a6a5e109728,https://v3b.fal.media/files/b/0aa63c13/dpARVLooL02e3ethL_r9J.jpg,1024,768,964881695
356,colorful coffee with latte art photography,landscape_4_3,1311047009,019ffd8a-a4fa-7320-acf3-5394d2555181,https://v3b.fal.media/files/b/0aa63c25/2H9CYd5TpuGsEpTAKRYQC.jpg,1024,768,1311047009
354,"group photo of friends on a hiking trip, candid moment",portrait_4_3,418844081,019ffd8a-a34c-7801-ae6b-6e31a515f6bb,https://v3b.fal.media/files/b/0aa63c13/hZJu8GaJYRcoY2-Fx541O.jpg,768,1024,418844081
357,"a bright interior photo, cafe",landscape_4_3,287101374,019ffd8a-ab1f-76f3-a658-3da8d0425748,https://v3b.fal.media/files/b/0aa63c13/ZRm1tKFdLtqjMU_pAskCz.jpg,1024,768,287101374
358,"a handcrafted wall art print for sale, natural light",landscape_4_3,1395876495,019ffd8a-acca-71e0-931a-774cfe0f5f51,https://v3b.fal.media/files/b/0aa63c13/yXcLZW8CHMl7T_ILyqjbL.jpg,1024,768,1395876495
360,candid photo of kids playing in a yard,portrait_4_3,1985442712,019ffd8a-adcf-7be0-b678-73402eb03509,https://v3b.fal.media/files/b/0aa63c13/rXigR79ZhctLul7N3t-Cg.jpg,768,1024,1985442712
359,"a brunch spread on a wooden table, close up",portrait_4_3,552637419,019ffd8a-acd1-7613-9339-1fef55d132db,https://v3b.fal.media/files/b/0aa63c13/q_AP9fGMlLACg5ngPe3dZ.jpg,768,1024,552637419
361,"a rainy street scene in lisbon, morning light",portrait_4_3,769333818,019ffd8a-aed8-7723-8b65-951534fa5698,https://v3b.fal.media/files/b/0aa63c25/8J2WwQr8Thd2ReTohQlt2.jpg,768,1024,769333818
362,"product photo of a leather handbag on a pastel background, soft shadows",landscape_4_3,1694234574,019ffd8a-b0e8-7db2-a567-da6c7a30211e,https://v3b.fal.media/files/b/0aa63c13/ntuJ_yubdAZYtIXdxiV7C.jpg,1024,768,1694234574
363,a grocery store aisle with products on shelves,portrait_4_3,1524897332,019ffd8a-b198-7c52-bbaa-7697a405cd0d,https://v3b.fal.media/files/b/0aa63c13/SfZlYnUA_-KEs8cOvdu2o.jpg,768,1024,1524897332
364,photo of a french bulldog in a backyard,portrait_4_3,198056166,019ffd8a-b50f-7ad3-a715-274b1549e401,https://v3b.fal.media/files/b/0aa63c13/MpRiM_E8sXeqM5kSxF5yV.jpg,768,1024,198056166
365,"a modern record player for sale, marketplace listing photo",portrait_4_3,649477436,019ffd8a-b709-7e92-b8c1-3ccc3c0fc1ee,https://v3b.fal.media/files/b/0aa63c13/4OdV7_9zSTU1YFpeKmoha.jpg,768,1024,649477436
366,a teenager taking a selfie at a festival,portrait_4_3,1320173774,019ffd8a-b8b6-7850-9303-51893cd9feeb,https://v3b.fal.media/files/b/0aa63c13/xXYKMmEliMrVfKxlyXC7M.jpg,768,1024,1320173774
367,a spa in miami,portrait_4_3,858836788,019ffd8a-ba2d-7a53-88e5-ce1c2afbbc19,https://v3b.fal.media/files/b/0aa63c13/ZhQ1eksUw6edxwrq6nJm4.jpg,768,1024,858836788
368,artisanal pastry photography,landscape_4_3,1897009021,019ffd8a-babd-7171-addb-d91f16656ec5,https://v3b.fal.media/files/b/0aa63c13/sTWGGDpdZgGvKQfz7Q7bI.jpg,1024,768,1897009021
369,a scenic coastal cliff at midday,landscape_4_3,786244816,019ffd8a-bb83-78c2-af7b-5ea3462bf6d7,https://v3b.fal.media/files/b/0aa63c26/nzkriRkL1LSfW54UA4jDd.jpg,1024,768,786244816
370,"a busy street scene in tokyo, shop fronts",portrait_4_3,335278185,019ffd8a-bd29-7143-bded-84655a10c110,https://v3b.fal.media/files/b/0aa63c13/pgDnhmcHnCCbP8kb0qBNf.jpg,768,1024,335278185
371,candid photo of a toddler at a playground,landscape_4_3,1078803514,019ffd8a-be50-7f00-8960-d715ee126cd9,https://v3b.fal.media/files/b/0aa63c13/0Gb3bdDnE2SkTSphaCtWn.jpg,1024,768,1078803514
372,"a vintage plant stand for sale, clear product focus",portrait_4_3,1461856941,019ffd8a-c1fc-73c1-83b9-92aba28321e1,https://v3b.fal.media/files/b/0aa63c26/2kQX_wq93_OAkhmltjbvV.jpg,768,1024,1461856941
373,candid photo of kids at a playground,portrait_4_3,1067868490,019ffd8a-c499-76a1-a75d-25eb59bcae9a,https://v3b.fal.media/files/b/0aa63c26/wMAebbjZLzxRm2Y6yuO95.jpg,768,1024,1067868490
374,freshly baked bread photography,landscape_4_3,437571472,019ffd8a-c62a-73a2-afbd-2cc2206882b9,https://v3b.fal.media/files/b/0aa63c13/ZRrNzssFpBrrEVH0hwFNx.jpg,1024,768,437571472
375,a dramatic mountain range at golden hour,portrait_4_3,980667415,019ffd8a-c76b-7b92-9060-e1699c72fa8d,https://v3b.fal.media/files/b/0aa63c13/rtGtB53qVwxK6RBpbURzM.jpg,768,1024,980667415
376,"a gourmet pizza on a wooden table, natural light",landscape_4_3,1264332029,019ffd8a-c883-75a1-ad24-bbe880f53464,https://v3b.fal.media/files/b/0aa63c13/Nx--dzBprHLt4lfDQ4bKO.jpg,1024,768,1264332029
377,a dramatic lake shore at midday,portrait_4_3,1040427167,019ffd8a-c921-7f12-8e0c-5f847018673c,https://v3b.fal.media/files/b/0aa63c13/OOkcKgFIsNgAc19_QFgxX.jpg,768,1024,1040427167
378,colorful pastry photography,landscape_4_3,1146171039,019ffd8a-c9d5-7ef1-a4ef-000012333c53,https://v3b.fal.media/files/b/0aa63c13/zKLD13ni7Lwdgkff9c_i0.jpg,1024,768,1146171039
379,a scenic forest trail at sunset,landscape_4_3,873885922,019ffd8a-cb24-7cc0-9056-f38b63947488,https://v3b.fal.media/files/b/0aa63c14/-N8FA4xD37tBUxf70RiAs.jpg,1024,768,873885922
380,"group photo of a sports team on a hiking trip, smartphone photo style",portrait_4_3,1161626092,019ffd8a-ce41-7070-98ac-42c88eb38759,https://v3b.fal.media/files/b/0aa63c14/2uGxxz4CpjKHDrjGieQp7.jpg,768,1024,1161626092
381,"a quiet street scene in a mexican town, evening lights",landscape_4_3,577293897,019ffd8a-d104-7c93-a99c-518dbc54f7bd,https://v3b.fal.media/files/b/0aa63c26/jFDqYFWNRtHdIX3fNWH5m.jpg,1024,768,577293897
383,"portrait of a young couple in an urban street, slight smile",portrait_4_3,306308255,019ffd8a-d343-7c32-8a14-058499a88425,https://v3b.fal.media/files/b/0aa63c14/T4NUPkUJDycn1_kMaIOl6.jpg,768,1024,306308255
384,"portrait of a young woman in an urban street, window light",landscape_4_3,1083049887,019ffd8a-d389-7d62-8b63-0bc9da8658f4,https://v3b.fal.media/files/b/0aa63c14/xSh0620PsE5T0VDKUEN0h.jpg,1024,768,1083049887
385,"a steak dinner on a cafe table, close up",portrait_4_3,1225647940,019ffd8a-d400-78c0-94d7-7ac75ac08dec,https://v3b.fal.media/files/b/0aa63c14/QmMcwJTE7hIaFYDn9lvV4.jpg,768,1024,1225647940
386,"group photo of a family on vacation, natural poses",landscape_4_3,1872453093,019ffd8a-d561-7013-98ec-1aeb832325a6,https://v3b.fal.media/files/b/0aa63c14/G44aKXwu9oF7OvIcaSP24.jpg,1024,768,1872453093
382,"portrait of a middle-aged man in a sunlit cafe, looking at camera",landscape_4_3,817250671,019ffd8a-d19a-7921-a8c0-4510c9283d7c,https://v3b.fal.media/files/b/0aa63c14/VDnA_8XxMqdaUsCJGXZGg.jpg,1024,768,817250671
387,"a burger and fries on a restaurant table, restaurant food photography",landscape_4_3,571182927,019ffd8a-d686-7850-a941-63713d23ca32,https://v3b.fal.media/files/b/0aa63c26/mnWly4RDECpX4lEAPrsTE.jpg,1024,768,571182927
388,"a bright interior photo, living room",landscape_4_3,91816814,019ffd8a-da51-7f50-b6c4-4ad8b4aeb48d,https://v3b.fal.media/files/b/0aa63c14/dKycF6gVYycMx852RLE2R.jpg,1024,768,91816814
390,"pancakes with syrup on a cafe table, overhead shot",landscape_4_3,632070891,019ffd8a-de55-7cd0-89a2-003a99f95a8f,https://v3b.fal.media/files/b/0aa63c14/sp-6XGX64xnSKuP1apVye.jpg,1024,768,632070891
392,a misty coastal cliff at sunrise,portrait_4_3,1244411941,019ffd8a-de81-7041-abc2-04fca6bfd2bf,https://v3b.fal.media/files/b/0aa63c14/nqRsKNCRlo5OwNJkxWU0q.jpg,768,1024,1244411941
389,"portrait of a woman in her 30s in a studio with soft light, looking at camera",landscape_4_3,2113363397,019ffd8a-dbe0-7bd3-91fd-9ac68517e908,https://v3b.fal.media/files/b/0aa63c14/hGA0HQGM0VbvFNWfs89EA.jpg,1024,768,2113363397
393,candid photo of a toddler playing in a yard,portrait_4_3,1748163569,019ffd8a-dfd4-77f1-a273-0db08686f2f4,https://v3b.fal.media/files/b/0aa63c14/19zSFDESpMbpVP29dHM-X.jpg,768,1024,1748163569
394,"a quiet street scene in paris, candid pedestrians",portrait_4_3,1205423090,019ffd8a-e0d7-75d0-b8b1-4900e580ef22,https://v3b.fal.media/files/b/0aa63c14/fqAAeX3Y7rvpCnlxdtLTm.jpg,768,1024,1205423090
395,"a poke bowl on a cafe table, overhead shot",landscape_4_3,1047533743,019ffd8a-e18d-7550-b91c-2932132e961e,https://v3b.fal.media/files/b/0aa63c27/6vEgbBLSu9rkkU1R7vQ_e.jpg,1024,768,1047533743
391,a misty lake shore at sunrise,portrait_4_3,169031983,019ffd8a-de56-7b92-b2cd-ba5c75498233,https://v3b.fal.media/files/b/0aa63c14/PXZvVSGnwm_2HJFGnNPuZ.jpg,768,1024,169031983
396,a scenic mountain range at golden hour,landscape_4_3,1811228015,019ffd8a-e5c1-7431-b432-8f6848832e11,https://v3b.fal.media/files/b/0aa63c14/-TK0c1tB3HanlQxlUwpWn.jpg,1024,768,1811228015
397,"product photo of a mechanical keyboard on a pastel background, e-commerce style",landscape_4_3,1728530303,019ffd8a-e9cf-74e0-b057-1bce7c5c9e9a,https://v3b.fal.media/files/b/0aa63c14/6h_WRJIpkMfbwddKWcFD_.jpg,1024,768,1728530303
398,"portrait of a man with a beard in a park, soft bokeh background",landscape_4_3,1984063174,019ffd8a-ea20-7c71-b05b-1213af5c103b,https://v3b.fal.media/files/b/0aa63c14/aNDoYrz0AIzdpx9nTWcwT.jpg,1024,768,1984063174
399,a man taking a selfie at a beach,portrait_4_3,63914748,019ffd8a-eb34-7372-82e3-96a0fc31508a,https://v3b.fal.media/files/b/0aa63c14/wHyES4otyxggH-G83PBdF.jpg,768,1024,63914748
401,"attendees at a street parade, event photography",landscape_4_3,956887369,019ffd8a-eb81-7360-8312-6fc8811cd6fb,https://v3b.fal.media/files/b/0aa63c14/G-LbpfyU964BdIH5edyBO.jpg,1024,768,956887369
400,a museum hall in amsterdam,portrait_4_3,227430762,019ffd8a-eb6d-73a1-b718-e08162d87a00,https://v3b.fal.media/files/b/0aa63c14/WfLnnSjnxPrdKeTYc91QQ.jpg,768,1024,227430762
403,"a rainy street scene in new york, candid pedestrians",landscape_4_3,697908293,019ffd8a-ed5e-7e41-b805-17b0201800b5,https://v3b.fal.media/files/b/0aa63c14/anH2fOjFXaZchBLYggwz2.jpg,1024,768,697908293
404,"a gym interior with rows of treadmills, no people",landscape_4_3,938054347,019ffd8a-f0fe-7533-a4ab-e556de55459d,https://v3b.fal.media/files/b/0aa63c15/ST60vzy20xc4MP76XF6zj.jpg,1024,768,938054347
402,"group photo of a sports team on a hiking trip, daylight",landscape_4_3,1679257242,019ffd8a-ec7a-7f70-aa46-a205045e141f,https://v3b.fal.media/files/b/0aa63c14/qZgNe70AVn5T5wT7D82eN.jpg,1024,768,1679257242
406,"product photo of a smartwatch on a neutral gray background, high detail",portrait_4_3,1638422149,019ffd8a-f46e-73e0-90fc-599c80637929,https://v3b.fal.media/files/b/0aa63c15/DFuYROiGlTC4LRPrDKjJk.jpg,768,1024,1638422149
405,"a poke bowl on a wooden table, overhead shot",landscape_4_3,176868630,019ffd8a-f445-7d43-868c-bde0137a7155,https://v3b.fal.media/files/b/0aa63c15/2PCHOfHiHJV13BFryYQaA.jpg,1024,768,176868630
408,"a cozy interior photo, bedroom",landscape_4_3,1715195554,019ffd8a-f647-7711-863d-0ea584614c1d,https://v3b.fal.media/files/b/0aa63c15/ard0kC4hvPG42vulZM1Nb.jpg,1024,768,1715195554
407,a misty forest trail at sunset,portrait_4_3,20320651,019ffd8a-f640-70d2-8bb2-150e9d3283b3,https://v3b.fal.media/files/b/0aa63c15/1CkL8RZY-TgLbUlb3gBt3.jpg,768,1024,20320651
409,"group photo of a family at a wedding, natural poses",landscape_4_3,822305371,019ffd8a-f678-7dd0-af31-ea2d36281d9e,https://v3b.fal.media/files/b/0aa63c15/XzmAVu5NOePl20d96Ka3h.jpg,1024,768,822305371
410,"product photo of wireless headphones on a stone surface, studio lighting",portrait_4_3,1335428232,019ffd8a-f855-70c2-a43b-555c48fd4af6,https://v3b.fal.media/files/b/0aa63c15/ITxVqQe3nJc_wvxAKTaP6.jpg,768,1024,1335428232
411,a hotel pool in miami,landscape_4_3,2106573442,019ffd8a-fbb3-74a3-b236-97c57fc3d720,https://v3b.fal.media/files/b/0aa63c15/mzaNzzFSA8kYvp-A8JQQ0.jpg,1024,768,2106573442
412,freshly baked pastry photography,landscape_4_3,1220595048,019ffd8a-fbd9-74f1-80c4-46590302420a,https://v3b.fal.media/files/b/0aa63c15/4sGZAz4GasEYcju_gOD8S.jpg,1024,768,1220595048
414,"guests at a food festival, event photography",landscape_4_3,1245510574,019ffd8a-ff56-7650-97f8-b86dd4a58b73,https://v3b.fal.media/files/b/0aa63c15/RssqSKH9mJkArXC-rxblb.jpg,1024,768,1245510574
416,"guests at a street parade, event photography",landscape_4_3,519024303,019ffd8b-0185-76c0-b245-831c22130f4c,https://v3b.fal.media/files/b/0aa63c15/X_VjYK8XR5koLhm2kso9w.jpg,1024,768,519024303
418,"a bright interior photo, hotel room",portrait_4_3,1301615338,019ffd8b-0339-7680-ad08-adf5b117055a,https://v3b.fal.media/files/b/0aa63c15/igZC33Va_YN5oV_SjCaXM.jpg,768,1024,1301615338
415,"tacos on a cafe table, appetizing",portrait_4_3,1920427996,019ffd8b-017f-7490-bbc1-599f7bfd90e0,https://v3b.fal.media/files/b/0aa63c15/vukM8DL619cfNTm9BGpfT.jpg,768,1024,1920427996
413,a teenager taking a selfie at a theme park,landscape_4_3,165460516,019ffd8a-ff45-7d73-af1b-3c425af31823,https://v3b.fal.media/files/b/0aa63c15/U_20BV-1eLAfRnmYef8bE.jpg,1024,768,165460516
417,"portrait of a young couple in a market, outdoor light",landscape_4_3,117711317,019ffd8b-01f8-7432-833a-b9cf86cbc2a1,https://v3b.fal.media/files/b/0aa63c15/hEYlDCWffJgJAxPL5Z-G3.jpg,1024,768,117711317
419,"a crowd at a food festival, event photography",landscape_4_3,1381203388,019ffd8b-06fe-7b03-9aae-0ad489616da6,https://v3b.fal.media/files/b/0aa63c15/0JR_uJriWuk8xtObnOtAM.jpg,1024,768,1381203388
420,"group photo of a sports team in an office, everyone smiling",landscape_4_3,1247244761,019ffd8b-0778-75f2-b079-bb822c0d9836,https://v3b.fal.media/files/b/0aa63c15/b7llU_58_2cp7gvmL-Zq4.jpg,1024,768,1247244761
421,"a burger and fries on a marble counter, appetizing",landscape_4_3,1483063631,019ffd8b-0ab5-7443-8282-eb0912a3dc49,https://v3b.fal.media/files/b/0aa63c15/fOD9PQg33Nyd0Fkaj3-kH.jpg,1024,768,1483063631
422,a woman taking a mirror selfie at the gym,portrait_4_3,616606073,019ffd8b-0db5-7b11-a9a0-f76c549fd42b,https://v3b.fal.media/files/b/0aa63c15/FTGYNJ7pRf92-8VTheBhy.jpg,768,1024,616606073
423,"group photo of a sports team at a barbecue, daylight",portrait_4_3,815912297,019ffd8b-0e44-72e0-81a7-4bac4295d3dc,https://v3b.fal.media/files/b/0aa63c15/qvOtJUXhmrmdqCzGxF135.jpg,768,1024,815912297
424,"a handcrafted plant stand for sale, natural light",landscape_4_3,1412531533,019ffd8b-0e93-7042-812c-759f9323dc87,https://v3b.fal.media/files/b/0aa63c15/_lkztkQYRiynkgLyVfcns.jpg,1024,768,1412531533
425,"people at a graduation ceremony, event photography",landscape_4_3,1063232175,019ffd8b-0ee6-7fe0-aa51-2d1b8c3637d1,https://v3b.fal.media/files/b/0aa63c15/KbaU3VuDLBwmAr-CMVE98.jpg,1024,768,1063232175
426,a couple taking a group selfie at a beach,landscape_4_3,502224477,019ffd8b-0f0b-7ee0-969c-6d2b117c095e,https://v3b.fal.media/files/b/0aa63c15/y1yGAZNH090XZbh5Vgzv9.jpg,1024,768,502224477
427,"portrait of a young woman in a garden, outdoor light",landscape_4_3,1951569166,019ffd8b-11ee-7292-bb57-e4ce747e7b74,https://v3b.fal.media/files/b/0aa63c15/Lhdnq4vnrpTQjPPQabqkd.jpg,1024,768,1951569166
428,"group photo of a family at a barbecue, natural poses",landscape_4_3,583352051,019ffd8b-140b-73b2-beb0-08f08a1e16a4,https://v3b.fal.media/files/b/0aa63c16/BVx9m2HSD7Vr9aDToxWfl.jpg,1024,768,583352051
430,"a busy street scene in barcelona, daytime",portrait_4_3,23829458,019ffd8b-1ccb-7fb0-96cf-70e88475c6f0,https://v3b.fal.media/files/b/0aa63c16/Pahg2M3v9Akk72mnPPVn-.jpg,768,1024,23829458
431,"a crowd at a sports game, event photography",portrait_4_3,527049649,019ffd8b-1d49-7993-ab1a-89cb054a3efe,https://v3b.fal.media/files/b/0aa63c16/oqAOa-8TmdA7aFJZ4psyB.jpg,768,1024,527049649
432,"attendees at a graduation ceremony, event photography",portrait_4_3,1123752764,019ffd8b-1d49-7993-ab1a-89bc4bc5edc7,https://v3b.fal.media/files/b/0aa63c16/SBTSKSXzLua0AElE7AYwK.jpg,768,1024,1123752764
433,"group photo of coworkers at a wedding, everyone smiling",landscape_4_3,948901763,019ffd8b-1e03-78e1-829a-4114a419263b,https://v3b.fal.media/files/b/0aa63c16/s543uXC1gA1LyWAK_ovSc.jpg,1024,768,948901763
429,a brewery taproom in prague,portrait_4_3,627751387,019ffd8b-19ff-7700-84e3-140ca58bab18,https://v3b.fal.media/files/b/0aa63c16/VkjGpJ6KVHoCSZr7BNNvT.jpg,768,1024,627751387
434,"group photo of friends in front of a landmark, smartphone photo style",landscape_4_3,548897673,019ffd8b-205a-73e1-b6a4-314cb0693235,https://v3b.fal.media/files/b/0aa63c16/LQF85r-g_i0mfBOqnM4Pg.jpg,1024,768,548897673
435,"portrait of a woman in her 30s in a sunlit cafe, outdoor light",portrait_4_3,1397001438,019ffd8b-210e-7442-90c9-1624985902ee,https://v3b.fal.media/files/b/0aa63c16/VGXDPvDXCiw5OF2QTEnL7.jpg,768,1024,1397001438
436,a teenager taking a group selfie at the gym,landscape_4_3,125567709,019ffd8b-2440-7dd1-9566-7ca653c49246,https://v3b.fal.media/files/b/0aa63c16/ULf-3MCMo7GpVgBj_dHj0.jpg,1024,768,125567709
438,a spa in santorini,landscape_4_3,1158159443,019ffd8b-28aa-7df0-ab3b-95ffe93dce62,https://v3b.fal.media/files/b/0aa63c16/yB7QEhnbkdsIrKnVvtgQL.jpg,1024,768,1158159443
437,"a busy street scene in a european old town, evening lights",landscape_4_3,1703744761,019ffd8b-2846-78f0-9a44-c2dca1bb8325,https://v3b.fal.media/files/b/0aa63c16/9GpsuA1ifngOLRFa6wLoB.jpg,1024,768,1703744761
440,"product photo of a smartwatch on a pastel background, high detail",landscape_4_3,824366466,019ffd8b-2956-7d01-bd0d-fdae9a873c13,https://v3b.fal.media/files/b/0aa63c16/IhAtmdaAGKDx2UZDn3Ujs.jpg,1024,768,824366466
439,"product photo of sneakers on a stone surface, e-commerce style",landscape_4_3,1342702754,019ffd8b-28a8-7392-9e16-00e9e4b8f042,https://v3b.fal.media/files/b/0aa63c16/8yR_0ZJk28_t_0UM9k5M0.jpg,1024,768,1342702754
441,a woman taking a selfie at a beach,landscape_4_3,1110760616,019ffd8b-29ba-7ca2-b830-d91e0367d4bf,https://v3b.fal.media/files/b/0aa63c16/SwfRZNpaLOhH8jn70KxMK.jpg,1024,768,1110760616
442,"a modern interior photo, home office",portrait_4_3,329787209,019ffd8b-2b9b-7463-9bbf-3cc44664c16b,https://v3b.fal.media/files/b/0aa63c16/WHSZPdlZxWunpvtGNIrOo.jpg,768,1024,329787209
443,"a modern interior photo, kitchen",landscape_4_3,1022520000,019ffd8b-2c79-7620-ae31-049936fce780,https://v3b.fal.media/files/b/0aa63c16/IXXcjgF1UCUXWhZMoH8y6.jpg,1024,768,1022520000
444,"portrait of a middle-aged man in a studio with soft light, candid look",landscape_4_3,1089686690,019ffd8b-303d-7ca0-b3c2-a3abf1f5acdc,https://v3b.fal.media/files/b/0aa63c16/Te3MIYeKZ_aF1P_DFIC6Y.jpg,1024,768,1089686690
445,"product photo of a mechanical keyboard on a pastel background, high detail",landscape_4_3,1918655604,019ffd8b-3344-7b71-be6d-aa13b29c5e8e,https://v3b.fal.media/files/b/0aa63c16/GaYayfgnDMkwuboMveQor.jpg,1024,768,1918655604
447,"group photo of classmates at a barbecue, smartphone photo style",portrait_4_3,93197051,019ffd8b-338e-76b0-96e3-a0d78f88dd3e,https://v3b.fal.media/files/b/0aa63c16/4VUDw35UavNS3snhMpGQY.jpg,768,1024,93197051
448,a teenager taking a selfie at a concert,landscape_4_3,1447817515,019ffd8b-33eb-7f21-a2dc-80fce84d48dd,https://v3b.fal.media/files/b/0aa63c29/hc5w5-foti_bGwzGZDmc9.jpg,1024,768,1447817515
449,"group photo of a sports team in an office, candid moment",portrait_4_3,1869098436,019ffd8b-344b-7633-980a-5d4d585a5490,https://v3b.fal.media/files/b/0aa63c29/Gcd8I4hs6pq3QL2STQLGa.jpg,768,1024,1869098436
450,"a quiet street scene in a european old town, candid pedestrians",portrait_4_3,1824339228,019ffd8b-3615-7fc3-99aa-5155bfa4b017,https://v3b.fal.media/files/b/0aa63c16/PwFwKkjYHAmJOUS3N6DAk.jpg,768,1024,1824339228
451,"a handcrafted record player for sale, home setting",portrait_4_3,1440894847,019ffd8b-370e-7003-84e3-6d99b095bf16,https://v3b.fal.media/files/b/0aa63c16/Gz-lO1LYDoMYxi_OcIV8r.jpg,768,1024,1440894847
446,a scenic waterfall at golden hour,landscape_4_3,740705603,019ffd8b-3357-7731-ad78-fdae167685ef,https://v3b.fal.media/files/b/0aa63c16/XfVTpVUVJQm_5BktfE2ef.jpg,1024,768,740705603
452,"product photo of sunglasses on a pastel background, e-commerce style",landscape_4_3,1111473341,019ffd8b-3a37-7732-8386-99cd2cd1d98c,https://v3b.fal.media/files/b/0aa63c16/L7c-oPAKNGxD5UO1FZ-nV.jpg,1024,768,1111473341
454,"product photo of a smartwatch on a clean white background, high detail",portrait_4_3,73975689,019ffd8b-3ebf-7a51-b1d0-6591e6ebed34,https://v3b.fal.media/files/b/0aa63c29/xCw5Ut1jz9XFcQ4V1-vJO.jpg,768,1024,73975689
453,a woman taking a group selfie at a concert,portrait_4_3,24891659,019ffd8b-3d7f-73a1-9889-ef1b8ee7ce34,https://v3b.fal.media/files/b/0aa63c29/SUXG4uRzJ30nbQv45-Lvx.jpg,768,1024,24891659
456,"a handcrafted ceramic vase for sale, clear product focus",landscape_4_3,239270941,019ffd8b-3f5f-75f3-a68e-2212dbe20f23,https://v3b.fal.media/files/b/0aa63c17/UgKgGqfD13T8jshc4yH9h.jpg,1024,768,239270941
455,"a rainy street scene in chicago, shop fronts",landscape_4_3,43512012,019ffd8b-3f60-7243-9ea8-d40f2dbd64ff,https://v3b.fal.media/files/b/0aa63c17/npiraj1CCayjqO8gWhphn.jpg,1024,768,43512012
457,candid photo of a baby running on a beach,portrait_4_3,1763375530,019ffd8b-4192-75f3-a0a6-28e25c978e59,https://v3b.fal.media/files/b/0aa63c17/1oNCupJuLl4UPAkjJwiPo.jpg,768,1024,1763375530
458,"group photo of friends at a birthday party, everyone smiling",landscape_4_3,724363820,019ffd8b-4282-7353-9bc0-1dde3cc02b70,https://v3b.fal.media/files/b/0aa63c17/WdfTn70Noc36O4Zv1K1pE.jpg,1024,768,724363820
459,"tacos on a marble counter, restaurant food photography",landscape_4_3,1410515989,019ffd8b-448f-7dd0-8070-709e04e14d36,https://v3b.fal.media/files/b/0aa63c17/mAGEXtYJ7JC_Nk23b1p6Y.jpg,1024,768,1410515989
460,"a cozy interior photo, cafe",portrait_4_3,1640666117,019ffd8b-45e3-74b0-af00-3b686c9b54b3,https://v3b.fal.media/files/b/0aa63c17/86-VYW4bsZeSiLsGJ2tVr.jpg,768,1024,1640666117
461,"a vintage ceramic vase for sale, home setting",landscape_4_3,202658123,019ffd8b-4ab3-7ea2-9cb4-0504b6acad66,https://v3b.fal.media/files/b/0aa63c17/yzXwYWPAaJsCIzzjRhFPX.jpg,1024,768,202658123
462,candid photo of a toddler eating ice cream,landscape_4_3,1059809846,019ffd8b-4bb7-7383-bd7f-dadc8d7c7b5c,https://v3b.fal.media/files/b/0aa63c17/eqoCrnlsfk1U4-VrtNdDZ.jpg,1024,768,1059809846
464,"a vintage record player for sale, clear product focus",landscape_4_3,812311459,019ffd8b-4cc7-7300-bde1-bc67cc142be1,https://v3b.fal.media/files/b/0aa63c17/RngRJVl6SBfad7lNy0D9Q.jpg,1024,768,812311459
463,"a modern interior photo, apartment",landscape_4_3,1489717022,019ffd8b-4c68-7711-bdf8-79e8e0844d8b,https://v3b.fal.media/files/b/0aa63c17/bh_cf32p9VcyhXEPufhe4.jpg,1024,768,1489717022
465,a stack of pancakes with berries at a diner,portrait_4_3,975561509,019ffd8b-4e10-7fe3-9ccd-c363f098c93e,https://v3b.fal.media/files/b/0aa63c17/CKeTljRwCT2GAtMGmz68J.jpg,768,1024,975561509
466,candid photo of children running on a beach,landscape_4_3,257409942,019ffd8b-4ed5-7591-a114-3f288a3a648b,https://v3b.fal.media/files/b/0aa63c17/hycyuhWFBWDDDQ_6H31tV.jpg,1024,768,257409942
468,"product photo of a smartwatch on a stone surface, high detail",portrait_4_3,2107774634,019ffd8b-52c7-71c2-909d-3a36982f59d1,https://v3b.fal.media/files/b/0aa63c17/XUQOZSJssBQvVbicmmZn4.jpg,768,1024,2107774634
467,photo of a border collie in a car,portrait_4_3,618928156,019ffd8b-5226-7ab3-b59a-857685893ae9,https://v3b.fal.media/files/b/0aa63c29/wdOG57YcRqzwDeHMf2qUn.jpg,768,1024,618928156
469,candid photo of a baby with a puppy,portrait_4_3,888965478,019ffd8b-571f-7261-9e83-e2b1e0c130a0,https://v3b.fal.media/files/b/0aa63c17/qbl8CZzu1apBOyLehUZ_M.jpg,768,1024,888965478
470,"portrait of a man with a beard in a home living room, soft bokeh background",portrait_4_3,414571906,019ffd8b-584f-70f0-bcea-292f9e06b0aa,https://v3b.fal.media/files/b/0aa63c17/qGwP88jx4MX7uzvF2qIBZ.jpg,768,1024,414571906
471,a man taking a group selfie at the gym,landscape_4_3,2119484446,019ffd8b-5965-7e53-aba7-7ad3bfdc6794,https://v3b.fal.media/files/b/0aa63c17/_rQml1BP2AecnZx8ECH1O.jpg,1024,768,2119484446
472,"people at a conference, event photography",portrait_4_3,71073065,019ffd8b-596b-7713-978d-a8a4059a03d5,https://v3b.fal.media/files/b/0aa63c17/hUHhl09UKzYBgw2N03gNi.jpg,768,1024,71073065
473,"pancakes with syrup on a marble counter, close up",portrait_4_3,2136263952,019ffd8b-5a5d-7c13-ab60-6001e2f32000,https://v3b.fal.media/files/b/0aa63c17/hgK8rSOYBwl5ocEw33F2u.jpg,768,1024,2136263952
474,a misty coastal cliff at sunset,portrait_4_3,498309825,019ffd8b-5b24-7e01-95dd-5d74f753ecd2,https://v3b.fal.media/files/b/0aa63c17/eOt6rko9n8wfABOcvYXd4.jpg,768,1024,498309825
476,colorful bread photography,portrait_4_3,1069307606,019ffd8b-5ed9-7713-93cd-6a787bcbe8f3,https://v3b.fal.media/files/b/0aa63c17/gZXHzaLMxrVq10MKIhS1S.jpg,768,1024,1069307606
475,"a cozy interior photo, apartment",landscape_4_3,169082008,019ffd8b-5edf-7620-9072-2e2e28ce0326,https://v3b.fal.media/files/b/0aa63c17/iC5AawjambB8Tns6eK1o0.jpg,1024,768,169082008
477,"group photo of classmates at a restaurant table, candid moment",portrait_4_3,1508730122,019ffd8b-634c-70b2-a3b2-9ae9fe63fecd,https://v3b.fal.media/files/b/0aa63c17/NMepWXQxqCsuxEBY-QZai.jpg,768,1024,1508730122
478,photo of a golden retriever in a park,landscape_4_3,616053491,019ffd8b-649a-7930-b582-cc14346e129d,https://v3b.fal.media/files/b/0aa63c17/mgBbdUmtPCOwS3pGNXoyR.jpg,1024,768,616053491
480,"a sunny street scene in lisbon, shop fronts",portrait_4_3,1834232168,019ffd8b-6559-7220-be49-b5c897484636,https://v3b.fal.media/files/b/0aa63c17/W0DY2eWiAWqVGBf7oBSbr.jpg,768,1024,1834232168
479,"a busy street scene in paris, shop fronts",landscape_4_3,1459196698,019ffd8b-6559-7dc2-bd68-2ccdf4424135,https://v3b.fal.media/files/b/0aa63c2a/Yg_Ia8H_kGeaUvm-SdZHt.jpg,1024,768,1459196698
481,a hotel pool in prague,landscape_4_3,821323880,019ffd8b-664f-7650-a084-cea0e1bff479,https://v3b.fal.media/files/b/0aa63c17/RIo3pXD9cij0jT_ce3gvU.jpg,1024,768,821323880
482,a dramatic forest trail at sunrise,portrait_4_3,640634749,019ffd8b-6716-7613-9c7f-59e5740a6606,https://v3b.fal.media/files/b/0aa63c2a/0hC-xMg1kNlcZd9L7nM_S.jpg,768,1024,640634749
484,"portrait of a smiling woman in a studio with soft light, slight smile",landscape_4_3,912914213,019ffd8b-6bdb-70d0-adcd-f991b8125fed,https://v3b.fal.media/files/b/0aa63c18/Zu7sWsuRsxFuXciZl_Wpz.jpg,1024,768,912914213
483,a resort lobby in miami,landscape_4_3,707384804,019ffd8b-6bd5-7723-b478-3b1bdbd971bf,https://v3b.fal.media/files/b/0aa63c18/8UWkCdOOzHsFctnKzUtMp.jpg,1024,768,707384804
485,a scenic coastal cliff at sunset,portrait_4_3,816531809,019ffd8b-7007-7b61-b78c-2a9d82c82fb6,https://v3b.fal.media/files/b/0aa63c18/dPDjLSDy-g5nB-pWRQSh_.jpg,768,1024,816531809
488,a couple taking a mirror selfie at a city street at night,landscape_4_3,34006375,019ffd8b-730e-7672-b00c-115d5d5ec436,https://v3b.fal.media/files/b/0aa63c18/SPy6x7f8u60ioD7-XoZOm.jpg,1024,768,34006375
487,"guests at a wedding reception, event photography",portrait_4_3,685054294,019ffd8b-7213-7121-8c96-518c9e814506,https://v3b.fal.media/files/b/0aa63c18/SesbICxwOnCVust_f66UX.jpg,768,1024,685054294
486,"group photo of a sports team on a hiking trip, everyone smiling",portrait_4_3,1328219825,019ffd8b-71b0-7ae0-a0b4-23d7bce82aa4,https://v3b.fal.media/files/b/0aa63c2a/az14iP9SFQgtojJTDAI5J.jpg,768,1024,1328219825
489,a dramatic forest trail at midday,landscape_4_3,1323331469,019ffd8b-7370-7191-a3c9-78aa5a2296cc,https://v3b.fal.media/files/b/0aa63c18/I8l7QsJX31eF1UakVX0Ro.jpg,1024,768,1323331469
490,"portrait of a elderly woman in a city sidewalk, candid look",portrait_4_3,1293063883,019ffd8b-7433-7e73-a5a6-f87cb25e24a5,https://v3b.fal.media/files/b/0aa63c18/MRHGfBSOl2oAvWFyw3j_N.jpg,768,1024,1293063883
491,a scenic coastal cliff at sunrise,portrait_4_3,2102871388,019ffd8b-797b-7753-bc17-329f231800d4,https://v3b.fal.media/files/b/0aa63c18/X1o3gLMOMhyucpksT45Uj.jpg,768,1024,2102871388
492,candid photo of kids running on a beach,landscape_4_3,1440483410,019ffd8b-79ce-76b1-9915-e4febd01a4ae,https://v3b.fal.media/files/b/0aa63c18/J7Vd3W14mX2FZPb53msfN.jpg,1024,768,1440483410
493,"product photo of sneakers on a pastel background, studio lighting",portrait_4_3,778802953,019ffd8b-7ccd-7c33-9612-164b8a5bbcd5,https://v3b.fal.media/files/b/0aa63c18/Uxwsi_1FkkSt9ouH1jllH.jpg,768,1024,778802953
496,"a rainy street scene in paris, evening lights",portrait_4_3,1285482407,019ffd8b-7fa0-7292-a3cf-4f3c6096991d,https://v3b.fal.media/files/b/0aa63c18/JR4wv3AsoWqfdeq-arzmR.jpg,768,1024,1285482407
495,"product photo of sneakers on a neutral gray background, studio lighting",landscape_4_3,2063973524,019ffd8b-7f9c-7bf2-8975-8bc5f42e145c,https://v3b.fal.media/files/b/0aa63c18/-NhKi7rj77R4PrleASGPf.jpg,1024,768,2063973524
494,"portrait of a child in a sunlit cafe, natural light",landscape_4_3,425286926,019ffd8b-7f95-76a0-b79c-c239292b4449,https://v3b.fal.media/files/b/0aa63c18/1VTAUsNt2zI0imbH0iofq.jpg,1024,768,425286926
497,"a crowd at a wedding reception, event photography",landscape_4_3,1046030457,019ffd8b-8064-7193-a71c-49f868c14ee6,https://v3b.fal.media/files/b/0aa63c18/IBBRieiUOMyGb9rmlvqDG.jpg,1024,768,1046030457
498,"a modern interior photo, cafe",landscape_4_3,1611344865,019ffd8b-81fd-7690-b2b9-d929725e9c5a,https://v3b.fal.media/files/b/0aa63c18/fEDM2I7Xd02UKiVrppX1Z.jpg,1024,768,1611344865
500,"product photo of a coffee maker on a pastel background, high detail",landscape_4_3,1326729093,019ffd8b-8716-7d82-899b-9b0cf993e8a8,https://v3b.fal.media/files/b/0aa63c2b/Bi2pN9dZsm6vAuLNPV-XO.jpg,1024,768,1326729093
499,"group photo of classmates on a hiking trip, natural poses",landscape_4_3,1928417459,019ffd8b-8716-7333-8bc3-681a5600a84b,https://v3b.fal.media/files/b/0aa63c18/gxnOT9NdaBCuzle_Kb2GA.jpg,1024,768,1928417459
501,"a burger and fries on a marble counter, close up",portrait_4_3,1009003191,019ffd8b-8978-7c23-a3a1-b379a56b2ac7,https://v3b.fal.media/files/b/0aa63c18/9TY2hrF_57o2Fc-X3tzBB.jpg,768,1024,1009003191
503,"group photo of coworkers at a restaurant table, everyone smiling",landscape_4_3,1720255667,019ffd8b-8be0-7662-8bd6-034973290927,https://v3b.fal.media/files/b/0aa63c18/ttmWbtOjKkycert95cuiA.jpg,1024,768,1720255667
502,a couple taking a selfie at a concert,landscape_4_3,819281037,019ffd8b-8be1-7b92-9bbb-ac52ade2f8ef,https://v3b.fal.media/files/b/0aa63c18/GbiZ5q5LnNnTrjqjshf_V.jpg,1024,768,819281037
506,"sushi platter on a wooden table, appetizing",landscape_4_3,1267521355,019ffd8b-8df3-7682-9e2a-eb202739f175,https://v3b.fal.media/files/b/0aa63c19/38KwtW_WgwMmMt6dSEsbA.jpg,1024,768,1267521355
504,"a bright interior photo, apartment",landscape_4_3,1367329325,019ffd8b-8d33-7b50-a8a8-ac6aac0afb3b,https://v3b.fal.media/files/b/0aa63c18/P1A2PQj2Iht8uZVCHDB8X.jpg,1024,768,1367329325
505,a resort lobby in prague,landscape_4_3,1442603370,019ffd8b-8d99-7fa0-91a4-f4ce81cb4d80,https://v3b.fal.media/files/b/0aa63c18/LY3aDH2ycmkmVYYXCHCa5.jpg,1024,768,1442603370
507,"a steak dinner on a wooden table, natural light",landscape_4_3,893695501,019ffd8b-9359-7742-b72e-5a59f32bf4d0,https://v3b.fal.media/files/b/0aa63c2b/4b8bEpBVWAouvZuOCQAD2.jpg,1024,768,893695501
508,a teenager taking a group selfie at a beach,portrait_4_3,1614275030,019ffd8b-94db-7762-be99-9dac71787f42,https://v3b.fal.media/files/b/0aa63c19/3hKA47dFOLdJF7FWP6L0A.jpg,768,1024,1614275030
509,a resort lobby in amsterdam,landscape_4_3,1557722080,019ffd8b-95c1-7ef0-a670-4044a7524562,https://v3b.fal.media/files/b/0aa63c19/8NC2AD5EymonRxP_CgCfb.jpg,1024,768,1557722080
510,"a vintage wall art print for sale, home setting",landscape_4_3,563424701,019ffd8b-9829-72b1-b4dc-9da9e185396a,https://v3b.fal.media/files/b/0aa63c19/B6UeswxQuKSLVokNJFZ2N.jpg,1024,768,563424701
511,"a handcrafted armchair for sale, home setting",landscape_4_3,601836265,019ffd8b-988b-7870-9bc0-7ca3ea49fe08,https://v3b.fal.media/files/b/0aa63c19/Mvv4DSDDZSs-WmaeQZ9LD.jpg,1024,768,601836265
514,"a modern plant stand for sale, clear product focus",landscape_4_3,1681431709,019ffd8b-9a99-7bf1-b4ab-e2860cb183ff,https://v3b.fal.media/files/b/0aa63c19/wyI-XCa9NIi__HSVi7Llb.jpg,1024,768,1681431709
512,"a bright interior photo, home office",portrait_4_3,1968769945,019ffd8b-9a3b-7063-832a-aa58bd024cdc,https://v3b.fal.media/files/b/0aa63c19/H2KwhzMgN3iL-SUq56Fni.jpg,768,1024,1968769945
513,"a rustic interior photo, kitchen",portrait_4_3,197736668,019ffd8b-9a39-73c3-b1ae-7ea0a0cc968a,https://v3b.fal.media/files/b/0aa63c19/ASY_b5NKYpLLkd5Ufae4F.jpg,768,1024,197736668
515,"a sunny street scene in a mexican town, morning light",portrait_4_3,560067926,019ffd8b-a05a-7680-b853-5304ae9cc3d4,https://v3b.fal.media/files/b/0aa63c19/twUaOgz0r0iojGxX4RaR8.jpg,768,1024,560067926
516,freshly baked donuts photography,landscape_4_3,1663154114,019ffd8b-a20f-7550-994d-8a350d9f98d2,https://v3b.fal.media/files/b/0aa63c19/t1m0D6a_Buafw1_SY-dx5.jpg,1024,768,1663154114
517,"a salad bowl on a restaurant table, close up",portrait_4_3,1500494421,019ffd8b-a2bb-7f42-8ca5-dee00cd79f53,https://v3b.fal.media/files/b/0aa63c19/-6Q5-8OyboE_9WMGJU4ms.jpg,768,1024,1500494421
518,"a modern ceramic vase for sale, natural light",landscape_4_3,1901744743,019ffd8b-a4d4-7542-bfb1-bc991a91f62f,https://v3b.fal.media/files/b/0aa63c19/5mfIErXmJFppM3KoAQFNx.jpg,1024,768,1901744743
519,"a busy street scene in new york, candid pedestrians",landscape_4_3,421117814,019ffd8b-a534-7720-a552-8d8a00806290,https://v3b.fal.media/files/b/0aa63c19/FWv_JC55iPcJBTyV7v_P5.jpg,1024,768,421117814
521,"product photo of a backpack on a pastel background, high detail",portrait_4_3,1740580688,019ffd8b-a74f-7013-b23e-f29bed3637dd,https://v3b.fal.media/files/b/0aa63c19/Q8Lcgt85XKOvaYu3wL0dM.jpg,768,1024,1740580688
520,"portrait of a woman in her 30s in a market, slight smile",portrait_4_3,1630980625,019ffd8b-a752-7e20-9339-f9cfeb4481d4,https://v3b.fal.media/files/b/0aa63c19/SYq_FOCbRFghSfmVMD1SE.jpg,768,1024,1630980625
522,"a sunny street scene in chicago, cafes and awnings",landscape_4_3,1167421342,019ffd8b-a8a8-7591-aaaf-2763b61f44aa,https://v3b.fal.media/files/b/0aa63c19/Ntj9Tylvg4qA2ORDbufjC.jpg,1024,768,1167421342
523,a misty mountain range at golden hour,landscape_4_3,346458184,019ffd8b-adf8-75a1-9fd8-ed46c36c59d5,https://v3b.fal.media/files/b/0aa63c19/xm1a7V3Xu54xRw2LgXZDA.jpg,1024,768,346458184
525,"a poke bowl on a marble counter, appetizing",portrait_4_3,72846190,019ffd8b-b004-7ae3-8529-5ac9fa24a0f5,https://v3b.fal.media/files/b/0aa63c19/CWxoNuBNcOE0AltYm5hLJ.jpg,768,1024,72846190
527,a misty desert vista at golden hour,landscape_4_3,1869903947,019ffd8b-b26c-7cf0-bf6b-8b920da242be,https://v3b.fal.media/files/b/0aa63c19/g0h8HUYLziMv_tASm8tM9.jpg,1024,768,1869903947
528,a scenic waterfall at sunset,portrait_4_3,1361400523,019ffd8b-b387-79b1-978d-8a6937da6dd2,https://v3b.fal.media/files/b/0aa63c19/36_zAV6U-DxyXhqnkpeBQ.jpg,768,1024,1361400523
529,"a handcrafted wall art print for sale, home setting",landscape_4_3,385821446,019ffd8b-b41b-7a02-91b4-5ce90c81708d,https://v3b.fal.media/files/b/0aa63c2c/GhX6cQsQ-VZSivhHWeuCj.jpg,1024,768,385821446
526,a resort lobby in bali,landscape_4_3,1456600428,019ffd8b-b20a-7cf0-9de1-4e1789436b21,https://v3b.fal.media/files/b/0aa63c19/bbm78wov4BxtIdDSk1492.jpg,1024,768,1456600428
524,"attendees at a sports game, event photography",landscape_4_3,957365258,019ffd8b-af6b-7532-a72d-ccb2112453c5,https://v3b.fal.media/files/b/0aa63c19/aQErM16ZrzpsA1AEJkn0j.jpg,1024,768,957365258
530,candid photo of kids at a birthday party,portrait_4_3,1596873466,019ffd8b-b78b-7991-9020-596ea7e8ce1d,https://v3b.fal.media/files/b/0aa63c1a/-f--UaGzV29EbvgUlZApc.jpg,768,1024,1596873466
531,"product photo of a backpack on a pastel background, e-commerce style",landscape_4_3,1689469379,019ffd8b-ba3a-7a93-9653-b657ee117844,https://v3b.fal.media/files/b/0aa63c1a/W-oD9ygloHHiwdCRJNIim.jpg,1024,768,1689469379
532,"a messy desk with a laptop and notes, work from home",portrait_4_3,1528701159,019ffd8b-bb94-70b3-a32c-0da8aaf6da59,https://v3b.fal.media/files/b/0aa63c1a/I6I6FA5-KIPkmAZf_WIm8.jpg,768,1024,1528701159
533,"group photo of a sports team at a restaurant table, candid moment",landscape_4_3,675353257,019ffd8b-bdab-79e2-8d58-237add45f3b5,https://v3b.fal.media/files/b/0aa63c1a/gu9Uqhs9R5rhOYrZ6odEr.jpg,1024,768,675353257
534,a scenic lake shore at sunset,landscape_4_3,1558881991,019ffd8b-be57-7ee2-9758-3992e1b1ab98,https://v3b.fal.media/files/b/0aa63c1a/26kSKGzk2nTLA5MIEq3C7.jpg,1024,768,1558881991
535,a man taking a selfie at a theme park,portrait_4_3,2055330112,019ffd8b-bf09-7e50-a509-c542c1ed4ee2,https://v3b.fal.media/files/b/0aa63c1a/n-73fLV4KcCucw9TK4xLI.jpg,768,1024,2055330112
536,"portrait of a smiling woman in a studio with soft light, soft bokeh background",portrait_4_3,1577258981,019ffd8b-c149-7600-ae8f-82b6810e75b0,https://v3b.fal.media/files/b/0aa63c1a/09JhbBg-atI0lIk23gY-S.jpg,768,1024,1577258981
537,candid photo of a toddler at a birthday party,portrait_4_3,1964463827,019ffd8b-c282-7953-ad43-385c4fcf747f,https://v3b.fal.media/files/b/0aa63c1a/tVQeCp2s_OFBgN82EZ6x7.jpg,768,1024,1964463827
538,"a poke bowl on a marble counter, overhead shot",portrait_4_3,1565155568,019ffd8b-c30a-7f51-8b2d-933a527d7561,https://v3b.fal.media/files/b/0aa63c1a/o-ws07kprciF1JBlU6D5w.jpg,768,1024,1565155568
539,"a modern ceramic vase for sale, home setting",portrait_4_3,451544864,019ffd8b-c572-73e2-96e6-2ae72633163b,https://v3b.fal.media/files/b/0aa63c1a/053FN-EHoHfRM9JZoFKL6.jpg,768,1024,451544864
540,a misty waterfall at midday,landscape_4_3,1577155021,019ffd8b-c675-70e1-a6cd-6bbfbe72d7c8,https://v3b.fal.media/files/b/0aa63c1a/xdbYZPPs0eTcqM1VpIW0i.jpg,1024,768,1577155021
542,"portrait of a man in a suit in an urban street, looking at camera",portrait_4_3,993929817,019ffd8b-c989-7723-b508-d034a17d37e9,https://v3b.fal.media/files/b/0aa63c1a/HVnDwtM3BUVNo53w-8cbN.jpg,768,1024,993929817
543,"attendees at a food festival, event photography",landscape_4_3,319232767,019ffd8b-ca40-7c72-a7cc-9591afc12bd7,https://v3b.fal.media/files/b/0aa63c1a/kjR-SJKvCeJGvOD4fZ8J4.jpg,1024,768,319232767
541,a dramatic coastal cliff at sunrise,landscape_4_3,1895006499,019ffd8b-c87e-7f52-93d7-7d2f741f79a0,https://v3b.fal.media/files/b/0aa63c1a/Ag8SLDGjLWc4Rz3aGiWkU.jpg,1024,768,1895006499
544,a spa in bali,portrait_4_3,1114490720,019ffd8b-cd06-7c61-8c2c-08e8f0edcedf,https://v3b.fal.media/files/b/0aa63c1a/ucrwROSiI1yyp8wMoQGix.jpg,768,1024,1114490720
546,"portrait of a young couple in a studio with soft light, golden hour",portrait_4_3,1439736768,019ffd8b-cdee-7533-afcc-ed0f9754b645,https://v3b.fal.media/files/b/0aa63c1a/45a47EuyfiPNICCHuxDH6.jpg,768,1024,1439736768
545,"product photo of a coffee maker on a stone surface, high detail",portrait_4_3,1720464045,019ffd8b-cdbe-7803-8516-011cc9b7e7c8,https://v3b.fal.media/files/b/0aa63c1a/0yViBBQO2p0HEetpIQ5-t.jpg,768,1024,1720464045
548,"a handcrafted desk lamp for sale, natural light",portrait_4_3,177427302,019ffd8b-d0cb-77c0-b075-2ecfdf5c3433,https://v3b.fal.media/files/b/0aa63c1a/sds0fg0mjVlg0mhXkCbSk.jpg,768,1024,177427302
547,a museum hall in austin,portrait_4_3,901677137,019ffd8b-d09b-7550-93a9-2946139e36f1,https://v3b.fal.media/files/b/0aa63c1a/blxGMRT_-l4ylUuZtmST8.jpg,768,1024,901677137
549,a man taking a group selfie at a concert,landscape_4_3,623068253,019ffd8b-d3f4-7fd1-b7ff-597c86bf4089,https://v3b.fal.media/files/b/0aa63c1a/iUIImlIIYVKXjBpAGNmss.jpg,1024,768,623068253
550,a scenic waterfall at midday,landscape_4_3,1201177324,019ffd8b-d5af-7492-9b9e-23babd781ad7,https://v3b.fal.media/files/b/0aa63c1a/rBOHr1E7Y_sMRl6Mjj7hv.jpg,1024,768,1201177324
552,a dramatic waterfall at sunrise,portrait_4_3,1576817561,019ffd8b-d7b8-7310-ae51-1638e426a586,https://v3b.fal.media/files/b/0aa63c1a/-RILjAWJHZ9NsdoDDRSqo.jpg,768,1024,1576817561
551,photo of a golden retriever in a car,landscape_4_3,1927927146,019ffd8b-d797-7011-9dfd-79fb47f93c3f,https://v3b.fal.media/files/b/0aa63c2d/nKwfcMT4xtlJGolFb01n0.jpg,1024,768,1927927146
553,a hotel pool in amsterdam,portrait_4_3,904722082,019ffd8b-d8de-7000-bb75-ef66a06e13a0,https://v3b.fal.media/files/b/0aa63c1a/twnwtMP9Jc1weG7c3KkT4.jpg,768,1024,904722082
554,"people at a street parade, event photography",portrait_4_3,1509765423,019ffd8b-d927-71d3-82fc-47226e5b1c39,https://v3b.fal.media/files/b/0aa63c1a/oWe84N9INh6UjybzOAD_w.jpg,768,1024,1509765423
555,"product photo of a leather handbag on a neutral gray background, high detail",portrait_4_3,2004261038,019ffd8b-db63-70d3-8d2c-5ce2e15870b5,https://v3b.fal.media/files/b/0aa63c1a/_nCj7r6U0yabFjMUPK-6H.jpg,768,1024,2004261038
556,"product photo of a smartwatch on a pastel background, studio lighting",portrait_4_3,1696227260,019ffd8b-dbba-7140-a195-609452190040,https://v3b.fal.media/files/b/0aa63c1b/VBuCksBRmEIeLsZMqNyLw.jpg,768,1024,1696227260
558,a boutique shop in santorini,portrait_4_3,1545550993,019ffd8b-e102-7b82-8ac8-fbf3ce850aa2,https://v3b.fal.media/files/b/0aa63c1b/SpBLr38ES05GIscXHyyQj.jpg,768,1024,1545550993
559,"a vintage armchair for sale, marketplace listing photo",portrait_4_3,811299311,019ffd8b-e2e7-7353-ad03-ed12459323ee,https://v3b.fal.media/files/b/0aa63c1b/yT_w_pxeYb0KbxpoChL2h.jpg,768,1024,811299311
557,"product photo of sunglasses on a clean white background, high detail",landscape_4_3,1873189659,019ffd8b-df0e-7fa3-85e0-201f4b61bf1f,https://v3b.fal.media/files/b/0aa63c1b/ZgcuTvo7gHere45VR2dqy.jpg,1024,768,1873189659
561,photo of a hamster in a park,landscape_4_3,438612375,019ffd8b-e351-7833-a8a9-8dadaa3db972,https://v3b.fal.media/files/b/0aa63c1b/omao0jpAg_Lg4j0MUhqaK.jpg,1024,768,438612375
562,"product photo of a leather handbag on a neutral gray background, soft shadows",portrait_4_3,437879582,019ffd8b-e4a3-72c2-b3d7-172645a1ea61,https://v3b.fal.media/files/b/0aa63c1b/7q5FJFEwth30iURMcgkgB.jpg,768,1024,437879582
563,"product photo of wireless headphones on a clean white background, e-commerce style",landscape_4_3,1001145667,019ffd8b-e633-7d33-bbae-0fa5529e97e7,https://v3b.fal.media/files/b/0aa63c1b/OU5eQDdvxYjCTrVdKDTKM.jpg,1024,768,1001145667
564,"guests at a conference, event photography",portrait_4_3,1820895988,019ffd8b-e6a7-7142-b1c6-80e844f0c4f3,https://v3b.fal.media/files/b/0aa63c1b/33-s7WG6myA00mj0FHnqw.jpg,768,1024,1820895988
566,"a backyard barbecue with people around a grill, evening",landscape_4_3,845701793,019ffd8b-ec2f-7d22-b11d-54bf608f8d23,https://v3b.fal.media/files/b/0aa63c1b/BU9bDrtkb-5PjeReKO8pP.jpg,1024,768,845701793
567,"a brunch spread on a cafe table, natural light",landscape_4_3,702998546,019ffd8b-ed7b-7d93-b247-59ec5491be4a,https://v3b.fal.media/files/b/0aa63c1b/VDQI91NmyvOfzXBd5B92L.jpg,1024,768,702998546
568,"portrait of a child in a city sidewalk, candid look",landscape_4_3,970219222,019ffd8b-ee48-7770-8c8b-83e0ab23ced6,https://v3b.fal.media/files/b/0aa63c1b/8iGnh6qI3w9PnDaht7ZVr.jpg,1024,768,970219222
569,"a cozy interior photo, home office",portrait_4_3,2015123386,019ffd8b-eeac-7862-af40-beee2b21c9bd,https://v3b.fal.media/files/b/0aa63c1b/sW1-IWUN6-StPJHpmDqe1.jpg,768,1024,2015123386
570,"a sunny street scene in barcelona, evening lights",portrait_4_3,1318282131,019ffd8b-ef48-7c80-a963-6abca4311dcf,https://v3b.fal.media/files/b/0aa63c1b/0vPsG7mwVKhcQU2RD2xkM.jpg,768,1024,1318282131
565,"a gourmet pizza on a wooden table, appetizing",portrait_4_3,1784391836,019ffd8b-eacb-7730-922e-4be42267f949,https://v3b.fal.media/files/b/0aa63c1b/mPTaUdoeokailQg91wfW1.jpg,768,1024,1784391836
571,"pancakes with syrup on a marble counter, restaurant food photography",landscape_4_3,2135509209,019ffd8b-f076-7012-8344-74b8d38b5718,https://v3b.fal.media/files/b/0aa63c1b/3VpRQQZzkhRNLG5a3m73L.jpg,1024,768,2135509209
572,"group photo of friends on vacation, candid moment",landscape_4_3,1368642059,019ffd8b-f133-76a2-8f13-f579ec4bcaeb,https://v3b.fal.media/files/b/0aa63c1b/3s_yibch4yvpnk0eC4O7e.jpg,1024,768,1368642059
573,"a hospital waiting room, realistic photography",portrait_4_3,1502573293,019ffd8b-f7a2-76f0-b112-2af95f753188,https://v3b.fal.media/files/b/0aa63c1b/1OOf3l6WGOMjfoqcs72Q5.jpg,768,1024,1502573293
574,a brewery taproom in santorini,landscape_4_3,182004170,019ffd8b-f821-7bc3-ae1f-d9770540b070,https://v3b.fal.media/files/b/0aa63c1b/HLxLq5EE4WCRvXrxpridD.jpg,1024,768,182004170
576,"group photo of a family at a birthday party, natural poses",portrait_4_3,1659128533,019ffd8b-f99c-7213-b08f-e080e74a56d1,https://v3b.fal.media/files/b/0aa63c1b/EZmHZHhnTqeHWsi50mBFj.jpg,768,1024,1659128533
575,"attendees at a wedding reception, event photography",landscape_4_3,1241064365,019ffd8b-f937-7722-b399-0e23632b8288,https://v3b.fal.media/files/b/0aa63c1b/c0LbrK2U9dwJ6LCMBiBYw.jpg,1024,768,1241064365
577,a spa in prague,portrait_4_3,2118778333,019ffd8b-fa3a-7cb3-83b1-4385a0d90199,https://v3b.fal.media/files/b/0aa63c1b/-1zWl_L-oeCoslddnObHu.jpg,768,1024,2118778333
578,"a sunny street scene in chicago, morning light",landscape_4_3,1701580975,019ffd8b-faf8-7bf1-b8d4-55d3b4ec0b6c,https://v3b.fal.media/files/b/0aa63c1b/0uWJRKsJCGdmS0wDHffae.jpg,1024,768,1701580975
580,artisanal donuts photography,portrait_4_3,1695614214,019ffd8b-fbec-7b41-b174-468f155caedb,https://v3b.fal.media/files/b/0aa63c1b/3ujfVn4cVCaaLjL3JHUb8.jpg,768,1024,1695614214
579,a dramatic waterfall at midday,portrait_4_3,66115953,019ffd8b-fb30-74d1-8766-d677b1d70446,https://v3b.fal.media/files/b/0aa63c1b/t63ucptacruu-p-hCjRYQ.jpg,768,1024,66115953
581,a boutique shop in miami,landscape_4_3,1769323092,019ffd8c-02b5-7f12-8161-d5669ff2f4f1,https://v3b.fal.media/files/b/0aa63c1b/9Kip0OU9mDn5X5J2nset1.jpg,1024,768,1769323092
582,a spa in austin,portrait_4_3,781518719,019ffd8c-030d-77d0-af41-00439aad0a58,https://v3b.fal.media/files/b/0aa63c1c/pzEz7rRIRZDPe8byQwA4O.jpg,768,1024,781518719
584,"product photo of wireless headphones on a neutral gray background, studio lighting",landscape_4_3,1726236160,019ffd8c-0540-73a1-9d9c-e8d6d24c6276,https://v3b.fal.media/files/b/0aa63c1c/JlsNVm4DkuQwDtfC-4CPQ.jpg,1024,768,1726236160
585,candid photo of children with a puppy,landscape_4_3,420267930,019ffd8c-057d-7302-8fb8-a27063cec831,https://v3b.fal.media/files/b/0aa63c1c/51ek2A0sQOUU3Sdjd1kVV.jpg,1024,768,420267930
583,"group photo of a family on a hiking trip, daylight",landscape_4_3,503209996,019ffd8c-052f-7413-bd7d-26dc964501c9,https://v3b.fal.media/files/b/0aa63c2e/Q1TtsGr3RxtCnXEmfe36U.jpg,1024,768,503209996
586,a city skyline at dusk seen from a rooftop bar,landscape_4_3,2051931437,019ffd8c-061c-7500-853c-fb74f39c9d4b,https://v3b.fal.media/files/b/0aa63c2e/PdYPRjPGxbHBXSrCdqfPY.jpg,1024,768,2051931437
588,"a quiet street scene in barcelona, shop fronts",portrait_4_3,982518058,019ffd8c-06a6-7bc3-9d5f-4c86b3c43627,https://v3b.fal.media/files/b/0aa63c2e/E1oKQoH2eBlhiZvVrJXOo.jpg,768,1024,982518058
587,"a rustic interior photo, home office",portrait_4_3,1451841308,019ffd8c-0687-7280-a389-59f20110ade2,https://v3b.fal.media/files/b/0aa63c1c/8nPA04LOYcRXZNtRHBzdF.jpg,768,1024,1451841308
589,"portrait of a middle-aged man in a city sidewalk, natural light",landscape_4_3,720376226,019ffd8c-0d3e-7d72-adbd-6f8ee5b900e5,https://v3b.fal.media/files/b/0aa63c2e/9XH_IpWKMuWkVixpDvthq.jpg,1024,768,720376226
591,a teenager taking a mirror selfie at a festival,portrait_4_3,701694817,019ffd8c-1001-7ab3-98d3-4112c3268cbb,https://v3b.fal.media/files/b/0aa63c1c/EsLkczCdtEqoNdUQX1jqg.jpg,768,1024,701694817
590,"portrait of a middle-aged man in a sunlit cafe, natural light",landscape_4_3,763179184,019ffd8c-0fd5-7a31-abb8-dc9c386604e0,https://v3b.fal.media/files/b/0aa63c1c/DVsSt7vDhzybxR6_h6V7U.jpg,1024,768,763179184
592,"group photo of coworkers on vacation, natural poses",portrait_4_3,47611347,019ffd8c-10d2-7271-99cb-303f9d53f4f4,https://v3b.fal.media/files/b/0aa63c1c/STDmb0ooc2aMAEL1sLeXw.jpg,768,1024,47611347
593,"an infographic about coffee brewing methods, clean modern design",portrait_4_3,548706607,019ffd8c-1100-70b2-b386-56ddd06c41a5,https://v3b.fal.media/files/b/0aa63c2e/zeOwtAeMEjDlc7cJAzjlE.jpg,768,1024,548706607
595,"portrait of a smiling woman in an urban street, looking at camera",portrait_4_3,1317003755,019ffd8c-1194-74c3-b12b-6779e99467de,https://v3b.fal.media/files/b/0aa63c1c/krEhzroF3IbfjZAwgrpGS.jpg,768,1024,1317003755
594,photo of a golden retriever on a couch,portrait_4_3,1394366798,019ffd8c-1162-7b30-93d5-ce9d7e86e92c,https://v3b.fal.media/files/b/0aa63c1c/0vTmaSipftRBen7YUmRVK.jpg,768,1024,1394366798
596,"group photo of coworkers in an office, natural poses",landscape_4_3,1488313259,019ffd8c-1680-7a22-b4b5-4c30ed0cc614,https://v3b.fal.media/files/b/0aa63c1c/w_byggeMYDzQhcC93Jn3m.jpg,1024,768,1488313259
597,"group photo of classmates in front of a landmark, everyone smiling",portrait_4_3,1120019135,019ffd8c-191f-7213-a963-ebd36186e967,https://v3b.fal.media/files/b/0aa63c1c/wQuJAXl4a1pHotWwTaOLr.jpg,768,1024,1120019135
598,"group photo of classmates in front of a landmark, candid moment",portrait_4_3,799807493,019ffd8c-1bd5-7722-9432-c7abd17d9cc9,https://v3b.fal.media/files/b/0aa63c1c/vW_1RDk22DFUs-E1g6bDy.jpg,768,1024,799807493
600,"a poke bowl on a wooden table, close up",landscape_4_3,2062731432,019ffd8c-1cb2-7223-b69d-eeef416f6674,https://v3b.fal.media/files/b/0aa63c1c/FoMI7st6oOFS_osXuyqwP.jpg,1024,768,2062731432
602,"a rustic interior photo, living room",portrait_4_3,1772591186,019ffd8c-1d6f-7ba2-80ac-828f46c8dc8b,https://v3b.fal.media/files/b/0aa63c1c/6JblKkR63aiOWb0J_FvoJ.jpg,768,1024,1772591186
601,"product photo of sunglasses on a clean white background, e-commerce style",portrait_4_3,1771348039,019ffd8c-1cbf-7010-9811-696936249a40,https://v3b.fal.media/files/b/0aa63c1c/OXoqelFhV2XsrsmC1dF7F.jpg,768,1024,1771348039
599,"a cozy interior photo, hotel room",portrait_4_3,219910192,019ffd8c-1bd7-7ae0-a129-40a6d024c5d9,https://v3b.fal.media/files/b/0aa63c1c/flj1A8HycRD2Pz85Rp2gg.jpg,768,1024,219910192
605,a couple taking a mirror selfie at a beach,landscape_4_3,295008306,019ffd8c-240d-7b22-8a04-720c437129c9,https://v3b.fal.media/files/b/0aa63c1c/AVDANdqCypJuzoZ7U_F3l.jpg,1024,768,295008306
603,"a modern desk lamp for sale, marketplace listing photo",landscape_4_3,74086087,019ffd8c-215a-74d1-90dc-0b0bcafa3dd6,https://v3b.fal.media/files/b/0aa63c1c/LxIiWU0SwueCccH7uzVEV.jpg,1024,768,74086087
604,a misty forest trail at midday,landscape_4_3,825973789,019ffd8c-2281-7831-afa9-3111a799424e,https://v3b.fal.media/files/b/0aa63c1c/D002ZcETXM5kUKiuLAtA8.jpg,1024,768,825973789
607,"a modern plant stand for sale, marketplace listing photo",portrait_4_3,1030986691,019ffd8c-280c-7fd0-adbd-263739e4e1dd,https://v3b.fal.media/files/b/0aa63c1c/-_zuwPDL_fqtgFBeCXVYs.jpg,768,1024,1030986691
606,a museum hall in bali,landscape_4_3,1064304554,019ffd8c-2791-71b3-940b-3c1ba4ae3cdd,https://v3b.fal.media/files/b/0aa63c1c/ooc16NJfep_bZ7kfXm-At.jpg,1024,768,1064304554
609,a misty waterfall at golden hour,landscape_4_3,125948070,019ffd8c-2c47-7c13-952a-7f9c2dbde749,https://v3b.fal.media/files/b/0aa63c1d/yt1butGvwIrH9X25zUYUn.jpg,1024,768,125948070
608,"a quiet street scene in a mexican town, shop fronts",landscape_4_3,491340420,019ffd8c-28db-73b2-b8ed-eb6d361a1faa,https://v3b.fal.media/files/b/0aa63c1d/EWtoBk4cc_gRDC3X3GUDd.jpg,1024,768,491340420
610,"a sunny street scene in lisbon, morning light",portrait_4_3,1257197461,019ffd8c-2d05-7d21-b917-da29459e33a8,https://v3b.fal.media/files/b/0aa63c1d/ZD4PbJKCyKZAzg6Lz7v5u.jpg,768,1024,1257197461
611,artisanal cupcakes photography,landscape_4_3,986248652,019ffd8c-2ef3-7f80-ab6e-8bf5a5432119,https://v3b.fal.media/files/b/0aa63c1d/4iJaVFaqeO1RIehWzsRdS.jpg,1024,768,986248652
612,"portrait of a man in a suit in a park, soft bokeh background",landscape_4_3,395771927,019ffd8c-2f3b-7152-a008-e1ab213d2d10,https://v3b.fal.media/files/b/0aa63c1d/Z-2VBBrc6i5B8dvxE8PDY.jpg,1024,768,395771927
613,a misty waterfall at sunrise,landscape_4_3,526927895,019ffd8c-2f3a-76b1-85c5-df8d801e57d6,https://v3b.fal.media/files/b/0aa63c1d/uC0Y6InuGGuoy6d5RAESl.jpg,1024,768,526927895
614,"product photo of a mechanical keyboard on a pastel background, studio lighting",landscape_4_3,1356044159,019ffd8c-32e4-7fc0-9da2-ed9d58a74155,https://v3b.fal.media/files/b/0aa63c1d/QkiYBFlvmofDhNlmHNKXl.jpg,1024,768,1356044159
616,candid photo of kids with a puppy,portrait_4_3,147566066,019ffd8c-36e8-7673-a640-ae0ab26afe96,https://v3b.fal.media/files/b/0aa63c1d/QumDq9gESTKe__aIw-cLJ.jpg,768,1024,147566066
615,"portrait of a child in a garden, soft bokeh background",portrait_4_3,1102825769,019ffd8c-32e4-7443-a481-db0bf1af16e1,https://v3b.fal.media/files/b/0aa63c1d/REDhThLHNpWG1vgSt4EJz.jpg,768,1024,1102825769
617,"a steak dinner on a marble counter, close up",portrait_4_3,2042949198,019ffd8c-37f4-72d1-9171-044f3453c176,https://v3b.fal.media/files/b/0aa63c1d/f3iJqTmG0ozXYVVedjcK2.jpg,768,1024,2042949198
618,a teenager taking a group selfie at a concert,portrait_4_3,601653477,019ffd8c-38e7-7573-ad8f-b75799faf469,https://v3b.fal.media/files/b/0aa63c1d/hAfOWiQCA40Xir6ESZuf6.jpg,768,1024,601653477
619,"a rainy street scene in tokyo, evening lights",portrait_4_3,1374883737,019ffd8c-39d7-7bc3-92c7-80b7d4e7799d,https://v3b.fal.media/files/b/0aa63c1d/57nbHxFi62G60t1P1J-It.jpg,768,1024,1374883737
620,photo of a labrador puppy in a backyard,landscape_4_3,156674425,019ffd8c-3a8e-7f32-8aae-34d458586655,https://v3b.fal.media/files/b/0aa63c1d/modPLimgT3n8lkXHsQf12.jpg,1024,768,156674425
621,"portrait of a child in an urban street, warm tones",landscape_4_3,1565028094,019ffd8c-3aa4-7201-855f-412094985411,https://v3b.fal.media/files/b/0aa63c1d/YUoIDVpjN-bnRbXfBBFVT.jpg,1024,768,1565028094
622,"group photo of a sports team at a restaurant table, smartphone photo style",landscape_4_3,26470806,019ffd8c-3d16-70d2-8382-057eae119ba5,https://v3b.fal.media/files/b/0aa63c1d/XvYMFyruTiZnun14nyhfH.jpg,1024,768,26470806
623,a dramatic mountain range at midday,landscape_4_3,1215329527,019ffd8c-41d2-7ea2-9c82-de957b22a8eb,https://v3b.fal.media/files/b/0aa63c1d/PbHojfeDciR-U7F8r_5dH.jpg,1024,768,1215329527
624,a man taking a group selfie at a festival,landscape_4_3,720950725,019ffd8c-4282-7a11-83eb-4b3c499e824c,https://v3b.fal.media/files/b/0aa63c1d/312OZ290MgAJI8BDcHxuK.jpg,1024,768,720950725
625,"a salad bowl on a cafe table, close up",landscape_4_3,773019108,019ffd8c-42bd-70b3-9eee-f80de1c9962a,https://v3b.fal.media/files/b/0aa63c1d/IdGs0coSOK4X-qB3ICZkj.jpg,1024,768,773019108
626,"sushi platter on a marble counter, restaurant food photography",landscape_4_3,956522134,019ffd8c-4496-7212-b86b-866fa807dc99,https://v3b.fal.media/files/b/0aa63c1d/9uKyoATyX8y0iHkwHFets.jpg,1024,768,956522134
627,"portrait of a elderly woman in a market, looking at camera",landscape_4_3,1598055068,019ffd8c-44ed-7ac1-a0ff-bd64a88ce2e3,https://v3b.fal.media/files/b/0aa63c1d/ZjZQifESMGYM3N9dh1byv.jpg,1024,768,1598055068
628,"a burger and fries on a restaurant table, overhead shot",landscape_4_3,166491399,019ffd8c-454a-7cf3-8eb8-e65db0d21b15,https://v3b.fal.media/files/b/0aa63c30/5QwA5yHQS0jUfNd_o8z7K.jpg,1024,768,166491399
629,a dramatic coastal cliff at golden hour,portrait_4_3,831497815,019ffd8c-46b3-7983-999c-49cf0dbf2bb0,https://v3b.fal.media/files/b/0aa63c1d/rpVbKNJErhRc92fNF2rxC.jpg,768,1024,831497815
630,a scenic desert vista at sunrise,portrait_4_3,943515436,019ffd8c-4807-7583-89ad-7bdc5ae0bd4a,https://v3b.fal.media/files/b/0aa63c1d/aVVTVNu4hgatp1NEdm9h8.jpg,768,1024,943515436
631,a scenic desert vista at midday,portrait_4_3,267828591,019ffd8c-4ded-7a52-8a5f-288f652a5cf5,https://v3b.fal.media/files/b/0aa63c1d/SA-eAZ9w91tIUUcRM8lJX.jpg,768,1024,267828591
633,artisanal coffee with latte art photography,landscape_4_3,912183821,019ffd8c-4f46-7810-84d9-83560c407518,https://v3b.fal.media/files/b/0aa63c1d/WDjVWXowt25ddOxnbM5EK.jpg,1024,768,912183821
632,"tacos on a marble counter, appetizing",portrait_4_3,461058342,019ffd8c-4eb7-7063-b843-788cee64ef3b,https://v3b.fal.media/files/b/0aa63c1d/RlOfduKbx7UE0g-V7yZmf.jpg,768,1024,461058342
634,"portrait of a woman in her 30s in a park, outdoor light",landscape_4_3,2134198102,019ffd8c-50c4-76a3-a025-ec5ed1865c0e,https://v3b.fal.media/files/b/0aa63c1d/WfZ_eBrBRj2oP_rXDwrtH.jpg,1024,768,2134198102
635,"product photo of a coffee maker on a stone surface, e-commerce style",landscape_4_3,2097108849,019ffd8c-520f-79c1-bbd3-fdde30061418,https://v3b.fal.media/files/b/0aa63c1e/WndnvF7xaxbi7sZpCYNdA.jpg,1024,768,2097108849
636,a couple taking a group selfie at a concert,portrait_4_3,173099907,019ffd8c-526c-7a23-b410-084e65dcfbf5,https://v3b.fal.media/files/b/0aa63c1e/nLHtbYDbUKQuXY85raPHQ.jpg,768,1024,173099907
638,a misty mountain range at sunset,landscape_4_3,269308698,019ffd8c-5477-7242-95e3-34df24706c0e,https://v3b.fal.media/files/b/0aa63c1e/dr397j0jaQy5sR3sSMTnW.jpg,1024,768,269308698
637,"a quiet street scene in new york, candid pedestrians",landscape_4_3,1180929267,019ffd8c-5477-7a61-8ed3-7129ddd4b74a,https://v3b.fal.media/files/b/0aa63c1e/BR43TZ_n8oyjqmwkmur4i.jpg,1024,768,1180929267
639,"portrait of a young couple in an office, slight smile",portrait_4_3,706097255,019ffd8c-5a8a-77a2-8e8a-882d34120af8,https://v3b.fal.media/files/b/0aa63c1e/AlaK0u6lQyuMC5JvHotJh.jpg,768,1024,706097255
641,a misty waterfall at sunset,portrait_4_3,1560128718,019ffd8c-5ca0-72c1-850a-9496e46f9c77,https://v3b.fal.media/files/b/0aa63c1e/qzv-ooEplxBSyYkPJowJz.jpg,768,1024,1560128718
640,freshly baked coffee with latte art photography,portrait_4_3,1699350533,019ffd8c-5c43-7a72-9525-e6f24d5fbb8b,https://v3b.fal.media/files/b/0aa63c30/ii16P14u9uiH1f9R8L8Ks.jpg,768,1024,1699350533
642,a woman taking a selfie at a city street at night,landscape_4_3,1750441081,019ffd8c-5e4f-78e1-9879-d635c70cf4fb,https://v3b.fal.media/files/b/0aa63c1e/Ozeu_2b3k3f_XpD2dhtij.jpg,1024,768,1750441081
644,"product photo of a backpack on a stone surface, studio lighting",landscape_4_3,1850055902,019ffd8c-5ea7-7ce1-bf4b-c05dae197fd4,https://v3b.fal.media/files/b/0aa63c1e/crmPhBDIGpcKVNj_vUV8M.jpg,1024,768,1850055902
643,"a quiet street scene in new york, shop fronts",portrait_4_3,1143966057,019ffd8c-5eac-7d81-8ace-4d402410c171,https://v3b.fal.media/files/b/0aa63c1e/BsF8p9Zc_-12wU_8hGO64.jpg,768,1024,1143966057
646,a boutique shop in amsterdam,landscape_4_3,2101935929,019ffd8c-61ae-7331-9d01-bc609d93a424,https://v3b.fal.media/files/b/0aa63c1e/uahDQQWd6hDVS-WoC90tc.jpg,1024,768,2101935929
645,"portrait of a middle-aged man in a garden, window light",landscape_4_3,1923298536,019ffd8c-61ad-71b1-a5e3-9ae2091e587a,https://v3b.fal.media/files/b/0aa63c30/wzT4p8-FKsm-CFXxkts1q.jpg,1024,768,1923298536
647,"a rainy street scene in paris, daytime",portrait_4_3,1674302406,019ffd8c-67d3-73b0-bcf1-67512455c1ab,https://v3b.fal.media/files/b/0aa63c31/ONyFKdaAPuTvKcRLpBDXA.jpg,768,1024,1674302406
649,a man taking a selfie at a city street at night,landscape_4_3,1693934419,019ffd8c-695a-7c82-833b-55dca9b9642c,https://v3b.fal.media/files/b/0aa63c1e/yNxCdQgVGs1OIfOlVCK_8.jpg,1024,768,1693934419
648,"a vintage armchair for sale, natural light",landscape_4_3,869257354,019ffd8c-695a-71c3-a946-143faeb82baf,https://v3b.fal.media/files/b/0aa63c1e/NjW-6hik1B1gTDe-7OY0j.jpg,1024,768,869257354
650,"product photo of a leather handbag on a stone surface, high detail",landscape_4_3,829635228,019ffd8c-6b5c-7393-b5d9-1e1aee4a31e5,https://v3b.fal.media/files/b/0aa63c1e/EePxey8kHeewRsxNdrnPn.jpg,1024,768,829635228
651,"a rainy street scene in barcelona, cafes and awnings",landscape_4_3,581949552,019ffd8c-6c50-73d1-a6c7-dd6d99b7bb6f,https://v3b.fal.media/files/b/0aa63c1e/9iWZlkCePIRXWgF8Cb8TH.jpg,1024,768,581949552
652,a resort lobby in austin,portrait_4_3,701004323,019ffd8c-6cab-7853-b9ed-6023e814f2d0,https://v3b.fal.media/files/b/0aa63c1e/ctJVY5VFQSZoM0EXqo8pI.jpg,768,1024,701004323
653,"a rainy street scene in lisbon, candid pedestrians",portrait_4_3,1762666194,019ffd8c-6f18-7140-b682-8dbf0a2a7203,https://v3b.fal.media/files/b/0aa63c1e/n3f1H_rlPa_MX0Wrqcj5E.jpg,768,1024,1762666194
654,"a crowd at a street parade, event photography",landscape_4_3,209439455,019ffd8c-6f24-7b13-82b4-a05b45a49cba,https://v3b.fal.media/files/b/0aa63c1e/BYg7OScW7rZk6YbqmMiX2.jpg,1024,768,209439455
655,"portrait of a child in a market, warm tones",portrait_4_3,714262645,019ffd8c-75ad-79b3-87b5-20ea19bbff12,https://v3b.fal.media/files/b/0aa63c1e/xnHYoKVPGXORzTCgYVhX5.jpg,768,1024,714262645
657,"a modern plant stand for sale, home setting",landscape_4_3,632591350,019ffd8c-76e5-7c41-b771-5f9bd74f9903,https://v3b.fal.media/files/b/0aa63c1e/eBeC-pq9WHidfp8xetalh.jpg,1024,768,632591350
656,a man taking a selfie at the gym,landscape_4_3,1658395100,019ffd8c-76e0-7500-a874-964b5ca34ea1,https://v3b.fal.media/files/b/0aa63c31/16GcSnbdSrkR-eCHDH1ZM.jpg,1024,768,1658395100
658,"portrait of a child in a rooftop, outdoor light",portrait_4_3,124342328,019ffd8c-78ee-78d3-b395-b7c5b470833a,https://v3b.fal.media/files/b/0aa63c1f/R4klGFcMWgoTPGSSvdqaX.jpg,768,1024,124342328
660,"group photo of a sports team on vacation, everyone smiling",landscape_4_3,1717046345,019ffd8c-794d-7b83-aaec-5376524ef6cb,https://v3b.fal.media/files/b/0aa63c1f/pHbknHLrkErRqYVeP67Mq.jpg,1024,768,1717046345
659,a man taking a group selfie at a city street at night,landscape_4_3,2129628147,019ffd8c-794e-7fb3-a8df-a89cc4f60657,https://v3b.fal.media/files/b/0aa63c31/RbKjjV78vieMzSQ02LXAR.jpg,1024,768,2129628147
661,a brewery taproom in austin,portrait_4_3,2122314830,019ffd8c-7c56-7ed1-81bd-e0fd193421c5,https://v3b.fal.media/files/b/0aa63c1f/5ACvfECDiuB7bz2tj1KeF.jpg,768,1024,2122314830
662,"group photo of a sports team in an office, smartphone photo style",portrait_4_3,657789440,019ffd8c-7d07-7ec0-9e84-a97bb7926f93,https://v3b.fal.media/files/b/0aa63c1f/IGHaLIabZaYDgGe_Ij7LH.jpg,768,1024,657789440
663,"portrait of a woman in her 30s in a studio with soft light, warm tones",landscape_4_3,1368009304,019ffd8c-838a-7650-803e-4b893767e543,https://v3b.fal.media/files/b/0aa63c1f/KGFStuy5Pmfhj_jklHzN5.jpg,1024,768,1368009304
665,"product photo of a smartwatch on a neutral gray background, studio lighting",landscape_4_3,1551403079,019ffd8c-84d7-7b02-b5e4-9cf325623b16,https://v3b.fal.media/files/b/0aa63c1f/cHx3wLbxUb3Rcsg4nMaRr.jpg,1024,768,1551403079
664,"portrait of a young woman in a studio with soft light, golden hour",landscape_4_3,693002593,019ffd8c-8411-78c3-8a24-12a58009ff97,https://v3b.fal.media/files/b/0aa63c31/7BtXJbd4nkcKwgN04xKpM.jpg,1024,768,693002593
668,"a modern desk lamp for sale, natural light",portrait_4_3,2004721551,019ffd8c-8686-7df2-aed4-00888c8d4570,https://v3b.fal.media/files/b/0aa63c1f/kqbGFmKpNAopFFWBDONZv.jpg,768,1024,2004721551
667,"product photo of sunglasses on a pastel background, soft shadows",landscape_4_3,1626069617,019ffd8c-8685-7272-bfa1-09690db63da5,https://v3b.fal.media/files/b/0aa63c1f/bO6ZxrzFMds5lDdOk7P31.jpg,1024,768,1626069617
666,"portrait of a man with a beard in a studio with soft light, casual clothing",portrait_4_3,1833610825,019ffd8c-868a-73d3-b61c-d9cdc7d96745,https://v3b.fal.media/files/b/0aa63c31/EYi5fNlMju2k1BMPKf9hq.jpg,768,1024,1833610825
669,"a handcrafted desk lamp for sale, clear product focus",portrait_4_3,425217198,019ffd8c-8a0d-7ed3-8948-29d2f67e4bd0,https://v3b.fal.media/files/b/0aa63c1f/NJrKXZC5BsrfXt_CoVwnm.jpg,768,1024,425217198
670,"a rainy street scene in paris, morning light",landscape_4_3,1223556935,019ffd8c-8a13-73f3-9308-12d0882f2f22,https://v3b.fal.media/files/b/0aa63c1f/XN_evYl1gyzbxzspcoywh.jpg,1024,768,1223556935
671,"a rainy street scene in barcelona, candid pedestrians",portrait_4_3,1913271546,019ffd8c-902f-7222-ba0a-b253e2b97add,https://v3b.fal.media/files/b/0aa63c1f/2SXAI0T75zV5R7GCnhtMh.jpg,768,1024,1913271546
672,"a vintage record player for sale, marketplace listing photo",landscape_4_3,1966352967,019ffd8c-90cf-77f3-8fdc-e4440d0280cf,https://v3b.fal.media/files/b/0aa63c1f/XIeHTJsx-g2iGlu5I5zCl.jpg,1024,768,1966352967
673,"group photo of a sports team in front of a landmark, everyone smiling",landscape_4_3,1597861099,019ffd8c-917f-7883-9f2f-f7874d43c213,https://v3b.fal.media/files/b/0aa63c1f/wWeJY7wEOUmXPBeUzLTDJ.jpg,1024,768,1597861099
675,"a modern wall art print for sale, home setting",landscape_4_3,1270464939,019ffd8c-92da-79b0-bf1d-a5007cdc1db9,https://v3b.fal.media/files/b/0aa63c1f/kRDKeoLoeHUcmY0xB-g-8.jpg,1024,768,1270464939
674,"a bowl of ramen on a marble counter, restaurant food photography",portrait_4_3,1667871214,019ffd8c-92d4-77d2-9ccb-f9d92ce3bd40,https://v3b.fal.media/files/b/0aa63c1f/CIeKE39LOTfOsDpnm_cJ4.jpg,768,1024,1667871214
676,"portrait of a elderly woman in a city sidewalk, slight smile",landscape_4_3,272720382,019ffd8c-93f7-72b0-b038-18f6883a8a92,https://v3b.fal.media/files/b/0aa63c1f/C_d2mfwjf5tvNtS5Rc0Av.jpg,1024,768,272720382
677,"portrait of a man in a suit in a home living room, looking at camera",portrait_4_3,675814057,019ffd8c-96f8-7d00-8167-867d7fc5b346,https://v3b.fal.media/files/b/0aa63c32/PSb9fyx4fiQe8NggvjxaB.jpg,768,1024,675814057
678,a teenager taking a mirror selfie at the gym,portrait_4_3,1485499222,019ffd8c-9858-7210-a6fc-9c2381e2ef38,https://v3b.fal.media/files/b/0aa63c1f/ktAS4uP63RgSc9x-RKomd.jpg,768,1024,1485499222
680,a woman taking a mirror selfie at a festival,landscape_4_3,989558481,019ffd8c-9e26-7253-a4b1-b74687e1fb8f,https://v3b.fal.media/files/b/0aa63c20/QeaXl7T2djnKI8Pgxwazz.jpg,1024,768,989558481
679,"portrait of a elderly woman in a market, casual clothing",landscape_4_3,223938165,019ffd8c-9dd9-7821-8a3a-4ca58e5bcf6b,https://v3b.fal.media/files/b/0aa63c20/OXueixNaUN-RGxip7Cq7q.jpg,1024,768,223938165
681,"portrait of a child in a sunlit cafe, looking at camera",landscape_4_3,2102787629,019ffd8c-9e39-7982-bb38-11ba54d3828c,https://v3b.fal.media/files/b/0aa63c1f/VccLZCkXzeeA5a3WdUOg2.jpg,1024,768,2102787629
684,photo of a french bulldog in a park,portrait_4_3,1433115226,019ffd8c-a099-71a3-ab7f-74ee73054eb6,https://v3b.fal.media/files/b/0aa63c20/GXvI5w6f_WSg_SdDt0fc0.jpg,768,1024,1433115226
682,"group photo of friends at a birthday party, daylight",landscape_4_3,446348895,019ffd8c-9fdd-7a31-a2a0-6a5e86dd7b12,https://v3b.fal.media/files/b/0aa63c20/DOLnNPy4VJQ0uByPDdwTb.jpg,1024,768,446348895
683,"pancakes with syrup on a wooden table, appetizing",portrait_4_3,641583774,019ffd8c-a039-72c2-91f1-70652a38a42e,https://v3b.fal.media/files/b/0aa63c20/9dMD4thnhCciub-d3UeBb.jpg,768,1024,641583774
685,"product photo of a leather handbag on a pastel background, studio lighting",landscape_4_3,1851872148,019ffd8c-a3f0-7903-af6a-1272093a6192,https://v3b.fal.media/files/b/0aa63c20/p1-e6VPU6nEzXdrtvPKPs.jpg,1024,768,1851872148
687,"a quiet street scene in new york, evening lights",portrait_4_3,591032112,019ffd8c-aa78-76c1-be79-62e3c9973634,https://v3b.fal.media/files/b/0aa63c20/yRcssjL5As64NZDp2RrC4.jpg,768,1024,591032112
686,"group photo of classmates at a wedding, natural poses",landscape_4_3,610220094,019ffd8c-a602-7962-aacc-bdd23397a1c3,https://v3b.fal.media/files/b/0aa63c20/w1K3Nr36nZCz5gHeG55uu.jpg,1024,768,610220094
689,"product photo of sunglasses on a pastel background, studio lighting",portrait_4_3,1229555373,019ffd8c-ac20-7f32-8338-fa34060c2832,https://v3b.fal.media/files/b/0aa63c20/03h_HQPKN1k2bii07F1QM.jpg,768,1024,1229555373
688,"a quiet street scene in tokyo, evening lights",landscape_4_3,579537227,019ffd8c-ab6f-78c1-af59-0e25eed01ecf,https://v3b.fal.media/files/b/0aa63c20/YjR3vao0Fe32GBS2b-4DD.jpg,1024,768,579537227
690,"group photo of a family at a wedding, daylight",landscape_4_3,1018935628,019ffd8c-ac96-7c12-8fd5-355866afbd36,https://v3b.fal.media/files/b/0aa63c20/RA59pBVzfFK5xZTlWsE7b.jpg,1024,768,1018935628
692,"a poke bowl on a cafe table, close up",landscape_4_3,956400725,019ffd8c-ad75-7451-8ce3-e1d27be9d31b,https://v3b.fal.media/files/b/0aa63c32/4-j45E50ZAhD21LSHHxob.jpg,1024,768,956400725
693,a dramatic mountain range at sunset,landscape_4_3,543227552,019ffd8c-b10f-77d1-815f-e925d3b90d22,https://v3b.fal.media/files/b/0aa63c32/NNscNFFFgI8vciOWKNHWb.jpg,1024,768,543227552
691,a brewery taproom in bali,landscape_4_3,102986343,019ffd8c-acea-7ea1-b16b-6d8f61e37671,https://v3b.fal.media/files/b/0aa63c20/m9G8vfSpilNj-UYDO4XXW.jpg,1024,768,102986343
694,"a burger and fries on a cafe table, overhead shot",landscape_4_3,891403372,019ffd8c-b72c-7430-aa20-0141b15bb353,https://v3b.fal.media/files/b/0aa63c20/Tq26sZ7XymiIvSlGSTpzs.jpg,1024,768,891403372
695,"group photo of friends at a wedding, daylight",landscape_4_3,107613300,019ffd8c-b7bc-7ab3-a7e5-3dd8944709ea,https://v3b.fal.media/files/b/0aa63c20/ELll5Rdd1Y1sS6GirJ0KD.jpg,1024,768,107613300
696,"portrait of a smiling woman in an urban street, casual clothing",landscape_4_3,21372270,019ffd8c-b879-7e93-99e4-9759f7a8d145,https://v3b.fal.media/files/b/0aa63c20/d4V7BDAfnpRT6ZV-ayMl3.jpg,1024,768,21372270
697,"a busy street scene in barcelona, shop fronts",portrait_4_3,427403191,019ffd8c-b8d7-71d0-bc60-66b91965b387,https://v3b.fal.media/files/b/0aa63c20/JEkyw2KZLF_E0ew872vl5.jpg,768,1024,427403191
698,"portrait of a man in a suit in a garden, warm tones",landscape_4_3,1680760333,019ffd8c-ba77-7f21-9a6c-2cc243da6669,https://v3b.fal.media/files/b/0aa63c20/Vvykzt8xZqPzg2XqOxvou.jpg,1024,768,1680760333
699,"a rainy street scene in paris, shop fronts",landscape_4_3,2030038649,019ffd8c-bae3-7ee2-b3e7-b873a20fa614,https://v3b.fal.media/files/b/0aa63c20/qxhujo8XBuVXCNag5NePv.jpg,1024,768,2030038649
700,"group photo of classmates at a birthday party, smartphone photo style",portrait_4_3,1904999687,019ffd8c-be42-7f30-bc8e-bb63bd42765f,https://v3b.fal.media/files/b/0aa63c33/pLJ7h8XO2sa5fkMJPyBFR.jpg,768,1024,1904999687
560,"candid photo of children playing in a yard",portrait_4_3,1613536087,019ffd8e-076b-75e3-93cd-660ba06173be,https://v3b.fal.media/files/b/0aa63c29/GnDvz9Lt8clMokgpx-OoR.jpg,768,1024,1613536087
