path,label,family,source,license,split,prompt_id,scene_group,transform_tags,sha256,size_bytes
/home/sparky/f01d/data/holdout_oos/ai_sd_db/sd_000779.jpg,ai,latent_diffusion,sd_db,DiffusionDB research license,sealed,,,[],830f2607145c554d88aca105b8a956c53e9ac980090ac47d2fa714b7492b488c,2227007
/home/sparky/f01d/data/holdout_oos/ai_sd_db/sd_002958.jpg,ai,latent_diffusion,sd_db,DiffusionDB research license,sealed,,,[],41627b2ddd9aa32f268c100efe52c8682902e8370685622e3f849bc37e9343bd,690021
/home/sparky/f01d/data/holdout_oos/ai_sd_db/sd_002033.jpg,ai,latent_diffusion,sd_db,DiffusionDB research license,sealed,,,[],40045bcd5bd698306d2ad0d928856d5126bfba8dada206077bb7b432a75f5866,643275
/home/sparky/f01d/data/holdout_oos/ai_sd_db/sd_001372.jpg,ai,latent_diffusion,sd_db,DiffusionDB research license,sealed,,,[],9e43cb34950b0d0902a83d1bb996e70581bb9f22bc199f38ccce6f826b949f7b,698917
/home/sparky/f01d/data/holdout_oos/ai_sd_db/sd_001350.jpg,ai,latent_diffusion,sd_db,DiffusionDB research license,sealed,,,[],13010b4a09cc8a70bd3015326da909dbcd6b76acf851fcda58952d7db1f0c2e2,631984
/home/sparky/f01d/data/holdout_oos/ai_sd_db/sd_002365.jpg,ai,latent_diffusion,sd_db,DiffusionDB research license,sealed,,,[],6bf74fb05dd58e08642651a37bec570a0af66c470b3f20460bd1c3906d8e02b1,770178
/home/sparky/f01d/data/holdout_oos/ai_sd_db/sd_001691.jpg,ai,latent_diffusion,sd_db,DiffusionDB research license,sealed,,,[],5e2c117f3e79bb683f5356dbbc5dd391a5019edbd281c57ee06453dc5050d372,399943
/home/sparky/f01d/data/holdout_oos/ai_sd_db/sd_001274.jpg,ai,latent_diffusion,sd_db,DiffusionDB research license,sealed,,,[],fb6aba84da27f800104a5f3594099c72103b8800650b87795fd30c486540a45d,493844
/home/sparky/f01d/data/holdout_oos/ai_sd_db/sd_000988.jpg,ai,latent_diffusion,sd_db,DiffusionDB research license,sealed,,,[],fd2e4cdf0d3e5c8116dcbb3b87c762e008da2bfb09e1facf979f1f9bd0439d79,807487
/home/sparky/f01d/data/holdout_oos/ai_sd_db/sd_000070.jpg,ai,latent_diffusion,sd_db,DiffusionDB research license,sealed,,,[],9e4951e1698f3d5d5ce786455bc71f3024a6e3629f1808d2c94fc905ab5c50d6,590856
/home/sparky/f01d/data/holdout_oos/ai_sd_db/sd_001593.jpg,ai,latent_diffusion,sd_db,DiffusionDB research license,sealed,,,[],0f1cc00e01661467ee8d5c19f58084a30dc0efa532854cb4c36eaf5c9ed91da3,479959
/home/sparky/f01d/data/holdout_oos/ai_sd_db/sd_002941.jpg,ai,latent_diffusion,sd_db,DiffusionDB research license,sealed,,,[],201600b2ba8c679c1eef29d348be04d09f70f9599d68af007903b4f5dd7e63d2,788680
/home/sparky/f01d/data/holdout_oos/ai_sd_db/sd_000177.jpg,ai,latent_diffusion,sd_db,DiffusionDB research license,sealed,,,[],d9abc34606e2b71305e52249dff387d7de86cdb240f0180d74174134fee001f5,597179
/home/sparky/f01d/data/holdout_oos/ai_sd_db/sd_001430.jpg,ai,latent_diffusion,sd_db,DiffusionDB research license,sealed,,,[],f9ab9e92f7fbcaecbcb2c884392739215d2bbd161dfebd336c36bd311fc25f61,428727
/home/sparky/f01d/data/holdout_oos/ai_sd_db/sd_002967.jpg,ai,latent_diffusion,sd_db,DiffusionDB research license,sealed,,,[],f6858b1482cc9ade65f4178efa0665f5387808a6a7ce42ed0b20c4632d13c4e5,489483
/home/sparky/f01d/data/holdout_oos/ai_sd_db/sd_001473.jpg,ai,latent_diffusion,sd_db,DiffusionDB research license,sealed,,,[],4904af7972fdf3872ef09b01bb256b73242adc443359f3d27452c84e3b50d157,278755
/home/sparky/f01d/data/holdout_oos/ai_sd_db/sd_001417.jpg,ai,latent_diffusion,sd_db,DiffusionDB research license,sealed,,,[],9e999d5eb85458b7af11ab2bcbfc87b99d3fa370e2092d0ed95ba5ec70d6c2af,555684
/home/sparky/f01d/data/holdout_oos/ai_sd_db/sd_002508.jpg,ai,latent_diffusion,sd_db,DiffusionDB research license,sealed,,,[],6ab1b8d55ad89bde4f9df2299717f045c00d5210b67595f251c2b6069f3d0e24,408092
/home/sparky/f01d/data/holdout_oos/ai_sd_db/sd_000480.jpg,ai,latent_diffusion,sd_db,DiffusionDB research license,sealed,,,[],b1ee9854c15e41a18a9bfc129643c6e15737b89fa26668e847b259b307756582,486314
/home/sparky/f01d/data/holdout_oos/ai_sd_db/sd_001650.jpg,ai,latent_diffusion,sd_db,DiffusionDB research license,sealed,,,[],7e371c99393a34f955e0c905b31ea9ae9eac3cacf797990eaff347d8a8e3aa7f,730824
/home/sparky/f01d/data/holdout_oos/ai_sd_db/sd_000979.jpg,ai,latent_diffusion,sd_db,DiffusionDB research license,sealed,,,[],143c126d38fe287badefe5d0128c3503f129fc8d618db8110dcd980d65cc9a14,1031604
/home/sparky/f01d/data/holdout_oos/ai_sd_db/sd_002242.jpg,ai,latent_diffusion,sd_db,DiffusionDB research license,sealed,,,[],0fa666be23308e049ecf59e18cd76e7001d09d9f06d02b8af15f142311afc0ef,381928
/home/sparky/f01d/data/holdout_oos/ai_sd_db/sd_001997.jpg,ai,latent_diffusion,sd_db,DiffusionDB research license,sealed,,,[],0ce1fad9a50d36bfc14695ec533de4f7f4ea6661e80b24ee1079726f1017517a,489452
/home/sparky/f01d/data/holdout_oos/ai_sd_db/sd_001155.jpg,ai,latent_diffusion,sd_db,DiffusionDB research license,sealed,,,[],108a33216385fe0c047a5ae0818722731e9f04fc699780c4ff69454d2fb66f9d,448347
/home/sparky/f01d/data/holdout_oos/ai_sd_db/sd_002277.jpg,ai,latent_diffusion,sd_db,DiffusionDB research license,sealed,,,[],f211c4292a0e7ea1119ab56d1fd10380a1e08bef9b257e360ca5494800e9b2eb,344393
/home/sparky/f01d/data/holdout_oos/ai_sd_db/sd_001523.jpg,ai,latent_diffusion,sd_db,DiffusionDB research license,sealed,,,[],630cb42b16230ee7b87b78c6da71f1be37de60525f276b0d387f3b17785104bb,650881
/home/sparky/f01d/data/holdout_oos/ai_sd_db/sd_002268.jpg,ai,latent_diffusion,sd_db,DiffusionDB research license,sealed,,,[],7f533873e7c842cc396af18b445f23f3019d002e682784b07557be94526cb9fb,218018
/home/sparky/f01d/data/holdout_oos/ai_sd_db/sd_002331.jpg,ai,latent_diffusion,sd_db,DiffusionDB research license,sealed,,,[],e7420f6e03af0f42387f0a83b9d485fb71cd288fa7d32809a9d95dfa5c4ec5dd,477761
/home/sparky/f01d/data/holdout_oos/ai_sd_db/sd_002948.jpg,ai,latent_diffusion,sd_db,DiffusionDB research license,sealed,,,[],b642dd9180d629e67f6712851a0d0b140251c95a4e422135a7cea5b005b13f21,442635
/home/sparky/f01d/data/holdout_oos/ai_sd_db/sd_001208.jpg,ai,latent_diffusion,sd_db,DiffusionDB research license,sealed,,,[],6a6d6bc8624d421ddbc910c1d75137824cfdc6bb0480914daa98cd36dea1832d,449364
/home/sparky/f01d/data/holdout_oos/ai_sd_db/sd_000465.jpg,ai,latent_diffusion,sd_db,DiffusionDB research license,sealed,,,[],832b447909523a50320bdf529dfb55a28f235f58e2d52044a031d995d1444a0a,465748
/home/sparky/f01d/data/holdout_oos/ai_sd_db/sd_002070.jpg,ai,latent_diffusion,sd_db,DiffusionDB research license,sealed,,,[],970ec67711bd77d56ea33a2c8a35df789787c28ff16b0ba2a6b278a39aa1ac43,470680
/home/sparky/f01d/data/holdout_oos/ai_sd_db/sd_000582.jpg,ai,latent_diffusion,sd_db,DiffusionDB research license,sealed,,,[],5834c249542eb6a9ccf74c87f1e59c31a5e5b13d3567cbc165841057779d6958,625051
/home/sparky/f01d/data/holdout_oos/ai_sd_db/sd_002927.jpg,ai,latent_diffusion,sd_db,DiffusionDB research license,sealed,,,[],4cf3a6f258418876a086f43553526a888a3e98e4a6c0b9254ea932c612d7ea9d,442504
/home/sparky/f01d/data/holdout_oos/ai_sd_db/sd_001124.jpg,ai,latent_diffusion,sd_db,DiffusionDB research license,sealed,,,[],a3b8263aa664f959e5898db751c799fc7403cf869c2c212e3752a9385f34f2b9,674600
/home/sparky/f01d/data/holdout_oos/ai_sd_db/sd_002375.jpg,ai,latent_diffusion,sd_db,DiffusionDB research license,sealed,,,[],9abf44bcabbf3dcbdbb9a7321f54711a227f6a771573b1ce72d6afd31cb2f8ae,553869
/home/sparky/f01d/data/holdout_oos/ai_sd_db/sd_000806.jpg,ai,latent_diffusion,sd_db,DiffusionDB research license,sealed,,,[],ae4160bc1e6daea86308f2bc33aed5b91274cb4bebdb0f2017da8ab9b4a2ce9a,1303206
/home/sparky/f01d/data/holdout_oos/ai_sd_db/sd_002436.jpg,ai,latent_diffusion,sd_db,DiffusionDB research license,sealed,,,[],fa13e5aa2eb4fffa1818188261ff0834007af8b571d2afc6038fc06f6a019a1c,662205
/home/sparky/f01d/data/holdout_oos/ai_sd_db/sd_002276.jpg,ai,latent_diffusion,sd_db,DiffusionDB research license,sealed,,,[],310e7e6ba3dbd472de0c38754119b1a9b35f30be8d766adc72659b244ae7996b,562959
/home/sparky/f01d/data/holdout_oos/ai_sd_db/sd_002315.jpg,ai,latent_diffusion,sd_db,DiffusionDB research license,sealed,,,[],05c1ecc87af956924988637df398a06a8dafb57ac59d8c9d2855738b29df89ca,495719
/home/sparky/f01d/data/holdout_oos/ai_sd_db/sd_001585.jpg,ai,latent_diffusion,sd_db,DiffusionDB research license,sealed,,,[],090c8c4686c3d9a9985ff5ce38a6490f5f49f51acfbcb999d76309c54c478ec3,482608
/home/sparky/f01d/data/holdout_oos/ai_sd_db/sd_001242.jpg,ai,latent_diffusion,sd_db,DiffusionDB research license,sealed,,,[],7a52bb6acf105696a7ad307cc4eae87b362897d88366ee052b0c664685c60165,443977
/home/sparky/f01d/data/holdout_oos/ai_sd_db/sd_001545.jpg,ai,latent_diffusion,sd_db,DiffusionDB research license,sealed,,,[],a9cbdf034d6e7672b69055ee2ec29664f6f6fed771b852ab9955a162dda5d9dc,405780
/home/sparky/f01d/data/holdout_oos/ai_sd_db/sd_001575.jpg,ai,latent_diffusion,sd_db,DiffusionDB research license,sealed,,,[],dd768cf07abe7451678dbbf24ca3da58eb3e35f0b151ebcdfd66ae7083cb116f,595497
/home/sparky/f01d/data/holdout_oos/ai_sd_db/sd_002524.jpg,ai,latent_diffusion,sd_db,DiffusionDB research license,sealed,,,[],b286a74e632b449d00b17e5516c13e71cca4bb34554c2ca5b8295013b5957ba0,672195
/home/sparky/f01d/data/holdout_oos/ai_sd_db/sd_001760.jpg,ai,latent_diffusion,sd_db,DiffusionDB research license,sealed,,,[],550c4045ab7558b9564507b551a1c8fbd5b84d6c580eeeaff2c26f98d1995561,863490
/home/sparky/f01d/data/holdout_oos/ai_sd_db/sd_002991.jpg,ai,latent_diffusion,sd_db,DiffusionDB research license,sealed,,,[],a77d276042572281e77d411224045f18d23353e8eb3413c9a1a13279a8f61236,557874
/home/sparky/f01d/data/holdout_oos/ai_sd_db/sd_002505.jpg,ai,latent_diffusion,sd_db,DiffusionDB research license,sealed,,,[],73f8df0a2658fbe904f0f7db3b27d1e5cee3dac9a33ce7c330a5948d8732b4c9,443162
/home/sparky/f01d/data/holdout_oos/ai_sd_db/sd_001097.jpg,ai,latent_diffusion,sd_db,DiffusionDB research license,sealed,,,[],a21b7468a270d981f91db15dc827aec8ef119c697701b0cf14840461a9c26d94,675031
/home/sparky/f01d/data/holdout_oos/ai_sd_db/sd_000693.jpg,ai,latent_diffusion,sd_db,DiffusionDB research license,sealed,,,[],0eac88b65e76484499fcb9d9741a661637542a0678b2eb8520c1083961ae100e,787510
/home/sparky/f01d/data/holdout_oos/ai_sd_db/sd_000027.jpg,ai,latent_diffusion,sd_db,DiffusionDB research license,sealed,,,[],5228d9c0d489771a875db4ee8fde352000f09c0d73f16d95ae00079b0d44ed84,330051
/home/sparky/f01d/data/holdout_oos/ai_sd_db/sd_002194.jpg,ai,latent_diffusion,sd_db,DiffusionDB research license,sealed,,,[],2acd39a957337917c8181876f833e0649551240847ce1a42fd13310e000608de,425358
/home/sparky/f01d/data/holdout_oos/ai_sd_db/sd_001853.jpg,ai,latent_diffusion,sd_db,DiffusionDB research license,sealed,,,[],efb8a6e3a2afc845bd4269ce75ff520ee0a22e6123538944975899384b692866,430630
/home/sparky/f01d/data/holdout_oos/ai_sd_db/sd_002836.jpg,ai,latent_diffusion,sd_db,DiffusionDB research license,sealed,,,[],ccec9c597ff5040bac2ac80473c0198c0c86c4e4038c8de444311df03a5b380b,435717
/home/sparky/f01d/data/holdout_oos/ai_sd_db/sd_001437.jpg,ai,latent_diffusion,sd_db,DiffusionDB research license,sealed,,,[],abcdf1dfc6997a3e980603786fa2e2dc7d8c0d40aaf224a66650b2a037b2e6ce,868321
/home/sparky/f01d/data/holdout_oos/ai_sd_db/sd_001272.jpg,ai,latent_diffusion,sd_db,DiffusionDB research license,sealed,,,[],7fc4e6324b586d5842e0d6f00dd4e1d6461bed4beda2be0bdb0c949add983826,309958
/home/sparky/f01d/data/holdout_oos/ai_sd_db/sd_000408.jpg,ai,latent_diffusion,sd_db,DiffusionDB research license,sealed,,,[],bcf077a2848b9f56d652d6b7db071915e563fa1a809af10d576f4e8f8bfce624,463892
/home/sparky/f01d/data/holdout_oos/ai_sd_db/sd_002362.jpg,ai,latent_diffusion,sd_db,DiffusionDB research license,sealed,,,[],21afec29f1a0044079be1f4f90580094a57931a55f053a6b589bfe7f6bf4e2a0,406718
/home/sparky/f01d/data/holdout_oos/ai_sd_db/sd_001719.jpg,ai,latent_diffusion,sd_db,DiffusionDB research license,sealed,,,[],6ffce6b3451a19101df43e13dab4326b0d992eb976358f868a32c3a183757131,346118
/home/sparky/f01d/data/holdout_oos/ai_sd_db/sd_002681.jpg,ai,latent_diffusion,sd_db,DiffusionDB research license,sealed,,,[],d74494051a0b6b42f1ec3f0d160c6cc18d0dd8a32da759606f7e23e9f4b805a7,309716
/home/sparky/f01d/data/holdout_oos/ai_sd_db/sd_002568.jpg,ai,latent_diffusion,sd_db,DiffusionDB research license,sealed,,,[],59b8f2af70087ea3554100990e211fb4ec8e4aacdbbd27434910c78cd8e04d39,641551
/home/sparky/f01d/data/holdout_oos/ai_sd_db/sd_000346.jpg,ai,latent_diffusion,sd_db,DiffusionDB research license,sealed,,,[],54dd159a37da569b07b48b571042f2c921a562cbdd93872271f103093d3a6742,526164
/home/sparky/f01d/data/holdout_oos/ai_sd_db/sd_002507.jpg,ai,latent_diffusion,sd_db,DiffusionDB research license,sealed,,,[],e48adc708b3cba6a0ee5190c5910d6eccc167d5fdea54ab31afe0a4dc76fd521,654381
/home/sparky/f01d/data/holdout_oos/ai_sd_db/sd_002283.jpg,ai,latent_diffusion,sd_db,DiffusionDB research license,sealed,,,[],094bf16bc2e4028b4759fffe2895289e3b5e7e3f0c92ddcbe405db11d813b5bd,774151
/home/sparky/f01d/data/holdout_oos/ai_sd_db/sd_001105.jpg,ai,latent_diffusion,sd_db,DiffusionDB research license,sealed,,,[],95034931b04e1aab6613fa9c61e3483e77ec081ed1762f220015033b007da073,396732
/home/sparky/f01d/data/holdout_oos/ai_sd_db/sd_002439.jpg,ai,latent_diffusion,sd_db,DiffusionDB research license,sealed,,,[],82b7fc140663ea9ec23421d488a9e669f180ad182deda0df424b7b215764ce64,568231
/home/sparky/f01d/data/holdout_oos/ai_sd_db/sd_002112.jpg,ai,latent_diffusion,sd_db,DiffusionDB research license,sealed,,,[],808ab22cda0d61f54cd5e9613d8fde283374222b172a96cbb56bd5e79eea1f5a,641219
/home/sparky/f01d/data/holdout_oos/ai_sd_db/sd_000339.jpg,ai,latent_diffusion,sd_db,DiffusionDB research license,sealed,,,[],316cbe9a8a60e592c5961bcc74dfb364064221ced773f08d18f14dbb9bbe5262,712047
/home/sparky/f01d/data/holdout_oos/ai_sd_db/sd_002731.jpg,ai,latent_diffusion,sd_db,DiffusionDB research license,sealed,,,[],b5238706a72db444f0f22c914d4b35325fea66927a8a759c83736ffb27dd7531,385096
/home/sparky/f01d/data/holdout_oos/ai_sd_db/sd_001683.jpg,ai,latent_diffusion,sd_db,DiffusionDB research license,sealed,,,[],d6845e69cf475afd2d7d9525da8e9768ee5bb96f975dbc3fe57624465d18acaa,1303509
/home/sparky/f01d/data/holdout_oos/ai_sd_db/sd_000724.jpg,ai,latent_diffusion,sd_db,DiffusionDB research license,sealed,,,[],ad6be6cb5aac808c8cbde46f96a5575cf8d2b16a74a16293ed30ce376cea3e74,510169
/home/sparky/f01d/data/holdout_oos/ai_sd_db/sd_000701.jpg,ai,latent_diffusion,sd_db,DiffusionDB research license,sealed,,,[],c1d90bb97c33d45c3b1c71a045004313f39b3abe2f2cfa12371e69e24a4adc15,413566
/home/sparky/f01d/data/holdout_oos/ai_sd_db/sd_000871.jpg,ai,latent_diffusion,sd_db,DiffusionDB research license,sealed,,,[],1f085cd37cb048a8214e62044439db4f08ef607cb30e7dc9e4ee9dc160e4fec6,433093
/home/sparky/f01d/data/holdout_oos/ai_sd_db/sd_002984.jpg,ai,latent_diffusion,sd_db,DiffusionDB research license,sealed,,,[],72e5e2751523913d23906cfaf807fd916c428797c1def8a073530509b2a782c1,392330
/home/sparky/f01d/data/holdout_oos/ai_sd_db/sd_002348.jpg,ai,latent_diffusion,sd_db,DiffusionDB research license,sealed,,,[],63df766efe0407fb05895e6802a452689a32cf69cff8d57ba661def62c772228,435616
/home/sparky/f01d/data/holdout_oos/ai_sd_db/sd_000976.jpg,ai,latent_diffusion,sd_db,DiffusionDB research license,sealed,,,[],d10d61dff1f4f3688fd154cdf98ee20ff8a80e56f0cf6d0f4af8741c748689a3,704697
/home/sparky/f01d/data/holdout_oos/ai_sd_db/sd_001102.jpg,ai,latent_diffusion,sd_db,DiffusionDB research license,sealed,,,[],c33a8e789dd513e1295dd8e3a47a2c802be857dfe54da586c1c8ccbc3f986abe,442640
/home/sparky/f01d/data/holdout_oos/ai_sd_db/sd_000761.jpg,ai,latent_diffusion,sd_db,DiffusionDB research license,sealed,,,[],82559e93497e8512ae9c06981d39fe462b34c68d3b67a9c7e52393e2bd2926a3,509818
/home/sparky/f01d/data/holdout_oos/ai_sd_db/sd_000542.jpg,ai,latent_diffusion,sd_db,DiffusionDB research license,sealed,,,[],7a6c6f4dc619b367bf21d3c40ae27e0a6d514afc7751683bab038a9841e046ac,564402
/home/sparky/f01d/data/holdout_oos/ai_sd_db/sd_001403.jpg,ai,latent_diffusion,sd_db,DiffusionDB research license,sealed,,,[],f93857c3ef552c916af7d15a7f8712e06f0190076f412522333d5cc3c910961e,793913
/home/sparky/f01d/data/holdout_oos/ai_sd_db/sd_001987.jpg,ai,latent_diffusion,sd_db,DiffusionDB research license,sealed,,,[],70c845f1f71eeb3a9823e2f816c4cdf6a455943e6719d595c0d1778d521e3a89,557454
/home/sparky/f01d/data/holdout_oos/ai_sd_db/sd_002997.jpg,ai,latent_diffusion,sd_db,DiffusionDB research license,sealed,,,[],6bd2af36f43008d67ec9e1608f7ab46f896bb7ecb8b56a2833ac6f6a0b806b07,1537894
/home/sparky/f01d/data/holdout_oos/ai_sd_db/sd_000813.jpg,ai,latent_diffusion,sd_db,DiffusionDB research license,sealed,,,[],a26b15db368ca91d38f2faab5acf282b33184293cbebc8ebd114c1d0df1070ea,2182055
/home/sparky/f01d/data/holdout_oos/ai_sd_db/sd_002250.jpg,ai,latent_diffusion,sd_db,DiffusionDB research license,sealed,,,[],e05deb92a7b249f6eac21f8d19efe90eb75674f4bfb22098183386733fb7ace4,589920
/home/sparky/f01d/data/holdout_oos/ai_sd_db/sd_002621.jpg,ai,latent_diffusion,sd_db,DiffusionDB research license,sealed,,,[],28ea9114feffadab640f2c75c088d139090d797477686f895d7d8bd83f6f9745,531998
/home/sparky/f01d/data/holdout_oos/ai_sd_db/sd_001910.jpg,ai,latent_diffusion,sd_db,DiffusionDB research license,sealed,,,[],736c00c3cce1e6b137faf9bcdb9970dcc4a04c0e149615e0951547a588e777a8,460866
/home/sparky/f01d/data/holdout_oos/ai_sd_db/sd_000977.jpg,ai,latent_diffusion,sd_db,DiffusionDB research license,sealed,,,[],5ef336243851683bbf9cd90cb02086608b650a7a8de8e9ffa787881363c1a154,469412
/home/sparky/f01d/data/holdout_oos/ai_sd_db/sd_000695.jpg,ai,latent_diffusion,sd_db,DiffusionDB research license,sealed,,,[],f517ab7074328407d803ec19c887632a2feb342a755715bf10305372b23a7ce9,659180
/home/sparky/f01d/data/holdout_oos/ai_sd_db/sd_000527.jpg,ai,latent_diffusion,sd_db,DiffusionDB research license,sealed,,,[],09a598c287bdd7b4f81ef714847255e99abbf03b018c2789e1d926ee122cd292,1224962
/home/sparky/f01d/data/holdout_oos/ai_sd_db/sd_001339.jpg,ai,latent_diffusion,sd_db,DiffusionDB research license,sealed,,,[],a18edb144a91097989e4a8648b48f0135b7112d96f91fc9d6baccb5f115a6bce,428471
/home/sparky/f01d/data/holdout_oos/ai_sd_db/sd_001386.jpg,ai,latent_diffusion,sd_db,DiffusionDB research license,sealed,,,[],9c3ac63ac006711a27a824e6fdf780250a1d042a96feb3a6d45338312b9e2daa,429336
/home/sparky/f01d/data/holdout_oos/ai_sd_db/sd_000549.jpg,ai,latent_diffusion,sd_db,DiffusionDB research license,sealed,,,[],8279045f1cd98db09ca2e31d1aaae7ed96cebf12cd2503767ee637f4b2e3b83c,584348
/home/sparky/f01d/data/holdout_oos/ai_sd_db/sd_002125.jpg,ai,latent_diffusion,sd_db,DiffusionDB research license,sealed,,,[],9325a2fbfa34f93e88c67243a131749d3a17bda35974cbcce022498fb448f12f,437089
/home/sparky/f01d/data/holdout_oos/ai_sd_db/sd_001292.jpg,ai,latent_diffusion,sd_db,DiffusionDB research license,sealed,,,[],2a1e8cd3dfd9ceea0a73a0f82dfbe2f6970aa979edd4a9ac48cf1dfcb1a992e6,385725
/home/sparky/f01d/data/holdout_oos/ai_sd_db/sd_001160.jpg,ai,latent_diffusion,sd_db,DiffusionDB research license,sealed,,,[],d931c75fa1e2c94b8ade433add76efcc33ff8a8644707ad9f00c44993696b608,129724
/home/sparky/f01d/data/holdout_oos/ai_sd_db/sd_001833.jpg,ai,latent_diffusion,sd_db,DiffusionDB research license,sealed,,,[],d7d55db5ceb5278ecd8374c7c42381ac78bc57b63da26ba679276b2ff7c9a9d9,712314
/home/sparky/f01d/data/holdout_oos/ai_sd_db/sd_001477.jpg,ai,latent_diffusion,sd_db,DiffusionDB research license,sealed,,,[],072459fda1516db54dc4a084bc1307e05290309ea00a403c9342b51f064dd4c2,518153
/home/sparky/f01d/data/holdout_oos/ai_sd_db/sd_001379.jpg,ai,latent_diffusion,sd_db,DiffusionDB research license,sealed,,,[],c5aa07b1c2af38c80a67b8789116b8ea205d7fcab36d6402c447969c0f588c42,456379
/home/sparky/f01d/data/holdout_oos/ai_sd_db/sd_003006.jpg,ai,latent_diffusion,sd_db,DiffusionDB research license,sealed,,,[],b81b8fe0882c4d11ecce75fc3abfbeec5e14bb8feb534b94337babc2ad1dbccd,557554
/home/sparky/f01d/data/holdout_oos/ai_sd_db/sd_001538.jpg,ai,latent_diffusion,sd_db,DiffusionDB research license,sealed,,,[],a547041c5600307789f384fa7db2b817ff9c0bf7358ea997ce10f06eb2553ac4,606694
/home/sparky/f01d/data/holdout_oos/ai_sd_db/sd_000525.jpg,ai,latent_diffusion,sd_db,DiffusionDB research license,sealed,,,[],f6032c4fb748edce88ca4c3a1cd9d54bd90bb4eac608ae5d1948e6fb78b3f187,665939
/home/sparky/f01d/data/holdout_oos/ai_sd_db/sd_002367.jpg,ai,latent_diffusion,sd_db,DiffusionDB research license,sealed,,,[],5b89fdc60988a50f72ab3770436d402fb038401cec59a3d321476a4c0727e6c4,472676
/home/sparky/f01d/data/holdout_oos/ai_sd_db/sd_002823.jpg,ai,latent_diffusion,sd_db,DiffusionDB research license,sealed,,,[],3effec639e1df5eb3022d714a38faf68b482275f29adc4450fd7ed76b2ae64ab,363708
/home/sparky/f01d/data/holdout_oos/ai_sd_db/sd_000606.jpg,ai,latent_diffusion,sd_db,DiffusionDB research license,sealed,,,[],fb0cbc28160d9bfac84d21d76832d21d6fbf0d3871d89d4ccd993301facc325f,528261
/home/sparky/f01d/data/holdout_oos/ai_sd_db/sd_001733.jpg,ai,latent_diffusion,sd_db,DiffusionDB research license,sealed,,,[],57f3ea8353b1ddbbbf1058a8efc19cabcab80e6f61c7b54d64bea10c99d16e33,429034
/home/sparky/f01d/data/holdout_oos/ai_sd_db/sd_001699.jpg,ai,latent_diffusion,sd_db,DiffusionDB research license,sealed,,,[],94bb868f325c3cefaeb27ed2a0379e554111a3a49cc88d3cc4806a0967bd9acd,818682
/home/sparky/f01d/data/holdout_oos/ai_sd_db/sd_000505.jpg,ai,latent_diffusion,sd_db,DiffusionDB research license,sealed,,,[],9a96644591a7d067e966d9f012f6f1fdbcbb8aeb391cfc10d47af4a1817d5b22,125884
/home/sparky/f01d/data/holdout_oos/ai_sd_db/sd_000763.jpg,ai,latent_diffusion,sd_db,DiffusionDB research license,sealed,,,[],3fbbcab5b2b3fb2172f7bcc1d34d9aec4b8f1d973b58fa0881cea8d77532f38f,679853
/home/sparky/f01d/data/holdout_oos/ai_sd_db/sd_000163.jpg,ai,latent_diffusion,sd_db,DiffusionDB research license,sealed,,,[],274111b32826f898748ae5a61c5cb5899e6bd68a0d001d5777e7a024a2179122,442368
/home/sparky/f01d/data/holdout_oos/ai_sd_db/sd_002336.jpg,ai,latent_diffusion,sd_db,DiffusionDB research license,sealed,,,[],a86d4b97579e5c054bd9e20a33a9b6f99b2b42a7c99c98a6b7e86f71f7bdd86d,1049425
/home/sparky/f01d/data/holdout_oos/ai_sd_db/sd_000063.jpg,ai,latent_diffusion,sd_db,DiffusionDB research license,sealed,,,[],776781c7d208e4419a7bfba8a30e1baa05337b4e01db2f8174a26db100661463,703731
/home/sparky/f01d/data/holdout_oos/ai_sd_db/sd_002975.jpg,ai,latent_diffusion,sd_db,DiffusionDB research license,sealed,,,[],fe583469f1341994de8af80518b6be0fac05f26ce84ed8dcf13a1fba603b6a70,574888
/home/sparky/f01d/data/holdout_oos/ai_sd_db/sd_002705.jpg,ai,latent_diffusion,sd_db,DiffusionDB research license,sealed,,,[],b88456371ef347f0de464046ea20fca48ecf88ed246fe3556fdd951985599af6,473958
/home/sparky/f01d/data/holdout_oos/ai_sd_db/sd_002261.jpg,ai,latent_diffusion,sd_db,DiffusionDB research license,sealed,,,[],0a8c286472ad5188bbfe7ffa5c6e55b7be96f68acda510a4d2e6981af36bf32a,361634
/home/sparky/f01d/data/holdout_oos/ai_sd_db/sd_002118.jpg,ai,latent_diffusion,sd_db,DiffusionDB research license,sealed,,,[],d51353c37a17aa5803791db286e2437269f284f553d402f5d20a56df29ff1611,404195
/home/sparky/f01d/data/holdout_oos/ai_sd_db/sd_002529.jpg,ai,latent_diffusion,sd_db,DiffusionDB research license,sealed,,,[],92b528dd579978e07b652c044e968ea80bb581d31fc7ce7b3b2876ec592a69c6,371826
/home/sparky/f01d/data/holdout_oos/ai_sd_db/sd_001436.jpg,ai,latent_diffusion,sd_db,DiffusionDB research license,sealed,,,[],a7ef24069c3183d2598d24a27e50fbe1731d6a9007bf02b753780d2713d0ffc3,726619
/home/sparky/f01d/data/holdout_oos/ai_sd_db/sd_001896.jpg,ai,latent_diffusion,sd_db,DiffusionDB research license,sealed,,,[],b0aabfef3a8cde8c8e6d47f79f4646d3bcecb6ef97f029d28f2e7d61d3990493,590010
/home/sparky/f01d/data/holdout_oos/ai_sd_db/sd_001398.jpg,ai,latent_diffusion,sd_db,DiffusionDB research license,sealed,,,[],f347384f4cb1347ee3d9f6c4508a1dc66ca5ebb95d24c5b314f3c9af1f881e82,322992
/home/sparky/f01d/data/holdout_oos/ai_sd_db/sd_001888.jpg,ai,latent_diffusion,sd_db,DiffusionDB research license,sealed,,,[],04ceff8fc942fb118d3909a43ab0456d37238698261b434008862ae3042e80c8,760773
/home/sparky/f01d/data/holdout_oos/ai_sd_db/sd_001392.jpg,ai,latent_diffusion,sd_db,DiffusionDB research license,sealed,,,[],dc31f0ab41c883f2a5ffa4df2522b19fccbd1a334b3b01f76a78b1b82404b85a,926863
/home/sparky/f01d/data/holdout_oos/ai_sd_db/sd_000789.jpg,ai,latent_diffusion,sd_db,DiffusionDB research license,sealed,,,[],8efd4dfc597ffef3a13ba908a3db2a6af91db4c62e99c06cfd95367549550183,2141400
/home/sparky/f01d/data/holdout_oos/ai_sd_db/sd_001872.jpg,ai,latent_diffusion,sd_db,DiffusionDB research license,sealed,,,[],9aff60a969144efc20345510881cbfd807fd325643a02dcfdec62ed36918342f,1114693
/home/sparky/f01d/data/holdout_oos/ai_sd_db/sd_000798.jpg,ai,latent_diffusion,sd_db,DiffusionDB research license,sealed,,,[],ff54c34ce9c55b98c167cae404c72b644961513aefc817fa87b1ddab9a9667d4,667283
/home/sparky/f01d/data/holdout_oos/ai_sd_db/sd_001356.jpg,ai,latent_diffusion,sd_db,DiffusionDB research license,sealed,,,[],cd52ee3a65f230c33db41831b6d041e2ae9abaffc462eb557b49caf81ee89223,145333
/home/sparky/f01d/data/holdout_oos/ai_sd_db/sd_002160.jpg,ai,latent_diffusion,sd_db,DiffusionDB research license,sealed,,,[],a5db0b03761ba3523f9422f64ab84796b9c41ada62f0ccb9f4039f8a80be3fdf,602233
/home/sparky/f01d/data/holdout_oos/ai_sd_db/sd_002062.jpg,ai,latent_diffusion,sd_db,DiffusionDB research license,sealed,,,[],60d27dd0fbdf49223dc21849f19b84e52accf2c8e1b959e170cd4d48d7dde1b0,440474
/home/sparky/f01d/data/holdout_oos/ai_sd_db/sd_000220.jpg,ai,latent_diffusion,sd_db,DiffusionDB research license,sealed,,,[],a0b64fbfbec208ae7ce45f3dc0246738946a2c7955cc2a0d228778be152216f4,376435
/home/sparky/f01d/data/holdout_oos/ai_sd_db/sd_001370.jpg,ai,latent_diffusion,sd_db,DiffusionDB research license,sealed,,,[],a6a4899ea1ba924bb47ba8fb64a1886f3c77e10e43333e37daae6fb7bf97091a,1497468
/home/sparky/f01d/data/holdout_oos/ai_sd_db/sd_001776.jpg,ai,latent_diffusion,sd_db,DiffusionDB research license,sealed,,,[],f80849744637aac04268bca4e0bc92ac58d9c5c0ef1e54a90d0a9f3151becaae,843005
/home/sparky/f01d/data/holdout_oos/ai_sd_db/sd_000501.jpg,ai,latent_diffusion,sd_db,DiffusionDB research license,sealed,,,[],dd594867171b6e0ac809c315634282d3bbbbde5b095397e3ee8e67da49668b64,112278
/home/sparky/f01d/data/holdout_oos/ai_sd_db/sd_001500.jpg,ai,latent_diffusion,sd_db,DiffusionDB research license,sealed,,,[],260b7b9a79727abc63c92e9c78be48e751c2952cc85278f94848b96bc4a7b6c1,445089
/home/sparky/f01d/data/holdout_oos/ai_sd_db/sd_001203.jpg,ai,latent_diffusion,sd_db,DiffusionDB research license,sealed,,,[],792bd8335275def4b6907190b4b942d1554d77814353aa98c8773d982dd54e03,1657278
/home/sparky/f01d/data/holdout_oos/ai_sd_db/sd_000030.jpg,ai,latent_diffusion,sd_db,DiffusionDB research license,sealed,,,[],4c9614106bc7929553b531c6f3131d13bbcde099cb50ce7f5bfdaa2cc616b8c1,388758
/home/sparky/f01d/data/holdout_oos/ai_sd_db/sd_000109.jpg,ai,latent_diffusion,sd_db,DiffusionDB research license,sealed,,,[],d2d617211835936ec42fb0f3c2562ea8bf09bbd08a43bfe40ad2f375eec3a92c,447748
/home/sparky/f01d/data/holdout_oos/ai_sd_db/sd_000922.jpg,ai,latent_diffusion,sd_db,DiffusionDB research license,sealed,,,[],343bb226e1e2f342abaef2e9e8325f2acdef340af0e2e947c813fd89ee3edab4,427765
/home/sparky/f01d/data/holdout_oos/ai_sd_db/sd_000994.jpg,ai,latent_diffusion,sd_db,DiffusionDB research license,sealed,,,[],106f2c57ea3bba510a81b9636f652c94c53ab94cb981fec84802005f09bf1d45,1165538
/home/sparky/f01d/data/holdout_oos/ai_sd_db/sd_001631.jpg,ai,latent_diffusion,sd_db,DiffusionDB research license,sealed,,,[],dd434d82e28b24b2ce4f68c1d33e79730b78913396e46e48b17c241f36bc935b,419765
/home/sparky/f01d/data/holdout_oos/ai_sd_db/sd_001027.jpg,ai,latent_diffusion,sd_db,DiffusionDB research license,sealed,,,[],b420a079442cf7ecc51c105b8ff2b92ff7298494d7e02d85f89feecee0f3f58a,459293
/home/sparky/f01d/data/holdout_oos/ai_sd_db/sd_001636.jpg,ai,latent_diffusion,sd_db,DiffusionDB research license,sealed,,,[],3fc352db8729e15bca6e7565865299b2a59d0dc4abaccac9bef448f671dec45f,869228
/home/sparky/f01d/data/holdout_oos/ai_sd_db/sd_002039.jpg,ai,latent_diffusion,sd_db,DiffusionDB research license,sealed,,,[],41f3b9ac8de69dd8b434b9791832b8651ff2196776dd3a8f858d3d82bce605af,369258
/home/sparky/f01d/data/holdout_oos/ai_sd_db/sd_000706.jpg,ai,latent_diffusion,sd_db,DiffusionDB research license,sealed,,,[],dd052b16888d9895f00ef3196bb5b8059613d6bb9d63e35c212703437fd49f0f,479979
/home/sparky/f01d/data/holdout_oos/ai_sd_db/sd_000623.jpg,ai,latent_diffusion,sd_db,DiffusionDB research license,sealed,,,[],a12f5df9892036417d596ad462e77ed801e6c998102952ac6959bdb24d6c740b,586972
/home/sparky/f01d/data/holdout_oos/ai_sd_db/sd_001749.jpg,ai,latent_diffusion,sd_db,DiffusionDB research license,sealed,,,[],4c910baf8e355bfd99d3aa61ee182af436781c611adf9dcd4ebe1f0c5c2cbf2b,680390
/home/sparky/f01d/data/holdout_oos/ai_sd_db/sd_001897.jpg,ai,latent_diffusion,sd_db,DiffusionDB research license,sealed,,,[],9aab860edb921260550df781d3f8b59190f5645db0a4018fbcdbf69152c112aa,453883
/home/sparky/f01d/data/holdout_oos/ai_sd_db/sd_000121.jpg,ai,latent_diffusion,sd_db,DiffusionDB research license,sealed,,,[],d63bff4fa9bfd0bd87afe728057fc417c87b03bd85b5c63f2d4177214fef19a2,482511
/home/sparky/f01d/data/holdout_oos/ai_sd_db/sd_001322.jpg,ai,latent_diffusion,sd_db,DiffusionDB research license,sealed,,,[],95774eb392d3d912fc4cf18ec865f1da084f8d7504cf0e5f36757cca4e47b692,403707
/home/sparky/f01d/data/holdout_oos/ai_sd_db/sd_002171.jpg,ai,latent_diffusion,sd_db,DiffusionDB research license,sealed,,,[],11074ed5fd1a69995195e949cd03ee184893ba9621c6e8c468e04f3bc8dce6be,473976
/home/sparky/f01d/data/holdout_oos/ai_sd_db/sd_002613.jpg,ai,latent_diffusion,sd_db,DiffusionDB research license,sealed,,,[],1ba38bf5b2ef45fa7a0d067c1ea6851ada40fd9bccb2049c62526fb9dbe53ba7,443974
/home/sparky/f01d/data/holdout_oos/ai_sd_db/sd_000556.jpg,ai,latent_diffusion,sd_db,DiffusionDB research license,sealed,,,[],40333b4000ec24f4533cfc3953c261016f69cfd19841bd337dc8cf88e899a7d0,296742
/home/sparky/f01d/data/holdout_oos/ai_sd_db/sd_002707.jpg,ai,latent_diffusion,sd_db,DiffusionDB research license,sealed,,,[],a4a2ee0756f4c75fc9d58037e31014185c3b6191e35fc2db5ea961ffb7ad7f2d,487418
/home/sparky/f01d/data/holdout_oos/ai_sd_db/sd_001956.jpg,ai,latent_diffusion,sd_db,DiffusionDB research license,sealed,,,[],f1b65283c1f9c63c3307e0e316a9cc3319916aff307fa19f67a6ba1de64dba02,351774
/home/sparky/f01d/data/holdout_oos/ai_sd_db/sd_001808.jpg,ai,latent_diffusion,sd_db,DiffusionDB research license,sealed,,,[],0904e176a1ab66fff5d9f871f2439b011f22040503e4e2741491c68062ccc917,394079
/home/sparky/f01d/data/holdout_oos/ai_sd_db/sd_001809.jpg,ai,latent_diffusion,sd_db,DiffusionDB research license,sealed,,,[],26635da9d463bbd285802ec3fafa5d8d05e11cbafcbb93638514ac2242a1ec81,394079
/home/sparky/f01d/data/holdout_oos/ai_sd_db/sd_000003.jpg,ai,latent_diffusion,sd_db,DiffusionDB research license,sealed,,,[],155f1428cd89218929237646ab09ce79cd7573ad1bc563e02bc13750c189d7f1,552412
/home/sparky/f01d/data/holdout_oos/ai_sd_db/sd_001012.jpg,ai,latent_diffusion,sd_db,DiffusionDB research license,sealed,,,[],727c9fac127411045de84908790250c4a500534ef9577d427c767f33ceb410ec,469947
/home/sparky/f01d/data/holdout_oos/ai_sd_db/sd_001024.jpg,ai,latent_diffusion,sd_db,DiffusionDB research license,sealed,,,[],da8cba54727154429f9600b2a77d1339075959159c98dce0cdfd592300ebc8f2,444825
/home/sparky/f01d/data/holdout_oos/ai_sd_db/sd_001832.jpg,ai,latent_diffusion,sd_db,DiffusionDB research license,sealed,,,[],d4d35daf8ad9cd91d0b1e52a2e6d2852355d1ae72af0bca3465d65f4129487d7,478914
/home/sparky/f01d/data/holdout_oos/ai_sd_db/sd_001383.jpg,ai,latent_diffusion,sd_db,DiffusionDB research license,sealed,,,[],c8fdf3bb4033095da765e62b44d9d7c1435e6af832772ab1435ef84b80459f42,942912
/home/sparky/f01d/data/holdout_oos/ai_sd_db/sd_001810.jpg,ai,latent_diffusion,sd_db,DiffusionDB research license,sealed,,,[],56a0521deed01a8b8901fa34b9e541015cd96d88e3cf5f40cdc8bfdf219ca748,693296
/home/sparky/f01d/data/holdout_oos/ai_sd_db/sd_000028.jpg,ai,latent_diffusion,sd_db,DiffusionDB research license,sealed,,,[],6b79a04175c57d8f402c05a91c1695928d6b90508700ab6d371cd6547737a0d8,592492
/home/sparky/f01d/data/holdout_oos/ai_sd_db/sd_002904.jpg,ai,latent_diffusion,sd_db,DiffusionDB research license,sealed,,,[],cabc59a3f4016ef5cb74687f290758aefc9de528a12444c697d1cbe33cc19b32,531053
/home/sparky/f01d/data/holdout_oos/ai_sd_db/sd_001955.jpg,ai,latent_diffusion,sd_db,DiffusionDB research license,sealed,,,[],fb123f5198af4710abc3955a690159c9a4a62767b3565a664fd92364fc6e4aa3,558543
/home/sparky/f01d/data/holdout_oos/ai_sd_db/sd_001184.jpg,ai,latent_diffusion,sd_db,DiffusionDB research license,sealed,,,[],407cec6004e0afe9a4783fe02f864d50299262d199a319064e4d95511d363f61,503720
/home/sparky/f01d/data/holdout_oos/ai_sd_db/sd_002985.jpg,ai,latent_diffusion,sd_db,DiffusionDB research license,sealed,,,[],b3d491d30c5b79b4814c142c3ef668481c7179af3419a4eed8cfb5a0597483e0,362987
/home/sparky/f01d/data/holdout_oos/ai_sd_db/sd_000782.jpg,ai,latent_diffusion,sd_db,DiffusionDB research license,sealed,,,[],09dbbc738514d70babed86b129c0fe406644d52c06b0cef84bdbbec5afee83a4,597559
/home/sparky/f01d/data/holdout_oos/ai_sd_db/sd_001321.jpg,ai,latent_diffusion,sd_db,DiffusionDB research license,sealed,,,[],74f3ff5724e4a7d6c42fb9516e4c52cf227f399b792f0395e7f8166c8b312796,598988
/home/sparky/f01d/data/holdout_oos/ai_sd_db/sd_002528.jpg,ai,latent_diffusion,sd_db,DiffusionDB research license,sealed,,,[],72b63d4af888234e7ec9610bc07e0b9ea25b60f37657aeed7a979257775d8e7f,619213
/home/sparky/f01d/data/holdout_oos/ai_sd_db/sd_002540.jpg,ai,latent_diffusion,sd_db,DiffusionDB research license,sealed,,,[],8c12586279c1a0a019bb59e5cf38b5ec7a00de56c1d4abb06ec5949b66e93bac,629870
/home/sparky/f01d/data/holdout_oos/ai_sd_db/sd_001045.jpg,ai,latent_diffusion,sd_db,DiffusionDB research license,sealed,,,[],ae3ca79eb901fffed638c67a6ea54ccdab8f52482927ba09542583d7327333b0,414454
/home/sparky/f01d/data/holdout_oos/ai_sd_db/sd_002956.jpg,ai,latent_diffusion,sd_db,DiffusionDB research license,sealed,,,[],bc65139c262a2a37ab95e506db573ef86714c784a8c358d7cc4d6fad5eeca2de,469590
/home/sparky/f01d/data/holdout_oos/ai_sd_db/sd_001373.jpg,ai,latent_diffusion,sd_db,DiffusionDB research license,sealed,,,[],fb0d29d28c218d7165f6fcfe1b18451d241a1ab53f67633b68f8f4a4f4e40a6f,488822
/home/sparky/f01d/data/holdout_oos/ai_sd_db/sd_001127.jpg,ai,latent_diffusion,sd_db,DiffusionDB research license,sealed,,,[],2a2a47f7237f8e7e45a93dd7f5f9f021404ef99c671b5773127dcb1405c6c5ad,496024
/home/sparky/f01d/data/holdout_oos/ai_sd_db/sd_001293.jpg,ai,latent_diffusion,sd_db,DiffusionDB research license,sealed,,,[],390f95fd48498541dfec2f1cda82d55f3d401ce0c270486ce3943c3ca17772ad,559737
/home/sparky/f01d/data/holdout_oos/ai_sd_db/sd_001848.jpg,ai,latent_diffusion,sd_db,DiffusionDB research license,sealed,,,[],087ad564995011986b42fc06caf19b65eb67a68c2877610bfbb770d052e83635,345260
/home/sparky/f01d/data/holdout_oos/ai_sd_db/sd_002166.jpg,ai,latent_diffusion,sd_db,DiffusionDB research license,sealed,,,[],bc6852b0c3676581d75a6c998a4a707a779f98b82e58faf3f4be7e95694f8bfd,587203
/home/sparky/f01d/data/holdout_oos/ai_sd_db/sd_001240.jpg,ai,latent_diffusion,sd_db,DiffusionDB research license,sealed,,,[],b249ed9e79163435cb65252aaef270c0bf22e197f1e21e8a8d72abbe4bcd9fec,675832
/home/sparky/f01d/data/holdout_oos/ai_sd_db/sd_001756.jpg,ai,latent_diffusion,sd_db,DiffusionDB research license,sealed,,,[],565df3c0509a78c57866a2669711ecc72cefac174287a0efd4fac2e83ce53f86,476911
/home/sparky/f01d/data/holdout_oos/ai_sd_db/sd_001611.jpg,ai,latent_diffusion,sd_db,DiffusionDB research license,sealed,,,[],31d8dff761fad37e53c88e7591f284103ba28abd75f9e1f46fbe17b6a0f56948,433910
/home/sparky/f01d/data/holdout_oos/ai_sd_db/sd_002461.jpg,ai,latent_diffusion,sd_db,DiffusionDB research license,sealed,,,[],d113303469ea1135ae0ad29bcf8bc2a1f7782dd4c7656ecdbb373f72c427efa5,585483
/home/sparky/f01d/data/holdout_oos/ai_sd_db/sd_001412.jpg,ai,latent_diffusion,sd_db,DiffusionDB research license,sealed,,,[],e0cca9090907ada94df3429d5edde4a214ad8009f5c1bc239635dc5ab73086f9,306943
/home/sparky/f01d/data/holdout_oos/ai_sd_db/sd_001039.jpg,ai,latent_diffusion,sd_db,DiffusionDB research license,sealed,,,[],a7c8efbbc47ef82784254143884c71b64937569681345cea11ee26d75fc638fd,556339
/home/sparky/f01d/data/holdout_oos/ai_sd_db/sd_000246.jpg,ai,latent_diffusion,sd_db,DiffusionDB research license,sealed,,,[],566d59a12c51d2a958efc0c313e75fde62de93cd53a1d4b8e4ba19a75353b64c,420381
/home/sparky/f01d/data/holdout_oos/ai_sd_db/sd_000882.jpg,ai,latent_diffusion,sd_db,DiffusionDB research license,sealed,,,[],312dc2d3886d6c1bb0bea6d2eba1827afcecd8517702cdecaeb3e43d998c4198,674774
/home/sparky/f01d/data/holdout_oos/ai_sd_db/sd_000272.jpg,ai,latent_diffusion,sd_db,DiffusionDB research license,sealed,,,[],a84e4ff72c17042b85598d1b72985340a09f103f4bf3d9b52e88fbeb9c68bfba,589959
/home/sparky/f01d/data/holdout_oos/ai_sd_db/sd_000845.jpg,ai,latent_diffusion,sd_db,DiffusionDB research license,sealed,,,[],ea72019f385d0bdcc67ec47acf00e95d0e8a436c0dfd149f3d501007cf45e552,2416094
/home/sparky/f01d/data/holdout_oos/ai_sd_db/sd_002225.jpg,ai,latent_diffusion,sd_db,DiffusionDB research license,sealed,,,[],53a1831e08d07b17e391db24478da4720257aa726703a1d100b9d9f32cec764b,1365451
/home/sparky/f01d/data/holdout_oos/ai_sd_db/sd_003063.jpg,ai,latent_diffusion,sd_db,DiffusionDB research license,sealed,,,[],d6ca96e3b0c6ecba4bc015f7129167ffee41f246f4c18ed2bce2280b5896c541,438397
/home/sparky/f01d/data/holdout_oos/ai_sd_db/sd_000421.jpg,ai,latent_diffusion,sd_db,DiffusionDB research license,sealed,,,[],0e17dbed7b0bac3ce0d214d84264046484200cae53aed360b30a64f6a0c70693,486612
/home/sparky/f01d/data/holdout_oos/ai_sd_db/sd_000146.jpg,ai,latent_diffusion,sd_db,DiffusionDB research license,sealed,,,[],577a69e6e128d7c8c82d720321c7dd43dc24aa0858f8952113302d1225152d03,395274
/home/sparky/f01d/data/holdout_oos/ai_sd_db/sd_002770.jpg,ai,latent_diffusion,sd_db,DiffusionDB research license,sealed,,,[],8cc3b5244edb6ae81b18af163476dc65eba557a93f2d749133c01620276a13df,438566
/home/sparky/f01d/data/holdout_oos/ai_sd_db/sd_001559.jpg,ai,latent_diffusion,sd_db,DiffusionDB research license,sealed,,,[],4a8ca58429270faa73917e95ae458dbb142c75562b322acc8d08bd0f31be9927,667872
/home/sparky/f01d/data/holdout_oos/ai_sd_db/sd_000820.jpg,ai,latent_diffusion,sd_db,DiffusionDB research license,sealed,,,[],75c3e1b6f184f189b5883c5a872189fbe7922a34a89fbf9d57d93cfdb54e37a8,473628
/home/sparky/f01d/data/holdout_oos/ai_sd_db/sd_002466.jpg,ai,latent_diffusion,sd_db,DiffusionDB research license,sealed,,,[],71d0bfe903da4e5646c2f4b6fdc4725ae85810562294bdef6a3a5b3d4f733669,177641
/home/sparky/f01d/data/holdout_oos/ai_sd_db/sd_000377.jpg,ai,latent_diffusion,sd_db,DiffusionDB research license,sealed,,,[],b482740031061627229e43705957f7f34c24c92f3bfb17bc22e5c5e00d67a7bb,550538
/home/sparky/f01d/data/holdout_oos/ai_sd_db/sd_001640.jpg,ai,latent_diffusion,sd_db,DiffusionDB research license,sealed,,,[],4f9f8b7bf5236bc78e42803f983f50cb73dd7010a38c19a961e13c0cb4205575,468467
/home/sparky/f01d/data/holdout_oos/ai_sd_db/sd_000314.jpg,ai,latent_diffusion,sd_db,DiffusionDB research license,sealed,,,[],41bb2d3605a739ba967075dc78ac68757784947370f410fa80e7a16f8d7236ac,751799
/home/sparky/f01d/data/holdout_oos/ai_sd_db/sd_000037.jpg,ai,latent_diffusion,sd_db,DiffusionDB research license,sealed,,,[],59d5e623e759c61527bf524908e70c18d06306fc3c0b66708afe7f29121d0725,634340
/home/sparky/f01d/data/holdout_oos/ai_sd_db/sd_002560.jpg,ai,latent_diffusion,sd_db,DiffusionDB research license,sealed,,,[],948b82b0121bd4576dd538eafd709ea36a2deda730a72adb82d5a344e903b6b9,597725
/home/sparky/f01d/data/holdout_oos/ai_sd_db/sd_000113.jpg,ai,latent_diffusion,sd_db,DiffusionDB research license,sealed,,,[],65ec529c04461c1330906753e2345833c4e401387c52c1899a2c70671d995fe2,455244
/home/sparky/f01d/data/holdout_oos/ai_sd_db/sd_001310.jpg,ai,latent_diffusion,sd_db,DiffusionDB research license,sealed,,,[],c8770aaa3b65d2473f19808e7e9d3abd5133963c74a0f080330b6cab2c6e33f0,1131033
/home/sparky/f01d/data/holdout_oos/ai_sd_db/sd_000008.jpg,ai,latent_diffusion,sd_db,DiffusionDB research license,sealed,,,[],723f0c83573bfe60ab2c39b9cbafa69039fd435c40ea61d1c73d5645ab00c4be,462547
/home/sparky/f01d/data/holdout_oos/ai_sd_db/sd_000487.jpg,ai,latent_diffusion,sd_db,DiffusionDB research license,sealed,,,[],479c4eef0b23471e2383331c4c7404ff6550bf78d5f7773ef691dc921dddcea3,425575
/home/sparky/f01d/data/holdout_oos/ai_sd_db/sd_001440.jpg,ai,latent_diffusion,sd_db,DiffusionDB research license,sealed,,,[],8a87b317a0a7f788327536f58646ae0df6218cbef5a676bc23a0f5692e621fff,469767
/home/sparky/f01d/data/holdout_oos/ai_sd_db/sd_000557.jpg,ai,latent_diffusion,sd_db,DiffusionDB research license,sealed,,,[],be845610278d543d6a04557b7660ad46a09077cb7e0dd608454bf0be857e4799,245248
/home/sparky/f01d/data/holdout_oos/ai_sd_db/sd_002639.jpg,ai,latent_diffusion,sd_db,DiffusionDB research license,sealed,,,[],1edcd5b14afc1857642ad7ce825485c3d0c7254a185ff8b9c47ecacca20571f8,376736
/home/sparky/f01d/data/holdout_oos/ai_sd_db/sd_002599.jpg,ai,latent_diffusion,sd_db,DiffusionDB research license,sealed,,,[],15dea67ba8a6353e9165abfeaa41b919d2f7902bcfde49a90887c413858a8c89,540738
/home/sparky/f01d/data/holdout_oos/ai_sd_db/sd_002286.jpg,ai,latent_diffusion,sd_db,DiffusionDB research license,sealed,,,[],29222efd74ef69d5b41e8b04eaa6d138877198d828a8602411c721061a1c680b,370246
/home/sparky/f01d/data/holdout_oos/ai_sd_db/sd_001549.jpg,ai,latent_diffusion,sd_db,DiffusionDB research license,sealed,,,[],a93030026ebb42a58e208709344db5e996299c7bb15ed8b104b34c9f6b6d1791,794976
/home/sparky/f01d/data/holdout_oos/ai_sd_db/sd_002553.jpg,ai,latent_diffusion,sd_db,DiffusionDB research license,sealed,,,[],cc677ba6c8528c6f5fef3b9efc0e5217958b56103898cdd449dce10276ef52a0,718281
/home/sparky/f01d/data/holdout_oos/ai_sd_db/sd_002987.jpg,ai,latent_diffusion,sd_db,DiffusionDB research license,sealed,,,[],875b1d30c6fef092f149b16a74feb2c5389534e9e0cd6d734d9109e10e029216,481633
/home/sparky/f01d/data/holdout_oos/ai_sd_db/sd_002638.jpg,ai,latent_diffusion,sd_db,DiffusionDB research license,sealed,,,[],05542f43a707621ae71c8eae37aea81144375b0e4287a0d1e319049b44426411,498749
/home/sparky/f01d/data/holdout_oos/ai_sd_db/sd_000337.jpg,ai,latent_diffusion,sd_db,DiffusionDB research license,sealed,,,[],9352a11057a81c0fbb20331724a642bdf0ca912ef74087bebd3b608f11cab98b,427183
/home/sparky/f01d/data/holdout_oos/ai_sd_db/sd_000564.jpg,ai,latent_diffusion,sd_db,DiffusionDB research license,sealed,,,[],70cdd024f03c0fa36f279c2a8d906726295604f6a600540489585cbdca71c858,425551
/home/sparky/f01d/data/holdout_oos/ai_sd_db/sd_001330.jpg,ai,latent_diffusion,sd_db,DiffusionDB research license,sealed,,,[],33f6c7e2bb071d8e4d084a7e662453fb17a1816e20c08097b79b6a43dc6ed611,839312
/home/sparky/f01d/data/holdout_oos/ai_sd_db/sd_001628.jpg,ai,latent_diffusion,sd_db,DiffusionDB research license,sealed,,,[],56d741fe9e5625ea9e9a6c804e97e753138b372f2ef77e817df7b0eb3a976dde,302060
/home/sparky/f01d/data/holdout_oos/ai_sd_db/sd_002202.jpg,ai,latent_diffusion,sd_db,DiffusionDB research license,sealed,,,[],0dd73e03f3b6e89b4ecfa8ebfac2f4ebe0f381959ab5ed121d3555fa8424ea7b,712008
/home/sparky/f01d/data/holdout_oos/ai_sd_db/sd_000696.jpg,ai,latent_diffusion,sd_db,DiffusionDB research license,sealed,,,[],2e9d2fabcc0d7d7fdad9f1636b5593f1c252a163b1d6132e1db7ab91db0f4d70,493200
/home/sparky/f01d/data/holdout_oos/ai_sd_db/sd_001516.jpg,ai,latent_diffusion,sd_db,DiffusionDB research license,sealed,,,[],f617437d0175d5feda0aa629f52a0e5b84dbd9796f0c72c4ef26adf0ddc3535e,795384
/home/sparky/f01d/data/holdout_oos/ai_sd_db/sd_000572.jpg,ai,latent_diffusion,sd_db,DiffusionDB research license,sealed,,,[],ba25107c08eb96cf5d2f5086e6493efc9b7259ca51edc1376e78360198a75020,568423
/home/sparky/f01d/data/holdout_oos/ai_sd_db/sd_000992.jpg,ai,latent_diffusion,sd_db,DiffusionDB research license,sealed,,,[],4895a2115f65ae786394222fdd7603c0bb02f05ac4e96fecbf5fc19e415f0bbb,411592
/home/sparky/f01d/data/holdout_oos/ai_sd_db/sd_002095.jpg,ai,latent_diffusion,sd_db,DiffusionDB research license,sealed,,,[],6123c101870cd289e39f4594c41cc57b13b110471e11f2169f2d613ce9ed0b33,394744
/home/sparky/f01d/data/holdout_oos/ai_sd_db/sd_000014.jpg,ai,latent_diffusion,sd_db,DiffusionDB research license,sealed,,,[],b1156d992c7e7300a0c4b6a5e4335dd7443c46afbd7fe791598974bf74982397,346603
/home/sparky/f01d/data/holdout_oos/ai_sd_db/sd_001999.jpg,ai,latent_diffusion,sd_db,DiffusionDB research license,sealed,,,[],502ade6f386297062782c3a5cbf1d1f963d49ef4a8de1a3185630ddee7ec308c,732466
/home/sparky/f01d/data/holdout_oos/ai_sd_db/sd_000870.jpg,ai,latent_diffusion,sd_db,DiffusionDB research license,sealed,,,[],9a321596d8f7c00e89941d7e16e0d1a70d7b34c4d7a9862c08357f53cfe7794d,761864
/home/sparky/f01d/data/holdout_oos/ai_sd_db/sd_001970.jpg,ai,latent_diffusion,sd_db,DiffusionDB research license,sealed,,,[],cd816482e738e6f9978d822e42e10ad1d8236e778d46797a0ca3a1356fc02059,729911
/home/sparky/f01d/data/holdout_oos/ai_sd_db/sd_002555.jpg,ai,latent_diffusion,sd_db,DiffusionDB research license,sealed,,,[],dad4bbc3a6d3b04a14ae31f35c06f492b29c06c8f94f4027065398538ab912a5,426898
/home/sparky/f01d/data/holdout_oos/ai_sd_db/sd_002658.jpg,ai,latent_diffusion,sd_db,DiffusionDB research license,sealed,,,[],3171c317af2040dc8eeeb3736be63c04b4960202b156fa7d640c68b79940b021,482876
/home/sparky/f01d/data/holdout_oos/ai_sd_db/sd_001595.jpg,ai,latent_diffusion,sd_db,DiffusionDB research license,sealed,,,[],58d62d61fb1544b138d503b21aa28838a118e50cf57f2ef1add85f99cb298a50,462315
/home/sparky/f01d/data/holdout_oos/ai_sd_db/sd_001627.jpg,ai,latent_diffusion,sd_db,DiffusionDB research license,sealed,,,[],24bc7210fdd6a00eb614482f5c6071505f35355dcf9e6734135e311a73801605,522841
/home/sparky/f01d/data/holdout_oos/ai_sd_db/sd_000534.jpg,ai,latent_diffusion,sd_db,DiffusionDB research license,sealed,,,[],090e85d1fe804e5f7dcbb67da1eec43968a30b260e86fccfb5d9b43025a41b30,558296
/home/sparky/f01d/data/holdout_oos/ai_sd_db/sd_001244.jpg,ai,latent_diffusion,sd_db,DiffusionDB research license,sealed,,,[],2c6fb3b94a944fe1e575dd9621bab954e5eaa994920c7d05b228490263884d38,463579
/home/sparky/f01d/data/holdout_oos/ai_sd_db/sd_001077.jpg,ai,latent_diffusion,sd_db,DiffusionDB research license,sealed,,,[],ca87e08a39ecaa6a4f6e7dce70787bf44b00da029bccbfdb90856a7bbe7b4da4,614760
/home/sparky/f01d/data/holdout_oos/ai_sd_db/sd_000937.jpg,ai,latent_diffusion,sd_db,DiffusionDB research license,sealed,,,[],493651f885b59f599b7343c1624f03c17fabfe0315b6d2004bc55c2d30fee7ad,470375
/home/sparky/f01d/data/holdout_oos/ai_sd_db/sd_000330.jpg,ai,latent_diffusion,sd_db,DiffusionDB research license,sealed,,,[],e3c690b995d0cb6449de24a11fa309853f6626cf9b50a350106e0d8160018667,569803
/home/sparky/f01d/data/holdout_oos/ai_sd_db/sd_001580.jpg,ai,latent_diffusion,sd_db,DiffusionDB research license,sealed,,,[],b906f6c61d5176c818d3118759e41f717040f38dd2045f7f5cba452ae0048af4,532088
/home/sparky/f01d/data/holdout_oos/ai_sd_db/sd_000171.jpg,ai,latent_diffusion,sd_db,DiffusionDB research license,sealed,,,[],96d8f826cd91efb3eca999b9a7857b1f6d88b920fd2e7eb4ceeabc72fa076784,440542
/home/sparky/f01d/data/holdout_oos/ai_sd_db/sd_000700.jpg,ai,latent_diffusion,sd_db,DiffusionDB research license,sealed,,,[],90dd61a7d991105dcf34fc7a8b1c53b705663e9e985c5a7defe37d426c0ac26d,690212
/home/sparky/f01d/data/holdout_oos/ai_sd_db/sd_001196.jpg,ai,latent_diffusion,sd_db,DiffusionDB research license,sealed,,,[],4cd3341272bbcf330c2a2f45911d4e4183365c28bde020502cddd2e38bb03f0f,814967
/home/sparky/f01d/data/holdout_oos/ai_sd_db/sd_002953.jpg,ai,latent_diffusion,sd_db,DiffusionDB research license,sealed,,,[],dd80ad7afe3a5bfd304a7a45d198674658d440156f248171a0b00fc05fb9d3d2,408948
/home/sparky/f01d/data/holdout_oos/ai_sd_db/sd_001118.jpg,ai,latent_diffusion,sd_db,DiffusionDB research license,sealed,,,[],778c615d5b0d0c90d636057372b9c6547d2bd18d8f2938bc600e75c0e42fccb7,385039
/home/sparky/f01d/data/holdout_oos/ai_sd_db/sd_002132.jpg,ai,latent_diffusion,sd_db,DiffusionDB research license,sealed,,,[],ff470d56fb8df4d2b41bb1db0891025e0264dcbabd1763ce689e2900f2bb8286,464175
/home/sparky/f01d/data/holdout_oos/ai_sd_db/sd_002059.jpg,ai,latent_diffusion,sd_db,DiffusionDB research license,sealed,,,[],eb0acceb9db3784b916e423c642cba4e52ad8da4c067c57fc66ec25f7af240e3,347074
/home/sparky/f01d/data/holdout_oos/ai_sd_db/sd_000716.jpg,ai,latent_diffusion,sd_db,DiffusionDB research license,sealed,,,[],1dd4cdbb4087a7cc197f97bdde0c4671461ff3d94fc2c319468d4ea61cb17a0d,344302
/home/sparky/f01d/data/holdout_oos/ai_sd_db/sd_001234.jpg,ai,latent_diffusion,sd_db,DiffusionDB research license,sealed,,,[],3c9c28f6d009c52026791b4644b55a06a97e011155162aa5e7e030ff99da3e5b,427204
/home/sparky/f01d/data/holdout_oos/ai_sd_db/sd_000622.jpg,ai,latent_diffusion,sd_db,DiffusionDB research license,sealed,,,[],88b799d0cb81fca06550a61e00b49991f089e63649113be111ad523d663ee8ca,1772758
/home/sparky/f01d/data/holdout_oos/ai_sd_db/sd_000984.jpg,ai,latent_diffusion,sd_db,DiffusionDB research license,sealed,,,[],35f34d909cf99dea6c128aa93c152a56e86df3966da4aca7f0471b844d0263a0,666587
/home/sparky/f01d/data/holdout_oos/ai_sd_db/sd_001023.jpg,ai,latent_diffusion,sd_db,DiffusionDB research license,sealed,,,[],9297b343a660325df05f38e7c1a57698859b82914e69b683866f80390a7fae9b,660887
/home/sparky/f01d/data/holdout_oos/ai_sd_db/sd_002614.jpg,ai,latent_diffusion,sd_db,DiffusionDB research license,sealed,,,[],c7a39018498ddb59fcea6ddb313b32735caff2d9de2b3c15a009eea44988be91,443066
/home/sparky/f01d/data/holdout_oos/ai_sd_db/sd_000160.jpg,ai,latent_diffusion,sd_db,DiffusionDB research license,sealed,,,[],1e1f0b93bf408a685a1f7758ee8f55be3978b669537f1e3776b4461d79b1e829,677241
/home/sparky/f01d/data/holdout_oos/ai_sd_db/sd_000967.jpg,ai,latent_diffusion,sd_db,DiffusionDB research license,sealed,,,[],54e5202e573d5e12289b35706c2700ed72c429ff1aa6bdd27770424b0fa60d34,379025
/home/sparky/f01d/data/holdout_oos/ai_sd_db/sd_001368.jpg,ai,latent_diffusion,sd_db,DiffusionDB research license,sealed,,,[],95e4169fb74b0b3a3fe19c56db0957849eeb3f7beb267b2c0d13cefa041e81d6,479476
/home/sparky/f01d/data/holdout_oos/ai_sd_db/sd_000289.jpg,ai,latent_diffusion,sd_db,DiffusionDB research license,sealed,,,[],b59ac1e4f7b50f6746144c294540a5b9937b0dc82a144e9a38e0c425709a1e10,464201
/home/sparky/f01d/data/holdout_oos/ai_sd_db/sd_001623.jpg,ai,latent_diffusion,sd_db,DiffusionDB research license,sealed,,,[],91439af4b63c3af08b918308f616ae24c246c7f4ce4671b6d023b1855b4cdd22,899657
/home/sparky/f01d/data/holdout_oos/ai_sd_db/sd_000127.jpg,ai,latent_diffusion,sd_db,DiffusionDB research license,sealed,,,[],97cd94ec7543fdf15e2384994c998494894cb79d8cae166590b6a64c22fa503e,428910
/home/sparky/f01d/data/holdout_oos/ai_sd_db/sd_002249.jpg,ai,latent_diffusion,sd_db,DiffusionDB research license,sealed,,,[],ac0e98e055af6636e23a50ddd015a3b8162a564827cc9e83104b8a495ff7648d,829563
/home/sparky/f01d/data/holdout_oos/ai_sd_db/sd_002842.jpg,ai,latent_diffusion,sd_db,DiffusionDB research license,sealed,,,[],8fda025b87b322c2fe3094bc15accc0ac5fdd1dd4600a778c5f84e3cd3a01cbd,406534
/home/sparky/f01d/data/holdout_oos/ai_sd_db/sd_002124.jpg,ai,latent_diffusion,sd_db,DiffusionDB research license,sealed,,,[],11c9ddb8201a180d2f80c21abe0d9c7e3dff3377abdc43ec73db84231307409c,454302
/home/sparky/f01d/data/holdout_oos/ai_sd_db/sd_002443.jpg,ai,latent_diffusion,sd_db,DiffusionDB research license,sealed,,,[],f462d6124ffeb91a421f3d88ce9911f28ba24220aa0131800a00d1d8420b4d27,427930
/home/sparky/f01d/data/holdout_oos/ai_sd_db/sd_000838.jpg,ai,latent_diffusion,sd_db,DiffusionDB research license,sealed,,,[],e1a40484a2d4905e7f614ac5f2f5a929c3ba4eaac6115c00a828e3e1af53e9d3,2329408
/home/sparky/f01d/data/holdout_oos/ai_sd_db/sd_001898.jpg,ai,latent_diffusion,sd_db,DiffusionDB research license,sealed,,,[],7bf1ea3e9d1a5210431a921cf4d96c0ab36293954a01cbd7b28b3b66a8456140,373412
/home/sparky/f01d/data/holdout_oos/ai_sd_db/sd_002724.jpg,ai,latent_diffusion,sd_db,DiffusionDB research license,sealed,,,[],0320608ddbc82328fd5650ba5b168467a48c3c1bd7164093bda1ab56727c0c1d,423003
/home/sparky/f01d/data/holdout_oos/ai_sd_db/sd_001484.jpg,ai,latent_diffusion,sd_db,DiffusionDB research license,sealed,,,[],29be2995b1eefbbba24217ed6e5043351e12fb8e781b74ff9611cdffada0cf58,566532
/home/sparky/f01d/data/holdout_oos/ai_sd_db/sd_000306.jpg,ai,latent_diffusion,sd_db,DiffusionDB research license,sealed,,,[],3ed6e3416d59de25a058160199b9bd6e3c8ce4eb4102e8a20bcf9f20246b4e15,677843
/home/sparky/f01d/data/holdout_oos/ai_sd_db/sd_001986.jpg,ai,latent_diffusion,sd_db,DiffusionDB research license,sealed,,,[],cbb9574bad0740f6f2f34a8cad3752e04dc87b723b0d7d505db76c0ab2f928f1,461434
/home/sparky/f01d/data/holdout_oos/ai_sd_db/sd_001944.jpg,ai,latent_diffusion,sd_db,DiffusionDB research license,sealed,,,[],1b81086bcc1b4256cb45dda6a353cec177b8f72b4196236d478956323ce3d496,399758
/home/sparky/f01d/data/holdout_oos/ai_sd_db/sd_000232.jpg,ai,latent_diffusion,sd_db,DiffusionDB research license,sealed,,,[],bd4d11c79a37dd307682161e94d9bf86915e51825967c69d689e4fa1ca7ec3d3,678565
/home/sparky/f01d/data/holdout_oos/ai_sd_db/sd_000158.jpg,ai,latent_diffusion,sd_db,DiffusionDB research license,sealed,,,[],41eeadcd4af68fb01c03089b4213ec7a7e23cf36ee48d4eda57a951ddb8ef10a,251875
/home/sparky/f01d/data/holdout_oos/ai_sd_db/sd_001802.jpg,ai,latent_diffusion,sd_db,DiffusionDB research license,sealed,,,[],329354e97385ae55c3438712a88a76c285e425efbdbdc276a7f3b685f1b65394,457701
/home/sparky/f01d/data/holdout_oos/ai_sd_db/sd_001689.jpg,ai,latent_diffusion,sd_db,DiffusionDB research license,sealed,,,[],06bd66039b1d57088c3edd3904ee4bc56571b0bd949afa3d8bb245ec3e18db3e,943969
/home/sparky/f01d/data/holdout_oos/ai_sd_db/sd_002280.jpg,ai,latent_diffusion,sd_db,DiffusionDB research license,sealed,,,[],7c68611df6f2090deedd2f691ec543656112dbaf44af2a0db134e00b32c330a4,353961
/home/sparky/f01d/data/holdout_oos/ai_sd_db/sd_001395.jpg,ai,latent_diffusion,sd_db,DiffusionDB research license,sealed,,,[],20e4faca74f6388dd8252d1daad54e3f779e23372e44150d3a16940014b4ad80,768296
/home/sparky/f01d/data/holdout_oos/ai_sd_db/sd_001919.jpg,ai,latent_diffusion,sd_db,DiffusionDB research license,sealed,,,[],5887832656de1c971b7712be183998effd6d2a9bb925adf7f68bd2a404274299,427216
/home/sparky/f01d/data/holdout_oos/ai_sd_db/sd_000780.jpg,ai,latent_diffusion,sd_db,DiffusionDB research license,sealed,,,[],0afb77f90ea3120ea33e85c403d7bca943f085ef444260830713b35ae25719b3,415963
/home/sparky/f01d/data/holdout_oos/ai_sd_db/sd_000103.jpg,ai,latent_diffusion,sd_db,DiffusionDB research license,sealed,,,[],e802aa84533f1b933095a1f875c07ed6591613bd0dbfc72f451eedbe9b0dfd1e,1864837
/home/sparky/f01d/data/holdout_oos/ai_sd_db/sd_001941.jpg,ai,latent_diffusion,sd_db,DiffusionDB research license,sealed,,,[],f24230b5eb3c28bd1329255de9d5fba6af48ef7412ed5977a2d813d69c6ea0ea,775340
/home/sparky/f01d/data/holdout_oos/ai_sd_db/sd_000638.jpg,ai,latent_diffusion,sd_db,DiffusionDB research license,sealed,,,[],57a9e2d670e50af436203d031bd7b70bddb7fb9f7a66a7135925e2d6793a607d,621770
/home/sparky/f01d/data/holdout_oos/ai_sd_db/sd_001390.jpg,ai,latent_diffusion,sd_db,DiffusionDB research license,sealed,,,[],657b24901eaacc6c4ce0aa5871ce9aa0c80017bde6ac6d955a116bc2362053be,398316
/home/sparky/f01d/data/holdout_oos/ai_sd_db/sd_001245.jpg,ai,latent_diffusion,sd_db,DiffusionDB research license,sealed,,,[],9a4cce61e93d5df4d740b2657a1b3d141c6db27ca24e5d11f93a439d02efed32,1483569
/home/sparky/f01d/data/holdout_oos/ai_sd_db/sd_002381.jpg,ai,latent_diffusion,sd_db,DiffusionDB research license,sealed,,,[],476d9f31afd98220af85dc89e3253b715df9fadd40992f5fdc056240290dd3ee,306816
/home/sparky/f01d/data/holdout_oos/ai_sd_db/sd_000029.jpg,ai,latent_diffusion,sd_db,DiffusionDB research license,sealed,,,[],f86b9751bf5d71b4c3327fd4763f8c5e8e08d304a76083da5a4d60ff2f04fd3e,623460
/home/sparky/f01d/data/holdout_oos/ai_sd_db/sd_001357.jpg,ai,latent_diffusion,sd_db,DiffusionDB research license,sealed,,,[],e941d166aaf2f25bf60db5576a6f19c3e0eb5c139d156916d24457de3fc93a25,374757
/home/sparky/f01d/data/holdout_oos/ai_sd_db/sd_001482.jpg,ai,latent_diffusion,sd_db,DiffusionDB research license,sealed,,,[],359128d54c8c4102f4fc7b9176a9043450eb6233426bfd665de99452d70bc2af,450577
/home/sparky/f01d/data/holdout_oos/ai_sd_db/sd_001109.jpg,ai,latent_diffusion,sd_db,DiffusionDB research license,sealed,,,[],522b04ef29c9bf59851c97df12fa9c58c73674db8a0ecf2afb1a0089a74e01d2,429394
/home/sparky/f01d/data/holdout_oos/ai_sd_db/sd_000017.jpg,ai,latent_diffusion,sd_db,DiffusionDB research license,sealed,,,[],6023e2fb6f3373a82a92474b737a3c6beaec36b5ded7d7495b9922d228f0a11e,481065
/home/sparky/f01d/data/holdout_oos/ai_sd_db/sd_003000.jpg,ai,latent_diffusion,sd_db,DiffusionDB research license,sealed,,,[],71d5f285770329f4729bfaccf29134768b546befdf84d4b0a91eae6f34e29d27,1484962
/home/sparky/f01d/data/holdout_oos/ai_sd_db/sd_000395.jpg,ai,latent_diffusion,sd_db,DiffusionDB research license,sealed,,,[],427b77124d9dcb046ce9cc2cd1165b49b9d9b50b8d905a9754733d66ba6aabc3,388038
/home/sparky/f01d/data/holdout_oos/ai_sd_db/sd_000288.jpg,ai,latent_diffusion,sd_db,DiffusionDB research license,sealed,,,[],849adb2a9a270f8307c59cab00df191a11396c2bcffafb32052504dec72ec77d,650749
/home/sparky/f01d/data/holdout_oos/ai_sd_db/sd_002676.jpg,ai,latent_diffusion,sd_db,DiffusionDB research license,sealed,,,[],53574a62533d4f72779df0984ebf96b7aeaca225df07dfd304103dffc1db325d,403901
/home/sparky/f01d/data/holdout_oos/ai_sd_db/sd_002820.jpg,ai,latent_diffusion,sd_db,DiffusionDB research license,sealed,,,[],fa81ebb8ef8aa2862b09b0e01828cd62e162c87236f4a12352cac553f2c57a00,958595
/home/sparky/f01d/data/holdout_oos/ai_sd_db/sd_002082.jpg,ai,latent_diffusion,sd_db,DiffusionDB research license,sealed,,,[],e3c28471b8a34294fe6be34a945eea13a073988a3b7b92be6bba92db63d569ce,442804
/home/sparky/f01d/data/holdout_oos/ai_sd_db/sd_002354.jpg,ai,latent_diffusion,sd_db,DiffusionDB research license,sealed,,,[],ec9238f4233300a40afa46de71bcfdfe9f0e31aa3d7891b0a662ba33b550282d,533629
/home/sparky/f01d/data/holdout_oos/ai_sd_db/sd_000215.jpg,ai,latent_diffusion,sd_db,DiffusionDB research license,sealed,,,[],730b213b25cb4f4c540d4389641aca2c92037d97e93c93a76011a65bd5329a00,593667
/home/sparky/f01d/data/holdout_oos/ai_sd_db/sd_001589.jpg,ai,latent_diffusion,sd_db,DiffusionDB research license,sealed,,,[],5df97919d042b75c619572410263185db101ea2a7dd9a4c9e873591ab1f7b787,502361
/home/sparky/f01d/data/holdout_oos/ai_sd_db/sd_000844.jpg,ai,latent_diffusion,sd_db,DiffusionDB research license,sealed,,,[],ee89ee9b0259b5c0a99601be522f54aa0aecd4226a176110a650e3852b27936e,963596
/home/sparky/f01d/data/holdout_oos/ai_sd_db/sd_000092.jpg,ai,latent_diffusion,sd_db,DiffusionDB research license,sealed,,,[],a90e6e70f74898c238cd28fd3903cb148ffb4349e0fa12db9e31d3dab020d81b,429970
/home/sparky/f01d/data/holdout_oos/ai_sd_db/sd_001170.jpg,ai,latent_diffusion,sd_db,DiffusionDB research license,sealed,,,[],0ea85b35880c0133131e7c466641df356a3b8b8d4aa969c2a8f0f059f8fbaa96,839672
/home/sparky/f01d/data/holdout_oos/ai_sd_db/sd_002123.jpg,ai,latent_diffusion,sd_db,DiffusionDB research license,sealed,,,[],68ec6655d978ee4e9f5d312d2c4f694c3f7dca44716023e64325f5c87693e2c0,597885
/home/sparky/f01d/data/holdout_oos/ai_sd_db/sd_002890.jpg,ai,latent_diffusion,sd_db,DiffusionDB research license,sealed,,,[],b2a2d1f0746a17c6472db692d6b4e2a198f85ea7d5eaae095947544269946e99,1569069
/home/sparky/f01d/data/holdout_oos/ai_sd_db/sd_002396.jpg,ai,latent_diffusion,sd_db,DiffusionDB research license,sealed,,,[],84f115e84ee07d417481fb86a014e230f3de885f879a6f0c9aba3d0664ff9030,329873
/home/sparky/f01d/data/holdout_oos/ai_sd_db/sd_000065.jpg,ai,latent_diffusion,sd_db,DiffusionDB research license,sealed,,,[],b7721e75024da309ee5ec5f9321e961759808ceaaa802a19572af64ebe4a8a5b,562604
/home/sparky/f01d/data/holdout_oos/ai_sd_db/sd_002368.jpg,ai,latent_diffusion,sd_db,DiffusionDB research license,sealed,,,[],514714c57e31101e45d6201f14ea9e4dc238a0c00d7da9612537d6f4f43d024d,442635
/home/sparky/f01d/data/holdout_oos/ai_sd_db/sd_002303.jpg,ai,latent_diffusion,sd_db,DiffusionDB research license,sealed,,,[],7102f6f505a53d59d4923510b6056cb4207b1af6895327f5ab34fdfb29801013,685832
/home/sparky/f01d/data/holdout_oos/ai_sd_db/sd_000897.jpg,ai,latent_diffusion,sd_db,DiffusionDB research license,sealed,,,[],e9d8b84cfc69b889f7a2173ddc11527181f0453cd2920448e090eb619094b264,769414
/home/sparky/f01d/data/holdout_oos/ai_sd_db/sd_001146.jpg,ai,latent_diffusion,sd_db,DiffusionDB research license,sealed,,,[],a981696fbb1b65ed6ac8c7709c5aaa4d794537eab1158cb1f51014a39f5433e6,361916
/home/sparky/f01d/data/holdout_oos/ai_sd_db/sd_000166.jpg,ai,latent_diffusion,sd_db,DiffusionDB research license,sealed,,,[],bf8e43bf6aa59c1234c27449fe7bea4c7cc0b1924e71c56ac89d45edbf9badef,347363
/home/sparky/f01d/data/holdout_oos/ai_sd_db/sd_001181.jpg,ai,latent_diffusion,sd_db,DiffusionDB research license,sealed,,,[],2ce6bd0db1b7ef5a3b4567b3dc31f122d3d42d3b7f429e05c2d5a8c20b9fb024,475883
/home/sparky/f01d/data/holdout_oos/ai_sd_db/sd_001836.jpg,ai,latent_diffusion,sd_db,DiffusionDB research license,sealed,,,[],39fe5ee63559ee4e318d5c034cafc89ee42e86f2f823720e85c7bbde2177b8de,420646
/home/sparky/f01d/data/holdout_oos/ai_sd_db/sd_000432.jpg,ai,latent_diffusion,sd_db,DiffusionDB research license,sealed,,,[],dc1d505535fbc6000314f586b50eb98faa5f3d19bfaf73a64c2049c53808ca9a,381757
/home/sparky/f01d/data/holdout_oos/ai_sd_db/sd_002191.jpg,ai,latent_diffusion,sd_db,DiffusionDB research license,sealed,,,[],b8b33f6a776ee9dee3d9ee3fa76e7494ec058e93096808b66529fdeaaa1e6bce,499917
/home/sparky/f01d/data/holdout_oos/ai_sd_db/sd_000818.jpg,ai,latent_diffusion,sd_db,DiffusionDB research license,sealed,,,[],f968028085d14d3aa49ab2a91e73591c562c7ea408d360158d6a0edb4fccf76a,2328753
/home/sparky/f01d/data/holdout_oos/ai_sd_db/sd_002535.jpg,ai,latent_diffusion,sd_db,DiffusionDB research license,sealed,,,[],7eac4d07d953f9b8dfd8e53e67128df5ae6cab4b80d9454413adaba0ac7f8365,451594
/home/sparky/f01d/data/holdout_oos/ai_sd_db/sd_002323.jpg,ai,latent_diffusion,sd_db,DiffusionDB research license,sealed,,,[],45082b39a92c04fde5f9a2b020afbb2a1a62fc9e717bb52f96c8ea55d559d58f,507837
/home/sparky/f01d/data/holdout_oos/ai_sd_db/sd_001920.jpg,ai,latent_diffusion,sd_db,DiffusionDB research license,sealed,,,[],1c4296b4035c99ecfb9a42d7cac6b59fb1ec66075ed83597022830d29af23ef2,619502
/home/sparky/f01d/data/holdout_oos/ai_sd_db/sd_002237.jpg,ai,latent_diffusion,sd_db,DiffusionDB research license,sealed,,,[],1f700f7f8c51e923ca9ed7d7cec373fc8e48433b58df58e9460076daab0e7e09,431472
/home/sparky/f01d/data/holdout_oos/ai_sd_db/sd_001126.jpg,ai,latent_diffusion,sd_db,DiffusionDB research license,sealed,,,[],2748a1562c2780e8a78be423abb104d517feb128baac09478564d44c4763c439,428714
/home/sparky/f01d/data/holdout_oos/ai_sd_db/sd_001645.jpg,ai,latent_diffusion,sd_db,DiffusionDB research license,sealed,,,[],2921c277c465ae11490c9b50c888f50506d9f987e2bae0e6ff78a29ee3a26418,571255
/home/sparky/f01d/data/holdout_oos/ai_sd_db/sd_002819.jpg,ai,latent_diffusion,sd_db,DiffusionDB research license,sealed,,,[],669357b3b4aa1df57b5a76e7beb1ecca1b8e5f11ed05273209350f5bbd3478cb,477226
/home/sparky/f01d/data/holdout_oos/ai_sd_db/sd_001340.jpg,ai,latent_diffusion,sd_db,DiffusionDB research license,sealed,,,[],8ed12459d58a4f41ec9c4efd908f37267a66fdac5a7f9faa114d58745ec08c10,703641
/home/sparky/f01d/data/holdout_oos/ai_sd_db/sd_000474.jpg,ai,latent_diffusion,sd_db,DiffusionDB research license,sealed,,,[],888d91dc77d33f68c40a4b7d0b0b498466a065acfd0896b524d7fdda340560fd,563752
/home/sparky/f01d/data/holdout_oos/ai_sd_db/sd_001070.jpg,ai,latent_diffusion,sd_db,DiffusionDB research license,sealed,,,[],e71a13c2d664f45919a5eaf2adbffcaf2efd3974f0123106159e34dde30a15a9,343110
/home/sparky/f01d/data/holdout_oos/ai_sd_db/sd_002777.jpg,ai,latent_diffusion,sd_db,DiffusionDB research license,sealed,,,[],1d47459dd040a02f312e81e9ee1e18ecc5e111b40fd89fbee982aebf1316aae8,735497
/home/sparky/f01d/data/holdout_oos/ai_sd_db/sd_002549.jpg,ai,latent_diffusion,sd_db,DiffusionDB research license,sealed,,,[],05421b26ae7e76eb0c8f6387805d9b21b8aa985ea27477a46d7fda2e7b4e6abf,598467
/home/sparky/f01d/data/holdout_oos/ai_sd_db/sd_001447.jpg,ai,latent_diffusion,sd_db,DiffusionDB research license,sealed,,,[],9c4990a57ee88291be1865b374f4499fc227641982b6ca068adfe7a7f18a179a,597001
/home/sparky/f01d/data/holdout_oos/ai_sd_db/sd_001121.jpg,ai,latent_diffusion,sd_db,DiffusionDB research license,sealed,,,[],94792372141ae1103de0c7258b044cb02213abefcbd7e5e326a9273bc88d1184,383420
/home/sparky/f01d/data/holdout_oos/ai_sd_db/sd_001927.jpg,ai,latent_diffusion,sd_db,DiffusionDB research license,sealed,,,[],ed5e079a6e0526197d83f640ea3b3ff004c814e3142188ac049403d4788eb390,639490
/home/sparky/f01d/data/holdout_oos/ai_sd_db/sd_002204.jpg,ai,latent_diffusion,sd_db,DiffusionDB research license,sealed,,,[],426e5d63a574241d3ebc212e17166749747c35c671f2d2f8a6ff403baacb66dd,385809
/home/sparky/f01d/data/holdout_oos/ai_sd_db/sd_000122.jpg,ai,latent_diffusion,sd_db,DiffusionDB research license,sealed,,,[],590ff6950587f5633b6e5d3232a31770b6fa9b2dbe66fb81d69878e5c5f4c896,802635
/home/sparky/f01d/data/holdout_oos/ai_sd_db/sd_002198.jpg,ai,latent_diffusion,sd_db,DiffusionDB research license,sealed,,,[],22b68428ac0e7ddccf70092f1061ca5d113c4a6885af3efd2e014630f1219e01,616515
/home/sparky/f01d/data/holdout_oos/ai_sd_db/sd_000959.jpg,ai,latent_diffusion,sd_db,DiffusionDB research license,sealed,,,[],49e40aa458de3213649ef9f4fb848c7810cc37206741f109825497a4f819b35c,772315
/home/sparky/f01d/data/holdout_oos/ai_sd_db/sd_001043.jpg,ai,latent_diffusion,sd_db,DiffusionDB research license,sealed,,,[],fd6118ca24d7c0743fb560deb04b67c6289f4021d80867a6d7e704e0d835b84c,463953
/home/sparky/f01d/data/holdout_oos/ai_sd_db/sd_001876.jpg,ai,latent_diffusion,sd_db,DiffusionDB research license,sealed,,,[],4992af7319aba8f78341f85203c8fea5fa8a9c433c234787c8960e2e17583b54,384880
/home/sparky/f01d/data/holdout_oos/ai_sd_db/sd_000316.jpg,ai,latent_diffusion,sd_db,DiffusionDB research license,sealed,,,[],a92e7ea1968a56c7427cb6d7f4ad44e3eb9a4d4d2edd72d0f1247c06f3e9abc9,611699
/home/sparky/f01d/data/holdout_oos/ai_sd_db/sd_001381.jpg,ai,latent_diffusion,sd_db,DiffusionDB research license,sealed,,,[],8d57efa76ac4679a9acdce9f74a7f0706dba725068509eba83f40a5a7dc91613,667544
/home/sparky/f01d/data/holdout_oos/ai_sd_db/sd_001846.jpg,ai,latent_diffusion,sd_db,DiffusionDB research license,sealed,,,[],3584acbf8e0eacab8d1282167bdd2bd9af901a9a76242fbc900e714017cc9a23,626439
/home/sparky/f01d/data/holdout_oos/ai_sd_db/sd_002868.jpg,ai,latent_diffusion,sd_db,DiffusionDB research license,sealed,,,[],2268fb047495a585704599c57097b76b2ef10b5ef6b041eb7f7201c11fa20fc4,462479
/home/sparky/f01d/data/holdout_oos/ai_sd_db/sd_001855.jpg,ai,latent_diffusion,sd_db,DiffusionDB research license,sealed,,,[],28fbcfb92eb56fc36e7b4af87c18917a52572b85c2fbfaef36a9a8cd65658e95,862269
/home/sparky/f01d/data/holdout_oos/ai_sd_db/sd_002881.jpg,ai,latent_diffusion,sd_db,DiffusionDB research license,sealed,,,[],5f2bb408a6f064a4334fe524286ec2f2da3c0a3e4780286c90e3a43672d6a139,391617
/home/sparky/f01d/data/holdout_oos/ai_sd_db/sd_001900.jpg,ai,latent_diffusion,sd_db,DiffusionDB research license,sealed,,,[],b35000e895ad969950b0defaa0df8343c6465f5762410d764d845ecdcd24f371,696215
/home/sparky/f01d/data/holdout_oos/ai_sd_db/sd_002623.jpg,ai,latent_diffusion,sd_db,DiffusionDB research license,sealed,,,[],071f8fe0077f64c10b6c818a6eb25b873f31809b2eebde0986e808322e39a74a,296286
/home/sparky/f01d/data/holdout_oos/ai_sd_db/sd_001472.jpg,ai,latent_diffusion,sd_db,DiffusionDB research license,sealed,,,[],0281499585de3b3f3e79f2f51a9db05975cac9d2027adca94eef274568a2e244,469952
/home/sparky/f01d/data/holdout_oos/ai_sd_db/sd_002462.jpg,ai,latent_diffusion,sd_db,DiffusionDB research license,sealed,,,[],a2a18c93676787599b0d99488eb06c7540831b8f272afe613894691f6f397394,418724
/home/sparky/f01d/data/holdout_oos/ai_sd_db/sd_001324.jpg,ai,latent_diffusion,sd_db,DiffusionDB research license,sealed,,,[],af10073ec01cd1851419474640ba9f26344893e221b518843307bc1a4d2f9585,633084
/home/sparky/f01d/data/holdout_oos/ai_sd_db/sd_002853.jpg,ai,latent_diffusion,sd_db,DiffusionDB research license,sealed,,,[],46d9ae853320be30f7f5ffb7339b252282f66849377fb2575ed87aab0643526c,500994
/home/sparky/f01d/data/holdout_oos/ai_sd_db/sd_000619.jpg,ai,latent_diffusion,sd_db,DiffusionDB research license,sealed,,,[],7ca00f6a373baed8ae95ac9288f47f5a648ba898efc8a839a8183dec8e040782,549214
/home/sparky/f01d/data/holdout_oos/ai_sd_db/sd_000456.jpg,ai,latent_diffusion,sd_db,DiffusionDB research license,sealed,,,[],a4f8e94b4167dedec83834309d38777247342f19c326ccd01dede27407eb6977,834191
/home/sparky/f01d/data/holdout_oos/ai_sd_db/sd_001966.jpg,ai,latent_diffusion,sd_db,DiffusionDB research license,sealed,,,[],f1b4160d07c218e10efadf7ba6cfd3a0f8ec692558a409de831d41a9bf89317f,593735
/home/sparky/f01d/data/holdout_oos/ai_sd_db/sd_002839.jpg,ai,latent_diffusion,sd_db,DiffusionDB research license,sealed,,,[],bdf03a6e8f1317d9087f262e83506467b00b8e4564d285f05a9e52619a4887d8,489193
/home/sparky/f01d/data/holdout_oos/ai_sd_db/sd_000964.jpg,ai,latent_diffusion,sd_db,DiffusionDB research license,sealed,,,[],b540562aaa15826ba36206db7d92b7fc4bcead1244ecb41e0b898c645a764fcd,117725
/home/sparky/f01d/data/holdout_oos/ai_sd_db/sd_002572.jpg,ai,latent_diffusion,sd_db,DiffusionDB research license,sealed,,,[],f2f88eace843550a5458258ef26ed3bde692cd875a575eb6d2a87b48b1acc0b9,434334
/home/sparky/f01d/data/holdout_oos/ai_sd_db/sd_001409.jpg,ai,latent_diffusion,sd_db,DiffusionDB research license,sealed,,,[],fd5e22eddf90b2177b5c570cd54aa2b2324b9e72bd8cb10f887cb8090c347816,709438
/home/sparky/f01d/data/holdout_oos/ai_sd_db/sd_002203.jpg,ai,latent_diffusion,sd_db,DiffusionDB research license,sealed,,,[],24568f8bc1061cc149a5624ec3ac20133e07cf52b5deed1af79d28696c251486,513244
/home/sparky/f01d/data/holdout_oos/ai_sd_db/sd_002183.jpg,ai,latent_diffusion,sd_db,DiffusionDB research license,sealed,,,[],6a01a9c23b4cd2e21fdf0f6267fe48825fb7d0b1b0aafc2266493153fd2ac10c,390960
/home/sparky/f01d/data/holdout_oos/ai_sd_db/sd_001352.jpg,ai,latent_diffusion,sd_db,DiffusionDB research license,sealed,,,[],cd288a6482f790e731139745939edd5a76cbed055cf18af9a5888aa4476b5d7c,755758
/home/sparky/f01d/data/holdout_oos/ai_sd_db/sd_001982.jpg,ai,latent_diffusion,sd_db,DiffusionDB research license,sealed,,,[],3386454c771fcc32123511fda73603cd14db968307334498fdf0745be84120db,1254807
/home/sparky/f01d/data/holdout_oos/ai_sd_db/sd_002215.jpg,ai,latent_diffusion,sd_db,DiffusionDB research license,sealed,,,[],d3e2d424024a155a954f620bb41fb26f17788913388042f20ea7957d9c3cf8f0,499887
/home/sparky/f01d/data/holdout_oos/ai_sd_db/sd_000631.jpg,ai,latent_diffusion,sd_db,DiffusionDB research license,sealed,,,[],6d575b6947653b6ccb0512838d8e396bf0c51c9b6823d017a6824438e611e06f,1848218
/home/sparky/f01d/data/holdout_oos/ai_sd_db/sd_000373.jpg,ai,latent_diffusion,sd_db,DiffusionDB research license,sealed,,,[],19440e2a9ec324c648fa9b0ea6bc5ba954434cc2de7665a827d0c2074443f837,942041
/home/sparky/f01d/data/holdout_oos/ai_sd_db/sd_001209.jpg,ai,latent_diffusion,sd_db,DiffusionDB research license,sealed,,,[],55536b096cf9f9a982bcc18b0bc3e5b9a9e6847549a4742aabf2f5ecee55343e,907152
/home/sparky/f01d/data/holdout_oos/ai_sd_db/sd_000650.jpg,ai,latent_diffusion,sd_db,DiffusionDB research license,sealed,,,[],7e38a39bf8ab405f5ba1be59fc64a87825ac89f15c6b9b9775731c03971ee5b6,577598
/home/sparky/f01d/data/holdout_oos/ai_sd_db/sd_002412.jpg,ai,latent_diffusion,sd_db,DiffusionDB research license,sealed,,,[],3dbeeb7d740db3e7ae6ee9465b07fd16524ce38e7d5ff57f0692a2ac55782441,371855
/home/sparky/f01d/data/holdout_oos/ai_sd_db/sd_000411.jpg,ai,latent_diffusion,sd_db,DiffusionDB research license,sealed,,,[],42b92df201cea615e6050ea297214bfaf9c2e0435aa0eccd720c8e8e2e405f0f,288900
/home/sparky/f01d/data/holdout_oos/ai_sd_db/sd_000990.jpg,ai,latent_diffusion,sd_db,DiffusionDB research license,sealed,,,[],0e4d4ededb6a58f8326f4dbf7a526f1d6d06079d67e5e9befb8b09f53560310f,670705
/home/sparky/f01d/data/holdout_oos/ai_sd_db/sd_001061.jpg,ai,latent_diffusion,sd_db,DiffusionDB research license,sealed,,,[],7bdbfe599cf7115ca1835d5551f3fe3350ca2f6b081a6da9593ef0c6d4d661e2,153125
/home/sparky/f01d/data/holdout_oos/ai_sd_db/sd_000849.jpg,ai,latent_diffusion,sd_db,DiffusionDB research license,sealed,,,[],5678246d453e90a6cdb8c72e8a748c549223541535927fec40e2200e408c3d4e,717475
/home/sparky/f01d/data/holdout_oos/ai_sd_db/sd_000488.jpg,ai,latent_diffusion,sd_db,DiffusionDB research license,sealed,,,[],2b9a848fc76f288ddeb9c7167790805406fc101e7fde7103963fa32302e4335d,410779
/home/sparky/f01d/data/holdout_oos/ai_sd_db/sd_001263.jpg,ai,latent_diffusion,sd_db,DiffusionDB research license,sealed,,,[],005de20b1bfd5699264c36b5d78e598d10f797a9cec2e187a62bb58f4587d6ee,425230
/home/sparky/f01d/data/holdout_oos/ai_sd_db/sd_000769.jpg,ai,latent_diffusion,sd_db,DiffusionDB research license,sealed,,,[],0b23bf48e5982841293533ebb6f43ff218b342b18c91254db8e14be74d1ba0c0,583464
/home/sparky/f01d/data/holdout_oos/ai_sd_db/sd_002587.jpg,ai,latent_diffusion,sd_db,DiffusionDB research license,sealed,,,[],e022f96dd899cd551e2c3a0e7bd444d42f47d0026f9d3d822e883a4e0a0498dd,376702
/home/sparky/f01d/data/holdout_oos/ai_sd_db/sd_001020.jpg,ai,latent_diffusion,sd_db,DiffusionDB research license,sealed,,,[],4540e3e848750ee4f140575fd0f5cd54f4a385c542a0f30d8c79065ca817c9a9,421420
/home/sparky/f01d/data/holdout_oos/ai_sd_db/sd_001343.jpg,ai,latent_diffusion,sd_db,DiffusionDB research license,sealed,,,[],b848fd6066c2a80bccd1a7eaf099f8f8bdafef6f0a86e6132814a0d67b06da96,634458
/home/sparky/f01d/data/holdout_oos/ai_sd_db/sd_002404.jpg,ai,latent_diffusion,sd_db,DiffusionDB research license,sealed,,,[],fc9b35d8d58adcb56f79276e5137dc771f7e8654dd0ec3c6784629f1825da879,423581
/home/sparky/f01d/data/holdout_oos/ai_sd_db/sd_001799.jpg,ai,latent_diffusion,sd_db,DiffusionDB research license,sealed,,,[],50b7fb4ae5e32f4421851588b7b92fd12389f1b338e21832af6ca476b392156a,370724
/home/sparky/f01d/data/holdout_oos/ai_sd_db/sd_002325.jpg,ai,latent_diffusion,sd_db,DiffusionDB research license,sealed,,,[],73614ca0ef486d1aba894cef8198e13d1db8feeea60b68b837138ab06ac7c0a2,357975
/home/sparky/f01d/data/holdout_oos/ai_sd_db/sd_001764.jpg,ai,latent_diffusion,sd_db,DiffusionDB research license,sealed,,,[],52d5771cd7a59436ec825cf874beaaf5d26b9fb740cac87cfe14ca16ee597232,453777
/home/sparky/f01d/data/holdout_oos/ai_sd_db/sd_002594.jpg,ai,latent_diffusion,sd_db,DiffusionDB research license,sealed,,,[],c6f662d809c9ccd0129b74b0685780857e02849f3d3403c3d593f49495b9609e,432302
/home/sparky/f01d/data/holdout_oos/ai_sd_db/sd_000907.jpg,ai,latent_diffusion,sd_db,DiffusionDB research license,sealed,,,[],58823cf2d729fa22961eff81bf5c4d07e7eb806e09d080f1058d9c48735c04c6,685233
/home/sparky/f01d/data/holdout_oos/ai_sd_db/sd_002064.jpg,ai,latent_diffusion,sd_db,DiffusionDB research license,sealed,,,[],4c87e1e923e2a3969bb0487a2d0399d1f3a41d26287b78bda90e76f163c61f9c,521839
/home/sparky/f01d/data/holdout_oos/ai_sd_db/sd_000253.jpg,ai,latent_diffusion,sd_db,DiffusionDB research license,sealed,,,[],d5eb86da24a70eb047fcdcd952b34b61562230dbf3fc81ba98620ea313bb6f84,681274
/home/sparky/f01d/data/holdout_oos/ai_sd_db/sd_001845.jpg,ai,latent_diffusion,sd_db,DiffusionDB research license,sealed,,,[],734575651ee18e4c237ecdd3a421cf116e13d8bf5c690ae28f96d9c1f9e728f1,968922
/home/sparky/f01d/data/holdout_oos/ai_sd_db/sd_002618.jpg,ai,latent_diffusion,sd_db,DiffusionDB research license,sealed,,,[],e1f50d8f39213bca9025df9e3f406ea629e9ba04e77e05298254dc16cd48d6e7,399563
/home/sparky/f01d/data/holdout_oos/ai_sd_db/sd_000124.jpg,ai,latent_diffusion,sd_db,DiffusionDB research license,sealed,,,[],31fc734c78c1528a9b6233b001043152d2c8d03f49fb01bd2fd653eaf1affee5,1402258
/home/sparky/f01d/data/holdout_oos/ai_sd_db/sd_001180.jpg,ai,latent_diffusion,sd_db,DiffusionDB research license,sealed,,,[],2f83c6e5838dffd1c27c8ce0aa4964b7f3e1b810df98d258aec55143de6ff76a,443135
/home/sparky/f01d/data/holdout_oos/ai_sd_db/sd_000877.jpg,ai,latent_diffusion,sd_db,DiffusionDB research license,sealed,,,[],7137824379aafbf26029333f741bec2abfcac5a25569a1cf0d32b8fa0589ee25,652282
/home/sparky/f01d/data/holdout_oos/ai_sd_db/sd_000019.jpg,ai,latent_diffusion,sd_db,DiffusionDB research license,sealed,,,[],3b26f1fae6160cf55cc5e135956556d3dac565d8b0090619bf41a0659f4e9933,466698
/home/sparky/f01d/data/holdout_oos/ai_sd_db/sd_002345.jpg,ai,latent_diffusion,sd_db,DiffusionDB research license,sealed,,,[],1806570cd9183889891e588897ece716308aa208526bd2af18f4f6e5cad55e3c,1639657
/home/sparky/f01d/data/holdout_oos/ai_sd_db/sd_002341.jpg,ai,latent_diffusion,sd_db,DiffusionDB research license,sealed,,,[],6871ba9db7e8772ff42170ddf233e34899f36d35bb62cae5812e205f43ba6ce6,365658
/home/sparky/f01d/data/holdout_oos/ai_sd_db/sd_000713.jpg,ai,latent_diffusion,sd_db,DiffusionDB research license,sealed,,,[],7274313feb5266897ad8d7c075ee8e0155e9ffa8dd5e93f1d253b5c47b842d6f,523749
/home/sparky/f01d/data/holdout_oos/ai_sd_db/sd_002556.jpg,ai,latent_diffusion,sd_db,DiffusionDB research license,sealed,,,[],0732781a6849e11a70eb7013602d03d75a559266513a53a03a5bdbb5b39b24db,483516
/home/sparky/f01d/data/holdout_oos/ai_sd_db/sd_001933.jpg,ai,latent_diffusion,sd_db,DiffusionDB research license,sealed,,,[],faa291212ad73f71b1ac24afe136d89bf3d1433ad74ba61b0ddacf1014469dc7,386053
/home/sparky/f01d/data/holdout_oos/ai_sd_db/sd_002279.jpg,ai,latent_diffusion,sd_db,DiffusionDB research license,sealed,,,[],fa8a3dbb7714af6e4eb259653e87a31faf1a02a6e3886a98f2cc3a4a1d5e1576,392542
/home/sparky/f01d/data/holdout_oos/ai_sd_db/sd_001211.jpg,ai,latent_diffusion,sd_db,DiffusionDB research license,sealed,,,[],e9a38205cb0160d9d098eda2d90f6afb49c87cd257bd58124b3974c9246c9442,461175
/home/sparky/f01d/data/holdout_oos/ai_sd_db/sd_001841.jpg,ai,latent_diffusion,sd_db,DiffusionDB research license,sealed,,,[],6068141cb6804901bb527ac662ad7ddc9a212b275f3c5d531c3ca49a55d940f5,409062
/home/sparky/f01d/data/holdout_oos/ai_sd_db/sd_001106.jpg,ai,latent_diffusion,sd_db,DiffusionDB research license,sealed,,,[],1c0ef090804b00810fd01ba4b8c5b9463424cb7c49f4d774992720be02446ac7,422301
/home/sparky/f01d/data/holdout_oos/ai_sd_db/sd_000544.jpg,ai,latent_diffusion,sd_db,DiffusionDB research license,sealed,,,[],f84870378d604154e603dbaad77d61579735c84765f5e87464b3dd2d91ac839e,600575
/home/sparky/f01d/data/holdout_oos/ai_sd_db/sd_001968.jpg,ai,latent_diffusion,sd_db,DiffusionDB research license,sealed,,,[],e9cf61b2fab5c9c8926deeff6cbd9615bc8c34333277ad8ce002ddeed313749c,517663
/home/sparky/f01d/data/holdout_oos/ai_sd_db/sd_000175.jpg,ai,latent_diffusion,sd_db,DiffusionDB research license,sealed,,,[],21d5b70891a2c3b76b4f97c259d42f88a85b613de394f68de270463e722cb62b,428177
/home/sparky/f01d/data/holdout_oos/ai_sd_db/sd_002243.jpg,ai,latent_diffusion,sd_db,DiffusionDB research license,sealed,,,[],f79aa3d7789c4533cb71dc9ae034ec78e6a0ed224ac12527ae74a8ab92728be6,436495
/home/sparky/f01d/data/holdout_oos/ai_sd_db/sd_002796.jpg,ai,latent_diffusion,sd_db,DiffusionDB research license,sealed,,,[],e8886889d8a569174194edd5371db1537325d1c557d04c63bdce9b3ad7b8cb3d,347439
/home/sparky/f01d/data/holdout_oos/ai_sd_db/sd_002857.jpg,ai,latent_diffusion,sd_db,DiffusionDB research license,sealed,,,[],96cc36563b2f7cbda7f7b8130198db0c2c5da2ce320cf797e9caaca101dd29b7,548215
/home/sparky/f01d/data/holdout_oos/ai_sd_db/sd_001318.jpg,ai,latent_diffusion,sd_db,DiffusionDB research license,sealed,,,[],6a5b906d7a43898063209c4fd8ad8f3ecd4af79574c23cf849c3c76a3103000b,400422
/home/sparky/f01d/data/holdout_oos/ai_sd_db/sd_002895.jpg,ai,latent_diffusion,sd_db,DiffusionDB research license,sealed,,,[],cd14b1c730e0ff2e3cf32662c7f652d62c6c7541b46bed0c9e8c1bb8c81d4768,326913
/home/sparky/f01d/data/holdout_oos/ai_sd_db/sd_000341.jpg,ai,latent_diffusion,sd_db,DiffusionDB research license,sealed,,,[],7b6166b3bea5cdb3a4dfbc02a456a23a7ba55f1a2c8b7b042a17ad2c08903765,592448
/home/sparky/f01d/data/holdout_oos/ai_sd_db/sd_002300.jpg,ai,latent_diffusion,sd_db,DiffusionDB research license,sealed,,,[],64fb5c10fe45dc831bb668322e42078332fb4674efbadcde32c9860cf8fe50b2,447888
/home/sparky/f01d/data/holdout_oos/ai_sd_db/sd_002517.jpg,ai,latent_diffusion,sd_db,DiffusionDB research license,sealed,,,[],3ec5eaa92ea1f370ec81dad933701ded296d981bb41bfd3b40fbac738d0ae89d,452668
/home/sparky/f01d/data/holdout_oos/ai_sd_db/sd_000514.jpg,ai,latent_diffusion,sd_db,DiffusionDB research license,sealed,,,[],2efc8f21fc7b993e19f449e9ce025e8b0565dfae06f4aef2acfe4cbbc4a98e1f,814083
/home/sparky/f01d/data/holdout_oos/ai_sd_db/sd_002837.jpg,ai,latent_diffusion,sd_db,DiffusionDB research license,sealed,,,[],8fca35d85f6b0c686dc27adf65ff2ac2da445a1c41a607a053d1ca624b9182f7,406747
/home/sparky/f01d/data/holdout_oos/ai_sd_db/sd_002539.jpg,ai,latent_diffusion,sd_db,DiffusionDB research license,sealed,,,[],d87b06b31bbff96b3fcf59f748f9b2f699035c883d0da3d26183360d465031d6,513987
/home/sparky/f01d/data/holdout_oos/ai_sd_db/sd_001972.jpg,ai,latent_diffusion,sd_db,DiffusionDB research license,sealed,,,[],a8a6ec9093331b2396ab529b055cdcfe7c7acabf56ba4f5c0cf7378c96bfbfd5,328898
/home/sparky/f01d/data/holdout_oos/ai_sd_db/sd_000406.jpg,ai,latent_diffusion,sd_db,DiffusionDB research license,sealed,,,[],3c1cac477122d0ec8ffa3504071838a19e89a4d885b2626b4e6d74618b5a84ea,443296
/home/sparky/f01d/data/holdout_oos/ai_sd_db/sd_002391.jpg,ai,latent_diffusion,sd_db,DiffusionDB research license,sealed,,,[],333b5c12bf6591298f6dced5c57d6519c2842c1875a2c119b18e9ae4dbc05c4f,511012
/home/sparky/f01d/data/holdout_oos/ai_sd_db/sd_001062.jpg,ai,latent_diffusion,sd_db,DiffusionDB research license,sealed,,,[],22513b206fec73decf19209652e6a999dbdca698b4bd161e934faa1d40151da1,630612
/home/sparky/f01d/data/holdout_oos/ai_sd_db/sd_001230.jpg,ai,latent_diffusion,sd_db,DiffusionDB research license,sealed,,,[],058a082bde997fe899827452c035ddeb3875bb40eec4e1491b48d319412a8488,1342645
/home/sparky/f01d/data/holdout_oos/ai_sd_db/sd_001432.jpg,ai,latent_diffusion,sd_db,DiffusionDB research license,sealed,,,[],493dd761c08a344c9bfc8c198dd0eb4ccc769367deb61b0efe63d28e9bc0c876,439629
/home/sparky/f01d/data/holdout_oos/ai_sd_db/sd_001871.jpg,ai,latent_diffusion,sd_db,DiffusionDB research license,sealed,,,[],b6be42ab116ab5d8c913de2e9ac049a4778ca26c776446b11c8fc0c78780c53c,542301
/home/sparky/f01d/data/holdout_oos/ai_sd_db/sd_001252.jpg,ai,latent_diffusion,sd_db,DiffusionDB research license,sealed,,,[],1ed0f07be1b84db03ab0f65c2524876b63c8eb361808f75fc2afee15f3beec2b,613413
/home/sparky/f01d/data/holdout_oos/ai_sd_db/sd_000610.jpg,ai,latent_diffusion,sd_db,DiffusionDB research license,sealed,,,[],447c0b84425af065ac5ab37062821ed3ecd072107bcbda4075c5419a7c90aecf,432050
/home/sparky/f01d/data/holdout_oos/ai_sd_db/sd_001862.jpg,ai,latent_diffusion,sd_db,DiffusionDB research license,sealed,,,[],5148ac19368234257756755180b32343f0cc3820b5284152b0164afc27ed9b67,504649
/home/sparky/f01d/data/holdout_oos/ai_sd_db/sd_000791.jpg,ai,latent_diffusion,sd_db,DiffusionDB research license,sealed,,,[],bc3fed3a94130751cddd50309ad44058f683bcbc3010db229ed629c90cea61dc,1299213
/home/sparky/f01d/data/holdout_oos/ai_sd_db/sd_001288.jpg,ai,latent_diffusion,sd_db,DiffusionDB research license,sealed,,,[],8b461e3c354a93c585fd97a5399756523f99606294995affa74a45e89139cbfc,343295
/home/sparky/f01d/data/holdout_oos/ai_sd_db/sd_000420.jpg,ai,latent_diffusion,sd_db,DiffusionDB research license,sealed,,,[],e910abda3e18002bb2104d96e8368b070a36d60fa9e62e757d9157735421bc8f,888148
/home/sparky/f01d/data/holdout_oos/ai_sd_db/sd_001391.jpg,ai,latent_diffusion,sd_db,DiffusionDB research license,sealed,,,[],c7826cb10000e4d0a1e6f4de3425ce819289cbe47604eb160b32a3d56e595c2d,682717
/home/sparky/f01d/data/holdout_oos/ai_sd_db/sd_000787.jpg,ai,latent_diffusion,sd_db,DiffusionDB research license,sealed,,,[],f5a890106900b4cbe9659ebc41b813ca6f3e4cbdab2a67b5990f72f98c0ae834,2084695
/home/sparky/f01d/data/holdout_oos/ai_sd_db/sd_000649.jpg,ai,latent_diffusion,sd_db,DiffusionDB research license,sealed,,,[],e2f9cec8462fe9f7a034e30dbbef5b2c15ed733a93126f3f1fd1746eb9b0241a,2114895
/home/sparky/f01d/data/holdout_oos/ai_sd_db/sd_000947.jpg,ai,latent_diffusion,sd_db,DiffusionDB research license,sealed,,,[],c97f442adf0b24e7e3e55a6ec0aa56feb2a9b6be45743c0f1d6d106ee332c5a1,365217
/home/sparky/f01d/data/holdout_oos/ai_sd_db/sd_002454.jpg,ai,latent_diffusion,sd_db,DiffusionDB research license,sealed,,,[],93268b545be1ec48fa2e5aef5c77ee155963803c018ca167e6d3582fce03554c,570126
/home/sparky/f01d/data/holdout_oos/ai_sd_db/sd_002226.jpg,ai,latent_diffusion,sd_db,DiffusionDB research license,sealed,,,[],91b39452ccef90196c6d90cc07f72e3a1dd49411ef49ba29eb4ffda958fbe9ff,338261
/home/sparky/f01d/data/holdout_oos/ai_sd_db/sd_000198.jpg,ai,latent_diffusion,sd_db,DiffusionDB research license,sealed,,,[],8b3106a5670d9089ff6a80c7af52a476a0c79f18129bda0066b5433c56490dab,375172
/home/sparky/f01d/data/holdout_oos/ai_sd_db/sd_000324.jpg,ai,latent_diffusion,sd_db,DiffusionDB research license,sealed,,,[],32e18f63cdaa94fd0c8a3ae21331566eeef56359fd66cc6556fe7d2a80a4e24f,650068
/home/sparky/f01d/data/holdout_oos/ai_sd_db/sd_002520.jpg,ai,latent_diffusion,sd_db,DiffusionDB research license,sealed,,,[],a9534666108ea207685b2b96aa4c18ef448e5a4c3e459edf8a70e98b9f7c7566,244867
/home/sparky/f01d/data/holdout_oos/ai_sd_db/sd_002481.jpg,ai,latent_diffusion,sd_db,DiffusionDB research license,sealed,,,[],3a92d6514f4bc516afda8788dae74870c098d840c6cf419e78b85c01bc366674,350585
/home/sparky/f01d/data/holdout_oos/ai_sd_db/sd_000997.jpg,ai,latent_diffusion,sd_db,DiffusionDB research license,sealed,,,[],bf58476501f6b1e855c2f8e0aca99502ecd0fff4f0b12fe777c98559233e2a0d,813520
/home/sparky/f01d/data/holdout_oos/ai_sd_db/sd_002961.jpg,ai,latent_diffusion,sd_db,DiffusionDB research license,sealed,,,[],ac20a2a8632e4ca8f14d441a1528f919df1c6dcfd47808229e4a9c33bb388dfb,371378
/home/sparky/f01d/data/holdout_oos/ai_sd_db/sd_002817.jpg,ai,latent_diffusion,sd_db,DiffusionDB research license,sealed,,,[],2fb7a55f2d8be8a4a378f4630e6989b0091268fd17e945d95fbd30ecd071a83d,462866
/home/sparky/f01d/data/holdout_oos/ai_sd_db/sd_000442.jpg,ai,latent_diffusion,sd_db,DiffusionDB research license,sealed,,,[],e576df128089b8f1d2aa7e94202f852b6c85ed2c644da94e8a180af9ae1ca5c4,644140
/home/sparky/f01d/data/holdout_oos/ai_sd_db/sd_002894.jpg,ai,latent_diffusion,sd_db,DiffusionDB research license,sealed,,,[],6c42d8dab787e56165e0a4af076ccf7b90b5b1e52a603593876d7502afcd69d2,396238
/home/sparky/f01d/data/holdout_oos/ai_sd_db/sd_000879.jpg,ai,latent_diffusion,sd_db,DiffusionDB research license,sealed,,,[],e9c1a0b99b4b6bb175876b84843963cc3957fdd772a9e5f2be24123c182a0c01,735609
/home/sparky/f01d/data/holdout_oos/ai_sd_db/sd_001328.jpg,ai,latent_diffusion,sd_db,DiffusionDB research license,sealed,,,[],f739ef25923826fdba5133f05f2939157373f9e0bfc9d75dd55f5032f13a00aa,354267
/home/sparky/f01d/data/holdout_oos/ai_sd_db/sd_000400.jpg,ai,latent_diffusion,sd_db,DiffusionDB research license,sealed,,,[],671fdbdcbba36577bea1365b722699053b9a5f35f6a0a5432bca02dfaf9724e3,459924
/home/sparky/f01d/data/holdout_oos/ai_sd_db/sd_001536.jpg,ai,latent_diffusion,sd_db,DiffusionDB research license,sealed,,,[],9d81a1fb96c089b5e3bc9ed267c00fde774024838637f5b67c8e2bfa04fc2d13,336472
/home/sparky/f01d/data/holdout_oos/ai_sd_db/sd_001214.jpg,ai,latent_diffusion,sd_db,DiffusionDB research license,sealed,,,[],26541e56b89295eba9cb8957937a1ca0ca59bf9e9c7fc7b675839178179ff36b,568893
/home/sparky/f01d/data/holdout_oos/ai_sd_db/sd_000836.jpg,ai,latent_diffusion,sd_db,DiffusionDB research license,sealed,,,[],21ec238102f864d1cd2e191e1cd0f72d356076ca10e392331e9d85e1d261d554,453453
/home/sparky/f01d/data/holdout_oos/ai_sd_db/sd_002058.jpg,ai,latent_diffusion,sd_db,DiffusionDB research license,sealed,,,[],dcb922972d78e6b8573f31cb111acd0ec07bf9640c49123b9237a5d4e26e2f36,698833
/home/sparky/f01d/data/holdout_oos/ai_sd_db/sd_002780.jpg,ai,latent_diffusion,sd_db,DiffusionDB research license,sealed,,,[],cfbf9419c1375a7d320041eabda064f19971ee5e9dbdd3b0b2c977966d4b185b,897871
/home/sparky/f01d/data/holdout_oos/ai_sd_db/sd_000429.jpg,ai,latent_diffusion,sd_db,DiffusionDB research license,sealed,,,[],efeba1ed81fceb33ebef0cf70fc3a99a9aaad9f7d5bed07f5f1a15596e0f9b8d,457655
/home/sparky/f01d/data/holdout_oos/ai_sd_db/sd_002153.jpg,ai,latent_diffusion,sd_db,DiffusionDB research license,sealed,,,[],48b9328fa9ffd78a0c198e801a5d57192c86979fc9b0326381a23a4af58948d0,639701
/home/sparky/f01d/data/holdout_oos/ai_sd_db/sd_001731.jpg,ai,latent_diffusion,sd_db,DiffusionDB research license,sealed,,,[],bc19c8a61c062c7cf56f47583153dcaf938a3e9649822208e2cf9f76cbaa6c66,237556
/home/sparky/f01d/data/holdout_oos/ai_sd_db/sd_003045.jpg,ai,latent_diffusion,sd_db,DiffusionDB research license,sealed,,,[],f9f7eb2f8d36b7bd555763b04a086cb4828f973188f50d369c02c1c85214af9e,432197
/home/sparky/f01d/data/holdout_oos/ai_sd_db/sd_002972.jpg,ai,latent_diffusion,sd_db,DiffusionDB research license,sealed,,,[],1cdd312381f5145f6586dcd6469affccb21fae132d0b694b6823098aa3d73ac0,1028911
/home/sparky/f01d/data/holdout_oos/ai_sd_db/sd_002856.jpg,ai,latent_diffusion,sd_db,DiffusionDB research license,sealed,,,[],49963a092f65bf5577fb43f6b42248b5e25656744d8529ce0f257573ffc2cb2a,319528
/home/sparky/f01d/data/holdout_oos/ai_sd_db/sd_001414.jpg,ai,latent_diffusion,sd_db,DiffusionDB research license,sealed,,,[],7f2c1d3d16811833e08703bcb070acf275b37cecc31ea3847e0261f1352bdcc3,326081
/home/sparky/f01d/data/holdout_oos/ai_sd_db/sd_001280.jpg,ai,latent_diffusion,sd_db,DiffusionDB research license,sealed,,,[],c26bc39683acbe5bd5707c213e764a8d4ec568b361df58283e869a956902bdcd,577650
/home/sparky/f01d/data/holdout_oos/ai_sd_db/sd_001642.jpg,ai,latent_diffusion,sd_db,DiffusionDB research license,sealed,,,[],30ddc0cf03597cb41fb78b5e331bf6f32214e2d61cf2f049252f784d064603f0,494073
/home/sparky/f01d/data/holdout_oos/ai_sd_db/sd_001041.jpg,ai,latent_diffusion,sd_db,DiffusionDB research license,sealed,,,[],756ff1dba69254914d49708252a5d5ca67ccd1788c3de61a2f8b087f4a67b9d3,494904
/home/sparky/f01d/data/holdout_oos/ai_sd_db/sd_001017.jpg,ai,latent_diffusion,sd_db,DiffusionDB research license,sealed,,,[],c57c1ae74dda96cfcdc4b2b77debeb814fe71ec6d6f3519300edf17156cc1d17,417442
/home/sparky/f01d/data/holdout_oos/ai_sd_db/sd_000651.jpg,ai,latent_diffusion,sd_db,DiffusionDB research license,sealed,,,[],868a9b7480b266372c0f0146144fd8da2a707fad89e2e326d737a17147c342a0,707184
/home/sparky/f01d/data/holdout_oos/ai_sd_db/sd_002083.jpg,ai,latent_diffusion,sd_db,DiffusionDB research license,sealed,,,[],3bb733468dbecc9b2064933854de74c421f2c7ce42990be6fd0b3ccbaf990bc6,662666
/home/sparky/f01d/data/holdout_oos/ai_sd_db/sd_002209.jpg,ai,latent_diffusion,sd_db,DiffusionDB research license,sealed,,,[],62346bac4be38919bc920b0ff591aec2f5a2a11e9c4c9c7a74b9a94e5bcc9810,343192
/home/sparky/f01d/data/holdout_oos/ai_sd_db/sd_000881.jpg,ai,latent_diffusion,sd_db,DiffusionDB research license,sealed,,,[],a75c17b739e5ac2368bcbbc18495de150c3765b12f8c26bdfe9922f25476acdd,412479
/home/sparky/f01d/data/holdout_oos/ai_sd_db/sd_000044.jpg,ai,latent_diffusion,sd_db,DiffusionDB research license,sealed,,,[],2ce6197487d3b3f6709ebd06276253ea8ffc596b50f34404d839350daddae86c,368531
/home/sparky/f01d/data/holdout_oos/ai_sd_db/sd_000182.jpg,ai,latent_diffusion,sd_db,DiffusionDB research license,sealed,,,[],cae5b9c752d287ea3249b13db136d42f917041f1667fcd3fdc0bb9d5d397f96c,485393
/home/sparky/f01d/data/holdout_oos/ai_sd_db/sd_000747.jpg,ai,latent_diffusion,sd_db,DiffusionDB research license,sealed,,,[],772b5c6fca37c2195f150e9b55d8764424839fe4fc992983ec9d752fa89c3ba2,1762590
/home/sparky/f01d/data/holdout_oos/ai_sd_db/sd_000048.jpg,ai,latent_diffusion,sd_db,DiffusionDB research license,sealed,,,[],87db9da51c22d6f7158b4c96ba7887afbc5ad9b27627fd30bf679a59477e2e55,408145
/home/sparky/f01d/data/holdout_oos/ai_sd_db/sd_003012.jpg,ai,latent_diffusion,sd_db,DiffusionDB research license,sealed,,,[],95998997a18be2e36029e41d8f6a72b2d485d591807efcbbff3be51a7d1cc9b2,504341
/home/sparky/f01d/data/holdout_oos/ai_sd_db/sd_002706.jpg,ai,latent_diffusion,sd_db,DiffusionDB research license,sealed,,,[],78336962c3a5831bf2b816408ef6e9051539a525e0199f46aa77d5734cd35b49,471038
/home/sparky/f01d/data/holdout_oos/ai_sd_db/sd_001366.jpg,ai,latent_diffusion,sd_db,DiffusionDB research license,sealed,,,[],c9b53f791f020c8a0fa8447c6f3b95723e0aedc54c3e0532a83e4e8ca95b3dbe,683647
/home/sparky/f01d/data/holdout_oos/ai_sd_db/sd_001479.jpg,ai,latent_diffusion,sd_db,DiffusionDB research license,sealed,,,[],cafdbade30139069f5b5c05d397c33a3a1c01caaff5b7ca038661f890db7dfde,523572
/home/sparky/f01d/data/holdout_oos/ai_sd_db/sd_002342.jpg,ai,latent_diffusion,sd_db,DiffusionDB research license,sealed,,,[],4ee91146316f0dc636a7fc909a32fa7be8e437ca845647f2902e2bd24fcf5bb0,448077
/home/sparky/f01d/data/holdout_oos/ai_sd_db/sd_002416.jpg,ai,latent_diffusion,sd_db,DiffusionDB research license,sealed,,,[],205303e6a66111f6049b1cb0648502b1a1424043b3f6f836f524d0d30d6a32a5,493264
/home/sparky/f01d/data/holdout_oos/ai_sd_db/sd_001718.jpg,ai,latent_diffusion,sd_db,DiffusionDB research license,sealed,,,[],54264164b5ce9b3a977d8604f7c138f1dff0ddcf51c7cc5201152992eace4a0f,636712
/home/sparky/f01d/data/holdout_oos/ai_sd_db/sd_002154.jpg,ai,latent_diffusion,sd_db,DiffusionDB research license,sealed,,,[],0680c69d5a4e45611eefe9437eac53451ab05e3c5984695e2b40b8d61686b877,574820
/home/sparky/f01d/data/holdout_oos/ai_sd_db/sd_002737.jpg,ai,latent_diffusion,sd_db,DiffusionDB research license,sealed,,,[],1a651c39d120a15b55964ec2fae16722bc9a86bed26aff7e22981305a57d2906,346144
/home/sparky/f01d/data/holdout_oos/ai_sd_db/sd_000310.jpg,ai,latent_diffusion,sd_db,DiffusionDB research license,sealed,,,[],269c0d813ca74815e923401184e6ada52a8d2c9b1345d127588baeb10bdd6c47,471014
/home/sparky/f01d/data/holdout_oos/ai_sd_db/sd_002380.jpg,ai,latent_diffusion,sd_db,DiffusionDB research license,sealed,,,[],5fa0e80ff3b21acc55fc21b6a5d5a405a4d8d0565f51312b80341f16b56f7d4e,542260
/home/sparky/f01d/data/holdout_oos/ai_sd_db/sd_000021.jpg,ai,latent_diffusion,sd_db,DiffusionDB research license,sealed,,,[],ef8edf47b7f98c056e08cccde935ee8b29b5eb9c46e9f2319f5f761bd09e38dc,743161
/home/sparky/f01d/data/holdout_oos/ai_sd_db/sd_000661.jpg,ai,latent_diffusion,sd_db,DiffusionDB research license,sealed,,,[],01452fb319b0a2d1810e538bb4f4c48b3cecfd58cd89e9bf8f5d283a971318b2,609221
/home/sparky/f01d/data/holdout_oos/ai_sd_db/sd_001763.jpg,ai,latent_diffusion,sd_db,DiffusionDB research license,sealed,,,[],6105248699cb5154dcbaa098b24b749eacde623f975f7b1a28a2faa2332ab027,427607
/home/sparky/f01d/data/holdout_oos/ai_sd_db/sd_001843.jpg,ai,latent_diffusion,sd_db,DiffusionDB research license,sealed,,,[],76feea9bf1e1cac974718486e504aa209450df8b14da36fd0ef6302cc6a52eb1,440666
/home/sparky/f01d/data/holdout_oos/ai_sd_db/sd_000965.jpg,ai,latent_diffusion,sd_db,DiffusionDB research license,sealed,,,[],354fc7ffddadf0708111c6f24a8ae41f737c6d6829f94112cbcedd2b0467312c,373079
/home/sparky/f01d/data/holdout_oos/ai_sd_db/sd_001221.jpg,ai,latent_diffusion,sd_db,DiffusionDB research license,sealed,,,[],66f8ddb7db565817d474f7475513fbf06df0f6bcca9b15f7178573e08b154b72,699549
/home/sparky/f01d/data/holdout_oos/ai_sd_db/sd_002217.jpg,ai,latent_diffusion,sd_db,DiffusionDB research license,sealed,,,[],0737807ff104570d011e3822de7269b9e312e437922939aa5d6e94ac1603ac48,426754
/home/sparky/f01d/data/holdout_oos/ai_sd_db/sd_001222.jpg,ai,latent_diffusion,sd_db,DiffusionDB research license,sealed,,,[],ecf21da695d2d034d2a720d0c1f90d6659f8bc2566041d8e3cc74924247ea5b6,490243
/home/sparky/f01d/data/holdout_oos/ai_sd_db/sd_002262.jpg,ai,latent_diffusion,sd_db,DiffusionDB research license,sealed,,,[],bca46614e8b7ab0360b2a105009902e767e8339f9aec14f86627d2aacc34aee9,313397
/home/sparky/f01d/data/holdout_oos/ai_sd_db/sd_000900.jpg,ai,latent_diffusion,sd_db,DiffusionDB research license,sealed,,,[],33df114fe18ac4ce1fe4fff87ee45d0e0a81e6b7fe32ddd92e098d16f398320e,467021
/home/sparky/f01d/data/holdout_oos/ai_sd_db/sd_001149.jpg,ai,latent_diffusion,sd_db,DiffusionDB research license,sealed,,,[],5d9dbcaced0a6b346de81dc575867a601d2676d7e01cf525b26246427645b6bf,349497
/home/sparky/f01d/data/holdout_oos/ai_sd_db/sd_000732.jpg,ai,latent_diffusion,sd_db,DiffusionDB research license,sealed,,,[],68815a4f87d1dd8b5aa8963a446ce1e12d5e1c34a42a0a8aee50e1ab07a84c4f,454515
/home/sparky/f01d/data/holdout_oos/ai_sd_db/sd_000784.jpg,ai,latent_diffusion,sd_db,DiffusionDB research license,sealed,,,[],6fa469d10547ac57e21aaaeb91312939acea6fda383dbba706b6478c69c52e3f,320882
/home/sparky/f01d/data/holdout_oos/ai_sd_db/sd_002879.jpg,ai,latent_diffusion,sd_db,DiffusionDB research license,sealed,,,[],fee03ebe34f4eac27537d8ed8a74509a22080d2a8100a80b04375ab2a9ca4642,332420
/home/sparky/f01d/data/holdout_oos/ai_sd_db/sd_001703.jpg,ai,latent_diffusion,sd_db,DiffusionDB research license,sealed,,,[],25ef24ceb9600e0fce9145c074dae81c1d519160ef3d688619f3bc6895d95911,897067
/home/sparky/f01d/data/holdout_oos/ai_sd_db/sd_001334.jpg,ai,latent_diffusion,sd_db,DiffusionDB research license,sealed,,,[],28e3dccbf9e6a17ff658144639791f7e8641d365266c618f7bddc1ad06fc0604,598653
/home/sparky/f01d/data/holdout_oos/ai_sd_db/sd_000771.jpg,ai,latent_diffusion,sd_db,DiffusionDB research license,sealed,,,[],701a009af31cc697c3560e07f11299f9d0edd1f288a04b2eb4579bbc20089491,637780
/home/sparky/f01d/data/holdout_oos/ai_sd_db/sd_001607.jpg,ai,latent_diffusion,sd_db,DiffusionDB research license,sealed,,,[],e22f17e4da1dcf4257096d1ff40888a9fe7a6d88829aa3bc63dee5d0eeda43e7,372091
/home/sparky/f01d/data/holdout_oos/ai_sd_db/sd_002733.jpg,ai,latent_diffusion,sd_db,DiffusionDB research license,sealed,,,[],526742a965cc9ff152238a05a97065f96e610509c9f00d05f4d61db93d043b10,344094
/home/sparky/f01d/data/holdout_oos/ai_sd_db/sd_000076.jpg,ai,latent_diffusion,sd_db,DiffusionDB research license,sealed,,,[],3f6a07079edd2cb1fefdf772d1ce9fe725ce32a400fadcf58e7036ab78e5218a,1635562
/home/sparky/f01d/data/holdout_oos/ai_sd_db/sd_000254.jpg,ai,latent_diffusion,sd_db,DiffusionDB research license,sealed,,,[],33f9a1e4394c93cea6fdf73892d52a89e96617ba9f8a600f0754e604693bce00,744329
/home/sparky/f01d/data/holdout_oos/ai_sd_db/sd_000333.jpg,ai,latent_diffusion,sd_db,DiffusionDB research license,sealed,,,[],b84c2f6f60607ea7a29a55792b3af9b011eb3299e858a879b7ffba342a6169f8,446992
/home/sparky/f01d/data/holdout_oos/ai_sd_db/sd_001231.jpg,ai,latent_diffusion,sd_db,DiffusionDB research license,sealed,,,[],ecd6e906942b96122ef5970c589da3c25cb46a707563d2b5ea4712cc3993c927,412681
/home/sparky/f01d/data/holdout_oos/ai_sd_db/sd_001868.jpg,ai,latent_diffusion,sd_db,DiffusionDB research license,sealed,,,[],e07d8cf04038ed61521d432e884c8dd42c03e664e9aa06bd3db32d54d44f8f1a,978731
/home/sparky/f01d/data/holdout_oos/ai_sd_db/sd_001929.jpg,ai,latent_diffusion,sd_db,DiffusionDB research license,sealed,,,[],2fe2ba90df48c5adb266bdb3afadbf98df8659d599bceced9959777f5142e856,434463
/home/sparky/f01d/data/holdout_oos/ai_sd_db/sd_001565.jpg,ai,latent_diffusion,sd_db,DiffusionDB research license,sealed,,,[],dd4312e9bf62ff28926de294fa78de958f6ea4ad3f820ed09c721a896a8ae860,1275718
/home/sparky/f01d/data/holdout_oos/ai_sd_db/sd_001446.jpg,ai,latent_diffusion,sd_db,DiffusionDB research license,sealed,,,[],c7aedf0b504cffd51ae72ffea17104bb9bff64142ddf07fab31fb160d3aa4e14,457640
/home/sparky/f01d/data/holdout_oos/ai_sd_db/sd_002945.jpg,ai,latent_diffusion,sd_db,DiffusionDB research license,sealed,,,[],d27a8d0e81ba4dd31c39deb22639c1705b21f135c767d9892a3fa7465700d4c6,403618
/home/sparky/f01d/data/holdout_oos/ai_sd_db/sd_000635.jpg,ai,latent_diffusion,sd_db,DiffusionDB research license,sealed,,,[],3e41ec03d798db27bd255719b0f7d18dc2388720950ca22eca49b8185fe94ed4,415953
/home/sparky/f01d/data/holdout_oos/ai_sd_db/sd_003028.jpg,ai,latent_diffusion,sd_db,DiffusionDB research license,sealed,,,[],237d738a71e69de3068f08bce2ae9e6356c45df7c0fd14be9c8e6290e6e52182,396668
/home/sparky/f01d/data/holdout_oos/ai_sd_db/sd_002294.jpg,ai,latent_diffusion,sd_db,DiffusionDB research license,sealed,,,[],4ded15f9eb0bd971baf83febf3e443a147ec77779e11899b284d4c185db5ba7f,304769
/home/sparky/f01d/data/holdout_oos/ai_sd_db/sd_000810.jpg,ai,latent_diffusion,sd_db,DiffusionDB research license,sealed,,,[],bcc356938fa7a023d572da9a28443fe4400528dec9a552b43fc44b1cee9d26ad,613821
/home/sparky/f01d/data/holdout_oos/ai_sd_db/sd_000558.jpg,ai,latent_diffusion,sd_db,DiffusionDB research license,sealed,,,[],0209fffb024a610cf4db8382e66b459b94792e2618e1aa038ecc420ce78078b6,359087
/home/sparky/f01d/data/holdout_oos/ai_sd_db/sd_002752.jpg,ai,latent_diffusion,sd_db,DiffusionDB research license,sealed,,,[],11930a3a6efb44091ce5e74b561dcd8802964d540920a69864a12316afbe917f,447382
/home/sparky/f01d/data/holdout_oos/ai_sd_db/sd_001690.jpg,ai,latent_diffusion,sd_db,DiffusionDB research license,sealed,,,[],1aa163f0cd181445e677fcc60dd37ad8844dbe356a09fff81d01fa66006887f9,422182
/home/sparky/f01d/data/holdout_oos/ai_sd_db/sd_002626.jpg,ai,latent_diffusion,sd_db,DiffusionDB research license,sealed,,,[],234cf8bf5eeb5c99e679c238d84e93d74b3598b8f5473d78134274e8d1937d6f,501479
/home/sparky/f01d/data/holdout_oos/ai_sd_db/sd_002578.jpg,ai,latent_diffusion,sd_db,DiffusionDB research license,sealed,,,[],031afa076db4a7f0928b96ab8487873a766633143c5e83d7e560331950fa00d7,361127
/home/sparky/f01d/data/holdout_oos/ai_sd_db/sd_002885.jpg,ai,latent_diffusion,sd_db,DiffusionDB research license,sealed,,,[],f751475fae0203bb8efa6fa66939aae60f52c0fc6af39f875b9fe5799d10f5b5,432917
/home/sparky/f01d/data/holdout_oos/ai_sd_db/sd_000318.jpg,ai,latent_diffusion,sd_db,DiffusionDB research license,sealed,,,[],7500b4c86c5bef2a16f8932f0b5faed07e92bb20400cb7ee5af32b2d8639084a,702970
/home/sparky/f01d/data/holdout_oos/ai_sd_db/sd_000685.jpg,ai,latent_diffusion,sd_db,DiffusionDB research license,sealed,,,[],90d313dd7da836e49aedf95f4d860b9be8464d289bbb8dfbf2b6f62fd66bc53f,514382
/home/sparky/f01d/data/holdout_oos/ai_sd_db/sd_002631.jpg,ai,latent_diffusion,sd_db,DiffusionDB research license,sealed,,,[],0c8c7d182a115bd58454cbe84bcab1e2146c03feb5cefe60bc88e3d946962672,351794
/home/sparky/f01d/data/holdout_oos/ai_sd_db/sd_001517.jpg,ai,latent_diffusion,sd_db,DiffusionDB research license,sealed,,,[],79baf198ca66c122d90d3ff0f48f1b975e565e6125c4571c3b8f82a4c058412c,582835
/home/sparky/f01d/data/holdout_oos/ai_sd_db/sd_000928.jpg,ai,latent_diffusion,sd_db,DiffusionDB research license,sealed,,,[],8614ebde15afce6de6b0adad057de1602d4548c6a36bf796c41b1800a3de721e,2279509
/home/sparky/f01d/data/holdout_oos/ai_sd_db/sd_000666.jpg,ai,latent_diffusion,sd_db,DiffusionDB research license,sealed,,,[],2063949a14c0ade6d9c180b93e4b4b5b380c8281a345726d2a6b8301a599de9a,419455
/home/sparky/f01d/data/holdout_oos/ai_sd_db/sd_000249.jpg,ai,latent_diffusion,sd_db,DiffusionDB research license,sealed,,,[],9836c7225ac97cd2ad2e6078622ae79e4e4c15ef335c0b58dba63e6f65d90c3f,395851
/home/sparky/f01d/data/holdout_oos/ai_sd_db/sd_000667.jpg,ai,latent_diffusion,sd_db,DiffusionDB research license,sealed,,,[],4a205cf660aba1dc50644312cac0fb5fe0222667d680776410f45d1bba6d2491,807423
/home/sparky/f01d/data/holdout_oos/ai_sd_db/sd_000136.jpg,ai,latent_diffusion,sd_db,DiffusionDB research license,sealed,,,[],e530d9568a7a62f9051db0dd7b3345567042518f02dfa59d22bdcc6f61f0d0e9,637233
/home/sparky/f01d/data/holdout_oos/ai_sd_db/sd_000731.jpg,ai,latent_diffusion,sd_db,DiffusionDB research license,sealed,,,[],9c94f66426bad4a92e60ec930c799b4c163cf07a53f46ce4f34d6f10b0b71b5d,653122
/home/sparky/f01d/data/holdout_oos/ai_sd_db/sd_001984.jpg,ai,latent_diffusion,sd_db,DiffusionDB research license,sealed,,,[],c3d3abad6fbb84773da1fb1c0cbb2923c66dbda4253e1e0263b92c1260850955,453395
/home/sparky/f01d/data/holdout_oos/ai_sd_db/sd_000709.jpg,ai,latent_diffusion,sd_db,DiffusionDB research license,sealed,,,[],6414e6c03069aac63657caf52e79b5ed9d95f474e49f568afc6e3e733af65f7d,519610
/home/sparky/f01d/data/holdout_oos/ai_sd_db/sd_001663.jpg,ai,latent_diffusion,sd_db,DiffusionDB research license,sealed,,,[],fe6ca523ceeba30dd8e99c036ad4dc3f8ce162d627dc646c6b85fd7e8d60e40f,425476
/home/sparky/f01d/data/holdout_oos/ai_sd_db/sd_003064.jpg,ai,latent_diffusion,sd_db,DiffusionDB research license,sealed,,,[],d5c38caad2f74962094feb2d6f22a1d67a0557ec1c2fa962097783553f638b1f,838015
/home/sparky/f01d/data/holdout_oos/ai_sd_db/sd_000867.jpg,ai,latent_diffusion,sd_db,DiffusionDB research license,sealed,,,[],affac399ef0c78af3e1ab58b208fe55f5937c8fbdad76681314a0a79807d026a,699834
/home/sparky/f01d/data/holdout_oos/ai_sd_db/sd_001574.jpg,ai,latent_diffusion,sd_db,DiffusionDB research license,sealed,,,[],c7d844fb4bc06499a7afa7c6d7bcf7507cfae47ae7031e265cd4105c569e89b7,347150
/home/sparky/f01d/data/holdout_oos/ai_sd_db/sd_002531.jpg,ai,latent_diffusion,sd_db,DiffusionDB research license,sealed,,,[],a293d0251ae190af2e7b9c446708db494c16330788ea70d5ed617a8d45c02ce9,442039
/home/sparky/f01d/data/holdout_oos/ai_sd_db/sd_000156.jpg,ai,latent_diffusion,sd_db,DiffusionDB research license,sealed,,,[],518fdabf3ba912dc1e8c2ae82355928ac0f79810b03fde9e19479f3d8d91d6f8,618435
/home/sparky/f01d/data/holdout_oos/ai_sd_db/sd_002129.jpg,ai,latent_diffusion,sd_db,DiffusionDB research license,sealed,,,[],07fb3f2b395716231c00bf5411b2b11c3ef453699cdd27afd4c760571a753b22,623617
/home/sparky/f01d/data/holdout_oos/ai_sd_db/sd_001359.jpg,ai,latent_diffusion,sd_db,DiffusionDB research license,sealed,,,[],74a8cea052150971eeffa102c483c32b41e9798dea2884c0b316decfc81efe46,511411
/home/sparky/f01d/data/holdout_oos/ai_sd_db/sd_000250.jpg,ai,latent_diffusion,sd_db,DiffusionDB research license,sealed,,,[],cba3c2b57f401512ffc963f7b82426c4b0529e83094dfa7f8ab1b9c4b9d030ce,575295
/home/sparky/f01d/data/holdout_oos/ai_sd_db/sd_000290.jpg,ai,latent_diffusion,sd_db,DiffusionDB research license,sealed,,,[],c7b3b2bda56c900906ab46ec4fbd0146b58b46efa9ddc3c7340218efce986725,624421
/home/sparky/f01d/data/holdout_oos/ai_sd_db/sd_000773.jpg,ai,latent_diffusion,sd_db,DiffusionDB research license,sealed,,,[],4e839fe90e7ced893ec734fa1fb3a162f86a0263ada6168356d6c44815cc1a25,497141
/home/sparky/f01d/data/holdout_oos/ai_sd_db/sd_003049.jpg,ai,latent_diffusion,sd_db,DiffusionDB research license,sealed,,,[],2d472b02fd968590339daa042fb27a72266b9d763dc3f5c07f32c58f03eb058c,458048
/home/sparky/f01d/data/holdout_oos/ai_sd_db/sd_000953.jpg,ai,latent_diffusion,sd_db,DiffusionDB research license,sealed,,,[],8a211629d40128078efe6093c5c5de00bb8624f51077ccb4581ec2c221159a42,375842
/home/sparky/f01d/data/holdout_oos/ai_sd_db/sd_000279.jpg,ai,latent_diffusion,sd_db,DiffusionDB research license,sealed,,,[],f63e30badb3cfc202facc7e8369cd4fb521fbf93d21e4e853e094473c0c5b45f,361073
/home/sparky/f01d/data/holdout_oos/ai_sd_db/sd_000201.jpg,ai,latent_diffusion,sd_db,DiffusionDB research license,sealed,,,[],11528e85c61bcfe5f4950dde5c0e6e6999d08d07b0447d7cadc484f27e44f4de,626433
/home/sparky/f01d/data/holdout_oos/ai_sd_db/sd_002813.jpg,ai,latent_diffusion,sd_db,DiffusionDB research license,sealed,,,[],78c8cc1c5ef70385e1389fc0e1d33952bad644e6b3b54b55a3de68894be2eb64,513805
/home/sparky/f01d/data/holdout_oos/ai_sd_db/sd_000669.jpg,ai,latent_diffusion,sd_db,DiffusionDB research license,sealed,,,[],f8e0104dcbfd453b13f931134cd2d66d2c41a012b9a83e8c746b339940bef50e,277298
/home/sparky/f01d/data/holdout_oos/ai_sd_db/sd_002678.jpg,ai,latent_diffusion,sd_db,DiffusionDB research license,sealed,,,[],91f37f9f7a712639c4aefa35e29adc828b74ae2fe7c458a4f072529a0d086368,324163
/home/sparky/f01d/data/holdout_oos/ai_sd_db/sd_001028.jpg,ai,latent_diffusion,sd_db,DiffusionDB research license,sealed,,,[],661da35dc39b93689d3e517da0da0e696e4ad409e83cad5ba2eaf8161680e877,615425
/home/sparky/f01d/data/holdout_oos/ai_sd_db/sd_001859.jpg,ai,latent_diffusion,sd_db,DiffusionDB research license,sealed,,,[],966fc37ab35ec571289d2f5fa71745d256e30b9daf3eb2bc9a015df8cd5c4146,402878
/home/sparky/f01d/data/holdout_oos/ai_sd_db/sd_000680.jpg,ai,latent_diffusion,sd_db,DiffusionDB research license,sealed,,,[],d2425e15f77b11db5014ee85ffd042a2f0723306df0217f3dd23340cc43388e3,419031
/home/sparky/f01d/data/holdout_oos/ai_sd_db/sd_002487.jpg,ai,latent_diffusion,sd_db,DiffusionDB research license,sealed,,,[],ee802e7ba142f429cc10cae9aee0a47e43abb88ee6e4c2619a6b98cb948ce29d,352977
/home/sparky/f01d/data/holdout_oos/ai_sd_db/sd_001746.jpg,ai,latent_diffusion,sd_db,DiffusionDB research license,sealed,,,[],23e5cfe7302e0c939403e6cce165f472ecc9f55bda050533865a72bb2c55e515,1367427
/home/sparky/f01d/data/holdout_oos/ai_sd_db/sd_002767.jpg,ai,latent_diffusion,sd_db,DiffusionDB research license,sealed,,,[],22f318cb3f2f153e1396ff92baef52385587d14de7efdf30bff228c7f1988909,508474
/home/sparky/f01d/data/holdout_oos/ai_sd_db/sd_002394.jpg,ai,latent_diffusion,sd_db,DiffusionDB research license,sealed,,,[],6ec6bcea0cd23949ea2fa9b5cd013052b131fcb1e5c387370994e473feae4477,420001
/home/sparky/f01d/data/holdout_oos/ai_sd_db/sd_000364.jpg,ai,latent_diffusion,sd_db,DiffusionDB research license,sealed,,,[],13e0803054a2b1506b908567ef6b90d29b76b1781d1d751ae14c5ed0a92e7189,492643
/home/sparky/f01d/data/holdout_oos/ai_sd_db/sd_000624.jpg,ai,latent_diffusion,sd_db,DiffusionDB research license,sealed,,,[],ab21d0607db67eb1d02bfc0dbe6bafd81e85de2350f416d8ba42b0cbf8217ada,645896
/home/sparky/f01d/data/holdout_oos/ai_sd_db/sd_001963.jpg,ai,latent_diffusion,sd_db,DiffusionDB research license,sealed,,,[],4698e8a168fe0314a98c5238b6622ab2eca00637f97cedd91b7071024b2569df,324194
/home/sparky/f01d/data/holdout_oos/ai_sd_db/sd_000260.jpg,ai,latent_diffusion,sd_db,DiffusionDB research license,sealed,,,[],88aaa4d59b13714a5fa9d53aef28c09dc6d96a906e50f69e89527d87fa018e0c,568289
/home/sparky/f01d/data/holdout_oos/ai_sd_db/sd_000033.jpg,ai,latent_diffusion,sd_db,DiffusionDB research license,sealed,,,[],080be7416a0fa2e4432016259803346d42db3f96881f9f944cffd6847276dd2c,492295
/home/sparky/f01d/data/holdout_oos/ai_sd_db/sd_000694.jpg,ai,latent_diffusion,sd_db,DiffusionDB research license,sealed,,,[],cfa1ae0c1343da6586f9b07d4278b8109fe010e7bd599ac21dcb72e77d14e01b,682367
/home/sparky/f01d/data/holdout_oos/ai_sd_db/sd_001681.jpg,ai,latent_diffusion,sd_db,DiffusionDB research license,sealed,,,[],0a19fdb26a762b100a5fd61b2af945afae3d9d56c96a400228ba673b81146e72,929009
/home/sparky/f01d/data/holdout_oos/ai_sd_db/sd_002974.jpg,ai,latent_diffusion,sd_db,DiffusionDB research license,sealed,,,[],f38532b97145720bf33f1d24fd5b7cf207590da5f51dc292af3b8915f8bf9c89,417301
/home/sparky/f01d/data/holdout_oos/ai_sd_db/sd_000491.jpg,ai,latent_diffusion,sd_db,DiffusionDB research license,sealed,,,[],5fa0f17d5937e94695aa7cc091e6baefebb3e1a2ed71139795144993647a8dcb,417896
/home/sparky/f01d/data/holdout_oos/ai_sd_db/sd_001385.jpg,ai,latent_diffusion,sd_db,DiffusionDB research license,sealed,,,[],4ff539f4885af87ce04b2d00f1fc17ab4b8e6306539076fb67c39f0f21f4067b,546378
/home/sparky/f01d/data/holdout_oos/ai_sd_db/sd_001829.jpg,ai,latent_diffusion,sd_db,DiffusionDB research license,sealed,,,[],3ac6821bdc783aa9cf3a4af07cc5a6a0c8991cf6d5c3706db37c1d66b89c7a10,1109927
/home/sparky/f01d/data/holdout_oos/ai_sd_db/sd_002076.jpg,ai,latent_diffusion,sd_db,DiffusionDB research license,sealed,,,[],6305600e9bf6dc8d9220b9b0732335a3a8d9158484d88f5be1cfe0d6fb4e3921,474878
/home/sparky/f01d/data/holdout_oos/ai_sd_db/sd_000375.jpg,ai,latent_diffusion,sd_db,DiffusionDB research license,sealed,,,[],2fb9975737e61eed744df23cc7770cbfeb3cc918d0c6dca18ec8ddc3024ddbe4,585177
/home/sparky/f01d/data/holdout_oos/ai_sd_db/sd_001624.jpg,ai,latent_diffusion,sd_db,DiffusionDB research license,sealed,,,[],3dd85a87a184a087d3855ec97f1e9d33f654fc3f152aba6f5c6eeda4bf35208b,869624
/home/sparky/f01d/data/holdout_oos/ai_sd_db/sd_002761.jpg,ai,latent_diffusion,sd_db,DiffusionDB research license,sealed,,,[],af80547248d5036979a4c806e58e25d90257153a11359c0cd826efb766a15311,533948
/home/sparky/f01d/data/holdout_oos/ai_sd_db/sd_001314.jpg,ai,latent_diffusion,sd_db,DiffusionDB research license,sealed,,,[],fbff8d8fe5ae05b79c9cb02a422b086cc6d5001d295a9110606380a6a53fb672,490533
/home/sparky/f01d/data/holdout_oos/ai_sd_db/sd_000562.jpg,ai,latent_diffusion,sd_db,DiffusionDB research license,sealed,,,[],fadd33c9af9458f6e645d3b299946a49ce7decac6e6d491c5b24908fb647c469,843471
/home/sparky/f01d/data/holdout_oos/ai_sd_db/sd_002046.jpg,ai,latent_diffusion,sd_db,DiffusionDB research license,sealed,,,[],0612293395bd187c5f2cb9cfce75ea0e2adfd138e7d4e6de7b87e3af3dc575d2,510895
/home/sparky/f01d/data/holdout_oos/ai_sd_db/sd_001210.jpg,ai,latent_diffusion,sd_db,DiffusionDB research license,sealed,,,[],742302c35b33e8b83d5531c28603a6e8617f34b09fa1681c598b36cfe340d205,365589
/home/sparky/f01d/data/holdout_oos/ai_sd_db/sd_001388.jpg,ai,latent_diffusion,sd_db,DiffusionDB research license,sealed,,,[],c2ebd01bd8d3eeca9ba32be7a8d522aab2efd188de6c606c81d09376eb40fee2,652186
/home/sparky/f01d/data/holdout_oos/ai_sd_db/sd_002546.jpg,ai,latent_diffusion,sd_db,DiffusionDB research license,sealed,,,[],87950f36e5224e33a2b917b5dfd48f3b5e4d490d56eab7073e97f02e3583b7f4,474873
/home/sparky/f01d/data/holdout_oos/ai_sd_db/sd_001136.jpg,ai,latent_diffusion,sd_db,DiffusionDB research license,sealed,,,[],09971bd580cf2d3c9251fd3e62948fd8d11adf18b23f6486e37259f74d24717a,369773
/home/sparky/f01d/data/holdout_oos/ai_sd_db/sd_001036.jpg,ai,latent_diffusion,sd_db,DiffusionDB research license,sealed,,,[],de52a6d8d3cad3d90e910ccb92d462f1ea9610ad36b40c01f8eb99007f09ac82,604477
/home/sparky/f01d/data/holdout_oos/ai_sd_db/sd_000939.jpg,ai,latent_diffusion,sd_db,DiffusionDB research license,sealed,,,[],c3150d47f4c77c85e808d68ed8a77b6def19ef1e894cd85b0ca80a2ccc219a21,357063
/home/sparky/f01d/data/holdout_oos/ai_sd_db/sd_000739.jpg,ai,latent_diffusion,sd_db,DiffusionDB research license,sealed,,,[],fdbf91b120f52f05947245a013dd8df617da9e7af21dc39e34825ca29413febe,353343
/home/sparky/f01d/data/holdout_oos/ai_sd_db/sd_002747.jpg,ai,latent_diffusion,sd_db,DiffusionDB research license,sealed,,,[],1d9889810a2cbea05c1c767179b5bf09f821af11c0028154daab0a38fc7d0d77,468101
/home/sparky/f01d/data/holdout_oos/ai_sd_db/sd_000248.jpg,ai,latent_diffusion,sd_db,DiffusionDB research license,sealed,,,[],c3ba2ad13a8101fd391b8868c9f984751b52c6a8f40f402c1f24026987c463d9,703488
/home/sparky/f01d/data/holdout_oos/ai_sd_db/sd_002232.jpg,ai,latent_diffusion,sd_db,DiffusionDB research license,sealed,,,[],dee82e4aa20e4cf09b410fdddbb94c3686a54fc10c14a584eceef6e551235140,331264
/home/sparky/f01d/data/holdout_oos/ai_sd_db/sd_002547.jpg,ai,latent_diffusion,sd_db,DiffusionDB research license,sealed,,,[],37333881f249420227a0ffe82c767ecda19df953b8606c5fc0376610039cea67,361234
/home/sparky/f01d/data/holdout_oos/ai_sd_db/sd_002382.jpg,ai,latent_diffusion,sd_db,DiffusionDB research license,sealed,,,[],c0b30c0b35883736e2ca8a3c0d8e6376b76fd1731d865d946b4d0c186ef6fefc,721723
/home/sparky/f01d/data/holdout_oos/ai_sd_db/sd_000351.jpg,ai,latent_diffusion,sd_db,DiffusionDB research license,sealed,,,[],a26e1238c8fd1ad822965c9be75c8c945373d6f251aac3aa4b719d7f151f47a8,548257
/home/sparky/f01d/data/holdout_oos/ai_sd_db/sd_000861.jpg,ai,latent_diffusion,sd_db,DiffusionDB research license,sealed,,,[],908b1fb2b0b6988d17e1e34341f2dff0b6b782f555b830a954d6ac51b1462026,691699
/home/sparky/f01d/data/holdout_oos/ai_sd_db/sd_001336.jpg,ai,latent_diffusion,sd_db,DiffusionDB research license,sealed,,,[],46bab9cdeff939e733a7acf979752589d905cd3b267088c8f71e75ea1829bc3a,614568
/home/sparky/f01d/data/holdout_oos/ai_sd_db/sd_002990.jpg,ai,latent_diffusion,sd_db,DiffusionDB research license,sealed,,,[],f276d95742a295be0f5439662e524eee8b7e973d309981b9ae18cf80526d4ead,398787
/home/sparky/f01d/data/holdout_oos/ai_sd_db/sd_001108.jpg,ai,latent_diffusion,sd_db,DiffusionDB research license,sealed,,,[],e62ed15a37ee96335bedcc6913b48a691f7c4722649d09840ac4ab681d3f1e7f,454731
/home/sparky/f01d/data/holdout_oos/ai_sd_db/sd_000437.jpg,ai,latent_diffusion,sd_db,DiffusionDB research license,sealed,,,[],c9cfab3106ef1ad98bf15a4b379e0b4687db561969cb47a8377ce8db978c8eb8,124742
/home/sparky/f01d/data/holdout_oos/ai_sd_db/sd_001726.jpg,ai,latent_diffusion,sd_db,DiffusionDB research license,sealed,,,[],3aa6b8139c6b56f8ede7f4dbc58b12b6fb241b4a06a10a43fb79720a65fed97c,390998
/home/sparky/f01d/data/holdout_oos/ai_sd_db/sd_000583.jpg,ai,latent_diffusion,sd_db,DiffusionDB research license,sealed,,,[],d882f7a76b6d156392ef00aa0f4ebaa1e2a0bc0329498eb9ffb34221ad432666,501585
/home/sparky/f01d/data/holdout_oos/ai_sd_db/sd_002408.jpg,ai,latent_diffusion,sd_db,DiffusionDB research license,sealed,,,[],d2cdc0d600e34ec6127bfd1a98f46ffecd21df66067bc1269a03e824d5902dfd,613203
/home/sparky/f01d/data/holdout_oos/ai_sd_db/sd_003016.jpg,ai,latent_diffusion,sd_db,DiffusionDB research license,sealed,,,[],35a671ed554769594c3fe99a400a8aa139e42068b075e9ba7e62ee4059fc80c6,468815
/home/sparky/f01d/data/holdout_oos/ai_sd_db/sd_002742.jpg,ai,latent_diffusion,sd_db,DiffusionDB research license,sealed,,,[],870b95e23e54daf74d86ee2e8e19327859be844dbbd839f9011a39803937f841,480034
/home/sparky/f01d/data/holdout_oos/ai_sd_db/sd_001647.jpg,ai,latent_diffusion,sd_db,DiffusionDB research license,sealed,,,[],8ac2a1a332fa08b5bd8152676f4a3aaa0e26198fbdf2521a0cb9caba3fc54b42,919827
/home/sparky/f01d/data/holdout_oos/ai_sd_db/sd_001355.jpg,ai,latent_diffusion,sd_db,DiffusionDB research license,sealed,,,[],a1c70b693f8a5829bbb857df2593a8c2b517d081bff736196669e66bda22025b,605429
/home/sparky/f01d/data/holdout_oos/ai_sd_db/sd_000835.jpg,ai,latent_diffusion,sd_db,DiffusionDB research license,sealed,,,[],d014325ebef3ee5be8f42251eca8536ec14725b4264971f9916628bb20bcaf40,603280
/home/sparky/f01d/data/holdout_oos/ai_sd_db/sd_002935.jpg,ai,latent_diffusion,sd_db,DiffusionDB research license,sealed,,,[],4f7b8f8bed62cb4f22a1797a178b3796d6a6c262bbb5ff431ee1d2f1ed223858,367959
/home/sparky/f01d/data/holdout_oos/ai_sd_db/sd_000312.jpg,ai,latent_diffusion,sd_db,DiffusionDB research license,sealed,,,[],dc2b05fcdb391a67f209129d7038c2035e354831f081d6018805027196c61920,586367
/home/sparky/f01d/data/holdout_oos/ai_sd_db/sd_001268.jpg,ai,latent_diffusion,sd_db,DiffusionDB research license,sealed,,,[],90c547fb84391bc2374622ccf3267dc54c4cff64ac3e854305e7199d0962bd76,406131
/home/sparky/f01d/data/holdout_oos/ai_sd_db/sd_002650.jpg,ai,latent_diffusion,sd_db,DiffusionDB research license,sealed,,,[],06f42b4533005340a7d39e4eca14a5df1eda51642efd0a157a72c62a891d2ccf,422015
/home/sparky/f01d/data/holdout_oos/ai_sd_db/sd_001814.jpg,ai,latent_diffusion,sd_db,DiffusionDB research license,sealed,,,[],bdb886b3ba2e6af475abbb7271508eba923c1166c91d778522f3cd16e4b16d37,413527
/home/sparky/f01d/data/holdout_oos/ai_sd_db/sd_001374.jpg,ai,latent_diffusion,sd_db,DiffusionDB research license,sealed,,,[],ddea7551d32e74ba1663997a9eb45d6b259cd67d13a1e7292a3fd6ae7ec3e619,634519
/home/sparky/f01d/data/holdout_oos/ai_sd_db/sd_002826.jpg,ai,latent_diffusion,sd_db,DiffusionDB research license,sealed,,,[],11ebc244dff4299507b8d37ad58d55f5aeb7e1b1401aae9f42ac2bdffaab78a8,971948
/home/sparky/f01d/data/holdout_oos/ai_sd_db/sd_003066.jpg,ai,latent_diffusion,sd_db,DiffusionDB research license,sealed,,,[],1fd3263521a4cc96098971d5ee751acf5ee5d695ef720b830437aeae7e1196db,552893
/home/sparky/f01d/data/holdout_oos/ai_sd_db/sd_002908.jpg,ai,latent_diffusion,sd_db,DiffusionDB research license,sealed,,,[],6a6c74d50e903cf89c3765a7c7e0ca1bebcccc352c6962d373faf80ca5d6cdc1,361573
/home/sparky/f01d/data/holdout_oos/ai_sd_db/sd_000592.jpg,ai,latent_diffusion,sd_db,DiffusionDB research license,sealed,,,[],0115d67fa0880227001133e0d21743b81e821dbb9b96927da6405710298debbe,220659
/home/sparky/f01d/data/holdout_oos/ai_sd_db/sd_000212.jpg,ai,latent_diffusion,sd_db,DiffusionDB research license,sealed,,,[],fd60c9178a55ba069ca47e3260576f763fefc4c40d2f7e0709bd781216b0604d,343568
/home/sparky/f01d/data/holdout_oos/ai_sd_db/sd_000412.jpg,ai,latent_diffusion,sd_db,DiffusionDB research license,sealed,,,[],649a1e18b8eb885930b473319c039b3bef75214410c4f6505d89d42bb0a06218,423790
/home/sparky/f01d/data/holdout_oos/ai_sd_db/sd_001015.jpg,ai,latent_diffusion,sd_db,DiffusionDB research license,sealed,,,[],2ad20f597d62a3febb5faa99863a639f22b4c6c13bae4743298082027e28a042,444681
/home/sparky/f01d/data/holdout_oos/ai_sd_db/sd_000181.jpg,ai,latent_diffusion,sd_db,DiffusionDB research license,sealed,,,[],631568813fdaa90fc8ab529f03d14474bc67787801a901065f0beb278abc7400,661360
/home/sparky/f01d/data/holdout_oos/ai_sd_db/sd_001305.jpg,ai,latent_diffusion,sd_db,DiffusionDB research license,sealed,,,[],f2853412ac9bb30f19b11ea31a5229519b1f83d276b8e9b6f488167be936696b,533030
/home/sparky/f01d/data/holdout_oos/ai_sd_db/sd_001306.jpg,ai,latent_diffusion,sd_db,DiffusionDB research license,sealed,,,[],a30116fce947375e54c91711f05cce1d946d32cae43530b3ed8fb7f3351432ca,962280
/home/sparky/f01d/data/holdout_oos/ai_sd_db/sd_001978.jpg,ai,latent_diffusion,sd_db,DiffusionDB research license,sealed,,,[],90828dde12d42d3fccbb3dfff04d917b5cc3f62ce8b21a71b1738083f61c25e7,417754
/home/sparky/f01d/data/holdout_oos/ai_sd_db/sd_002874.jpg,ai,latent_diffusion,sd_db,DiffusionDB research license,sealed,,,[],c7b9aab46ceb0b8b6168cb8763f4ce658452b0fd7158e1cc3b8aa3003c04af22,530873
/home/sparky/f01d/data/holdout_oos/ai_sd_db/sd_002673.jpg,ai,latent_diffusion,sd_db,DiffusionDB research license,sealed,,,[],442a784dbb7af11a65e3223ddec6d4f25c77bff327a3b02326a336e2ebcbd96c,361931
/home/sparky/f01d/data/holdout_oos/ai_sd_db/sd_001069.jpg,ai,latent_diffusion,sd_db,DiffusionDB research license,sealed,,,[],1a82a68925e5eb04851757d856c155bc3e4efa11c52996d3760d58b27e6749d2,513860
/home/sparky/f01d/data/holdout_oos/ai_sd_db/sd_000213.jpg,ai,latent_diffusion,sd_db,DiffusionDB research license,sealed,,,[],f6c400d22a6f0e6644d90ebf98979e96a1f754c0b668ef1cca85072b2fad906e,356015
/home/sparky/f01d/data/holdout_oos/ai_sd_db/sd_002580.jpg,ai,latent_diffusion,sd_db,DiffusionDB research license,sealed,,,[],5f970b65386719164959e298f8d7e7f08f8cd6792b85114b6ae3bfc27e754c57,433404
/home/sparky/f01d/data/holdout_oos/ai_sd_db/sd_002127.jpg,ai,latent_diffusion,sd_db,DiffusionDB research license,sealed,,,[],f469011bc0c5fe5db84f4e106a9122a05e529d8bbedc2092e38a23d778cc247e,499843
/home/sparky/f01d/data/holdout_oos/ai_sd_db/sd_001652.jpg,ai,latent_diffusion,sd_db,DiffusionDB research license,sealed,,,[],dde6acafb872aefed91ef7421be86009dfcf10e3b87534dd24688016ccc8d72d,565600
/home/sparky/f01d/data/holdout_oos/ai_sd_db/sd_000846.jpg,ai,latent_diffusion,sd_db,DiffusionDB research license,sealed,,,[],2956f5f9067379b7f57668dafc31b9d5cb4eb0719f8c82bcef3fc80c3cb73eb4,583758
/home/sparky/f01d/data/holdout_oos/ai_sd_db/sd_001568.jpg,ai,latent_diffusion,sd_db,DiffusionDB research license,sealed,,,[],578dc0ee9b192bdc21f8664582548271c20548f37963f6511c0adfc9ad40bfc7,803547
/home/sparky/f01d/data/holdout_oos/ai_sd_db/sd_002155.jpg,ai,latent_diffusion,sd_db,DiffusionDB research license,sealed,,,[],fd053783555193bcb8ad8a5bc8c0630b439f96ac495aee8be42f96f523b5fc0d,369100
/home/sparky/f01d/data/holdout_oos/ai_sd_db/sd_000422.jpg,ai,latent_diffusion,sd_db,DiffusionDB research license,sealed,,,[],e07df66da430c75ff82e46659338c271f716c242d46d3bca34c2b87199185806,1122608
/home/sparky/f01d/data/holdout_oos/ai_sd_db/sd_000659.jpg,ai,latent_diffusion,sd_db,DiffusionDB research license,sealed,,,[],015d8e31d40e62020a0e2797a1b6875b86a305fb15891e7674497027e350cf3c,703635
/home/sparky/f01d/data/holdout_oos/ai_sd_db/sd_002214.jpg,ai,latent_diffusion,sd_db,DiffusionDB research license,sealed,,,[],6393be505305dd337e87895b65a2733e3ff692f441686ee32a49376f40b1120b,551960
/home/sparky/f01d/data/holdout_oos/ai_sd_db/sd_001673.jpg,ai,latent_diffusion,sd_db,DiffusionDB research license,sealed,,,[],11212f15c197ec19c9f80f434bcd23f10299c6ac79d9dfbdcc31727ad13fadef,488014
/home/sparky/f01d/data/holdout_oos/ai_sd_db/sd_002844.jpg,ai,latent_diffusion,sd_db,DiffusionDB research license,sealed,,,[],1282f9cc944a5b49ed5297c764eafc48163b53104a57b94c58e8ee212eed275a,477439
/home/sparky/f01d/data/holdout_oos/ai_sd_db/sd_000460.jpg,ai,latent_diffusion,sd_db,DiffusionDB research license,sealed,,,[],b332cbc2afb1acd2c365a4bb5530b53f1f2ea62394f416720af2493c245ad977,447104
/home/sparky/f01d/data/holdout_oos/ai_sd_db/sd_002372.jpg,ai,latent_diffusion,sd_db,DiffusionDB research license,sealed,,,[],744e11b945ac01a58917e52127e85cb627d97a85f0705264f8ea446652913b08,519033
/home/sparky/f01d/data/holdout_oos/ai_sd_db/sd_001953.jpg,ai,latent_diffusion,sd_db,DiffusionDB research license,sealed,,,[],0e2e783d562081893935de8f4b7fbd63476abc465927c00e0b77bd1408f1a247,388754
/home/sparky/f01d/data/holdout_oos/ai_sd_db/sd_000737.jpg,ai,latent_diffusion,sd_db,DiffusionDB research license,sealed,,,[],29596a7c7af8ad775c9a5ce7a1bb946906c0673941b6ff2ae16f74975be04217,609069
/home/sparky/f01d/data/holdout_oos/ai_sd_db/sd_001509.jpg,ai,latent_diffusion,sd_db,DiffusionDB research license,sealed,,,[],dafaa6361ffbb3a2b62c33f3524b9f3665afa9d84c37ebe4705b8092c7aeb377,863871
/home/sparky/f01d/data/holdout_oos/ai_sd_db/sd_000015.jpg,ai,latent_diffusion,sd_db,DiffusionDB research license,sealed,,,[],c966fcedc3fe87962d3bef07fab4163d0371194c1fa40e581485ce6c916cfc9c,314293
/home/sparky/f01d/data/holdout_oos/ai_sd_db/sd_001254.jpg,ai,latent_diffusion,sd_db,DiffusionDB research license,sealed,,,[],199a5beb94f953b486a83cc1c309c596003412d89298fee8199abb69a0f1af7e,277348
/home/sparky/f01d/data/holdout_oos/ai_sd_db/sd_002451.jpg,ai,latent_diffusion,sd_db,DiffusionDB research license,sealed,,,[],9e323f61740aca9a4536d82e08078b757d5c8a55c4835715f39c20440ec27853,255508
/home/sparky/f01d/data/holdout_oos/ai_sd_db/sd_002240.jpg,ai,latent_diffusion,sd_db,DiffusionDB research license,sealed,,,[],378483d39f4ebf3080cefe3caca56a874de6953afacff56b90573af6900479c2,542006
/home/sparky/f01d/data/holdout_oos/ai_sd_db/sd_001384.jpg,ai,latent_diffusion,sd_db,DiffusionDB research license,sealed,,,[],d99d53bd246f554a9fc6bebc5b71166bc75f35f546ac076c2113afbf9af1701e,689177
/home/sparky/f01d/data/holdout_oos/ai_sd_db/sd_000226.jpg,ai,latent_diffusion,sd_db,DiffusionDB research license,sealed,,,[],cafdfec41d57c776ef12466c3b33b67f7140fbdca7e321818e764259471b2d1b,567668
/home/sparky/f01d/data/holdout_oos/ai_sd_db/sd_000933.jpg,ai,latent_diffusion,sd_db,DiffusionDB research license,sealed,,,[],fd9881c1c3bd41694746f36e1c6746fc790be0bbe126fd10bc4252eeeb9759d0,681618
/home/sparky/f01d/data/holdout_oos/ai_sd_db/sd_000101.jpg,ai,latent_diffusion,sd_db,DiffusionDB research license,sealed,,,[],dff4f67182ad0538fd459b8cf0cb97bb84325fc1f52ee0c72f7de991800ed36c,982795
/home/sparky/f01d/data/holdout_oos/ai_sd_db/sd_002548.jpg,ai,latent_diffusion,sd_db,DiffusionDB research license,sealed,,,[],7ad7dc25493a150cb6bff9902e60afbe9b21b9295314a4a75338665de4fc7bd9,514534
/home/sparky/f01d/data/holdout_oos/ai_sd_db/sd_000886.jpg,ai,latent_diffusion,sd_db,DiffusionDB research license,sealed,,,[],3c890bb6424682be7df0d5aa0d4fb73e125d3604a7b52081e6b5bf128a77b8d0,702895
/home/sparky/f01d/data/holdout_oos/ai_sd_db/sd_001745.jpg,ai,latent_diffusion,sd_db,DiffusionDB research license,sealed,,,[],c7d527e040f4ef9edc23473b6959b2d00e32c7019b70d5d01a287b15f5ed014a,410742
/home/sparky/f01d/data/holdout_oos/ai_sd_db/sd_001428.jpg,ai,latent_diffusion,sd_db,DiffusionDB research license,sealed,,,[],7ba6e534cf83e9b95951dc234074f0dec47766e1b07631ca420fc26b7ea6ee33,727008
/home/sparky/f01d/data/holdout_oos/ai_sd_db/sd_000493.jpg,ai,latent_diffusion,sd_db,DiffusionDB research license,sealed,,,[],2c4488815c880d368589391d880988a27f0bcd9351607f704f25d88938ebc824,498274
/home/sparky/f01d/data/holdout_oos/ai_sd_db/sd_002622.jpg,ai,latent_diffusion,sd_db,DiffusionDB research license,sealed,,,[],92d135911a7508484a6899550d5f93e5d4cfceaf49db2047aa0d2cc8b3024d4f,779788
/home/sparky/f01d/data/holdout_oos/ai_sd_db/sd_002200.jpg,ai,latent_diffusion,sd_db,DiffusionDB research license,sealed,,,[],4d0d50672f7044c3fc27970a7137b1f9c0e1d068731e9c5556628e2c0fe3de6c,431285
/home/sparky/f01d/data/holdout_oos/ai_sd_db/sd_002438.jpg,ai,latent_diffusion,sd_db,DiffusionDB research license,sealed,,,[],4cefbe45f19b2e50d16648f88e7d661f2f3d5ba92b81c5206efaa55e1d2eb022,367900
/home/sparky/f01d/data/holdout_oos/ai_sd_db/sd_002832.jpg,ai,latent_diffusion,sd_db,DiffusionDB research license,sealed,,,[],075b945bef97b2d3c40279e1b90deabd71e452ef43b36f201f6b36004ee29a44,428963
/home/sparky/f01d/data/holdout_oos/ai_sd_db/sd_001469.jpg,ai,latent_diffusion,sd_db,DiffusionDB research license,sealed,,,[],498ee310f4529d39c0d7df852f87f447720a3054ae3b3caf1f2a9fad9d42c907,735929
/home/sparky/f01d/data/holdout_oos/ai_sd_db/sd_001877.jpg,ai,latent_diffusion,sd_db,DiffusionDB research license,sealed,,,[],ba78b0a80d1e047351e30dfe50f89ddc4df11744916b53ab8b591ce242c4ded4,390670
/home/sparky/f01d/data/holdout_oos/ai_sd_db/sd_002642.jpg,ai,latent_diffusion,sd_db,DiffusionDB research license,sealed,,,[],b71ad8d12f43f10bd1ede8da8ab73703b0fb8b27f584a71f55dbd5b63a034da1,453501
/home/sparky/f01d/data/holdout_oos/ai_sd_db/sd_002579.jpg,ai,latent_diffusion,sd_db,DiffusionDB research license,sealed,,,[],e91b58211546187dd403f24a943cd37ab8581e49fdeb483c1cba5c9a87642815,619729
/home/sparky/f01d/data/holdout_oos/ai_sd_db/sd_001256.jpg,ai,latent_diffusion,sd_db,DiffusionDB research license,sealed,,,[],168352bf1f5f855ec0fd52a4f0f27a6752dbda817e32c3cd559448586ab841f8,433227
/home/sparky/f01d/data/holdout_oos/ai_sd_db/sd_000794.jpg,ai,latent_diffusion,sd_db,DiffusionDB research license,sealed,,,[],4dd79185e5582f5d1e50881462529e794ea7106bb7d22847713d0d8dc20d5c95,1140582
/home/sparky/f01d/data/holdout_oos/ai_sd_db/sd_001285.jpg,ai,latent_diffusion,sd_db,DiffusionDB research license,sealed,,,[],73ae83402a560fac82aaa76db01cabf65bc8a8cbd763899562d3ee9fa323db1a,424147
/home/sparky/f01d/data/holdout_oos/ai_sd_db/sd_002102.jpg,ai,latent_diffusion,sd_db,DiffusionDB research license,sealed,,,[],1205f42b62f2b70e98ca302b0e6e1dcea39acd8432e143ebe78fef56e4402942,435848
/home/sparky/f01d/data/holdout_oos/ai_sd_db/sd_001284.jpg,ai,latent_diffusion,sd_db,DiffusionDB research license,sealed,,,[],b4a80afcf2adbe68fa5160e56e6e1cc9f52f155e4f9d9dde858c8fa193ab36d5,571081
/home/sparky/f01d/data/holdout_oos/ai_sd_db/sd_002506.jpg,ai,latent_diffusion,sd_db,DiffusionDB research license,sealed,,,[],af283ff4ddad27c574cb340812d469fdf57f6d5ab4c8344aaf04a0361f6b1e5c,730262
/home/sparky/f01d/data/holdout_oos/ai_sd_db/sd_000663.jpg,ai,latent_diffusion,sd_db,DiffusionDB research license,sealed,,,[],463213416acc95c92e88958b8a376ecce3b85f9aab73a2bd7bf96a2a647eefea,639276
/home/sparky/f01d/data/holdout_oos/ai_sd_db/sd_000547.jpg,ai,latent_diffusion,sd_db,DiffusionDB research license,sealed,,,[],1049bab23ab23f4218dcc238d06a53763ad4633b9d1cbe19b97128e65eba0dd3,521922
/home/sparky/f01d/data/holdout_oos/ai_sd_db/sd_003009.jpg,ai,latent_diffusion,sd_db,DiffusionDB research license,sealed,,,[],ae87424fbec03f5ed4659b421e836385f21f51f84ebcf7e3efeba26075c4bc0c,367460
/home/sparky/f01d/data/holdout_oos/ai_sd_db/sd_000678.jpg,ai,latent_diffusion,sd_db,DiffusionDB research license,sealed,,,[],cc230d8d2cf0d5c47c49393b30cf83b0b375f2d264d0615cd8aa3ea10150eee8,185103
/home/sparky/f01d/data/holdout_oos/ai_sd_db/sd_000934.jpg,ai,latent_diffusion,sd_db,DiffusionDB research license,sealed,,,[],1c5ebdaa72636d86386039acafddf0b4e69fb9a16ee54715adfee19d8f5e92d0,275354
/home/sparky/f01d/data/holdout_oos/ai_sd_db/sd_001226.jpg,ai,latent_diffusion,sd_db,DiffusionDB research license,sealed,,,[],7fe9e46f18e86e2e533787ea2bec55d16eee06163cd75158318fca7bbe1ed563,487302
/home/sparky/f01d/data/holdout_oos/ai_sd_db/sd_001445.jpg,ai,latent_diffusion,sd_db,DiffusionDB research license,sealed,,,[],761a7134eb878a128dede9ebac9b2b09db315db6e88150740fb250fdbf402bb2,346924
/home/sparky/f01d/data/holdout_oos/ai_sd_db/sd_002530.jpg,ai,latent_diffusion,sd_db,DiffusionDB research license,sealed,,,[],15fbf75e5b705595e8db58dada7e284f6ffe038173db5f9987f78e26aee14587,401055
/home/sparky/f01d/data/holdout_oos/ai_sd_db/sd_002361.jpg,ai,latent_diffusion,sd_db,DiffusionDB research license,sealed,,,[],b4744751ed0fe400f48b8c17b47f375e18461c20d6522498669362e711f9a7a8,345024
/home/sparky/f01d/data/holdout_oos/ai_sd_db/sd_001571.jpg,ai,latent_diffusion,sd_db,DiffusionDB research license,sealed,,,[],3e849c8f0781834b4ca9d0196e5abfcc4693c55156f10be94c0ed063f627d4a5,1217714
/home/sparky/f01d/data/holdout_oos/ai_sd_db/sd_000471.jpg,ai,latent_diffusion,sd_db,DiffusionDB research license,sealed,,,[],a3d8ec95d0a17797224a3a3e629c942232ce08fcb3baec6103f61fc3b4081a28,457709
/home/sparky/f01d/data/holdout_oos/ai_sd_db/sd_001864.jpg,ai,latent_diffusion,sd_db,DiffusionDB research license,sealed,,,[],81c85ecab98c8c827006baa5933a9bf998d096936c7d40b93f1835b05b32f00b,571007
/home/sparky/f01d/data/holdout_oos/ai_sd_db/sd_000430.jpg,ai,latent_diffusion,sd_db,DiffusionDB research license,sealed,,,[],58a9f65455456ce136246b60ffe2e5e8baaccb8f3551912313710c42a62d9a36,592435
/home/sparky/f01d/data/holdout_oos/ai_sd_db/sd_001619.jpg,ai,latent_diffusion,sd_db,DiffusionDB research license,sealed,,,[],3dbb74b7977564f353ca1980a5062c8b800dd8933a009667e2e09b9ca772b80e,647769
/home/sparky/f01d/data/holdout_oos/ai_sd_db/sd_003021.jpg,ai,latent_diffusion,sd_db,DiffusionDB research license,sealed,,,[],1249f039096b30c8c4f35ef3e6a6aba6d45c9167aa4fd0aa29402b366cc11425,378501
/home/sparky/f01d/data/holdout_oos/ai_sd_db/sd_001344.jpg,ai,latent_diffusion,sd_db,DiffusionDB research license,sealed,,,[],8dc305c694e60d6a4233a901e516325572f4f70c3ece23f00cd00523f37e3b48,177576
/home/sparky/f01d/data/holdout_oos/ai_sd_db/sd_002182.jpg,ai,latent_diffusion,sd_db,DiffusionDB research license,sealed,,,[],dcfe0a7e152a79ea440e60afa7efa5b7bf95fbd3ac3c823b142e245de1ec9f98,620734
/home/sparky/f01d/data/holdout_oos/ai_sd_db/sd_002378.jpg,ai,latent_diffusion,sd_db,DiffusionDB research license,sealed,,,[],af9d6ca2746fb9d6629ec442d06f808167d43764798f66d301778236fb357642,490931
/home/sparky/f01d/data/holdout_oos/ai_sd_db/sd_001297.jpg,ai,latent_diffusion,sd_db,DiffusionDB research license,sealed,,,[],578fc89715eb060d45e61a96fedf252676b0792da8ef130e63042785ef592f43,430027
/home/sparky/f01d/data/holdout_oos/ai_sd_db/sd_000370.jpg,ai,latent_diffusion,sd_db,DiffusionDB research license,sealed,,,[],90ff3a1a0002d886d552924922e8602d25401a12d0bca2810afc68e22f6aa824,516996
/home/sparky/f01d/data/holdout_oos/ai_sd_db/sd_002490.jpg,ai,latent_diffusion,sd_db,DiffusionDB research license,sealed,,,[],6cc518f8674b791880a77403c349073dc383377853dd52a96ad8af11052f7ebf,490391
/home/sparky/f01d/data/holdout_oos/ai_sd_db/sd_002910.jpg,ai,latent_diffusion,sd_db,DiffusionDB research license,sealed,,,[],1a370d2eb63fe63048875a0fc0f1b6ce3e81d93d02e721e98321378824a654dd,475087
/home/sparky/f01d/data/holdout_oos/ai_sd_db/sd_001394.jpg,ai,latent_diffusion,sd_db,DiffusionDB research license,sealed,,,[],8e94327591c5242b5ac1a69653e276561d0f2397b4017a047d48f38e5a501972,618249
/home/sparky/f01d/data/holdout_oos/ai_sd_db/sd_000931.jpg,ai,latent_diffusion,sd_db,DiffusionDB research license,sealed,,,[],2b4204b9144caf8496e4bf63d253e8b037c6d0a5cbc20482c71924e4e092db52,669485
/home/sparky/f01d/data/holdout_oos/ai_sd_db/sd_001137.jpg,ai,latent_diffusion,sd_db,DiffusionDB research license,sealed,,,[],9213a18156bec6e140b936b3173480c89ba4a40aa6997ef5161b99426cfcf589,581293
/home/sparky/f01d/data/holdout_oos/ai_sd_db/sd_002486.jpg,ai,latent_diffusion,sd_db,DiffusionDB research license,sealed,,,[],02583119bc4ad31f10e6813187b13dd30613e0a0280dda4f5651ca415bdc22f1,618572
/home/sparky/f01d/data/holdout_oos/ai_sd_db/sd_001205.jpg,ai,latent_diffusion,sd_db,DiffusionDB research license,sealed,,,[],ca4bc9d07074aaa8d4cef236a53a9b633e9c452b9a3c3d916703a934f2f08693,465644
/home/sparky/f01d/data/holdout_oos/ai_sd_db/sd_002511.jpg,ai,latent_diffusion,sd_db,DiffusionDB research license,sealed,,,[],7d788c36157da42e188841ab57b02e5501bcd06a10165f68f716116999e119ff,404969
/home/sparky/f01d/data/holdout_oos/ai_sd_db/sd_002766.jpg,ai,latent_diffusion,sd_db,DiffusionDB research license,sealed,,,[],481cc919f46b4247c5e79b4a1f36b5454cc16e5a76c06f1d3ca797dd6e1ea14c,589311
/home/sparky/f01d/data/holdout_oos/ai_sd_db/sd_002864.jpg,ai,latent_diffusion,sd_db,DiffusionDB research license,sealed,,,[],0c6373e5f254d10056d0cff52af7c84cd7c0d6e0b537fc14ee73bb2bd165a560,312808
/home/sparky/f01d/data/holdout_oos/ai_sd_db/sd_001162.jpg,ai,latent_diffusion,sd_db,DiffusionDB research license,sealed,,,[],10a80f8e71950dcf3bc81aac0b56890832feb450e6259ed95f871f2d2c06527a,452344
/home/sparky/f01d/data/holdout_oos/ai_sd_db/sd_000536.jpg,ai,latent_diffusion,sd_db,DiffusionDB research license,sealed,,,[],103ba4d56c05b1f7ae6c858e2981ced63c7afe5f4082a4d1f7e1ef5bcf9d7e83,221089
/home/sparky/f01d/data/holdout_oos/ai_sd_db/sd_000980.jpg,ai,latent_diffusion,sd_db,DiffusionDB research license,sealed,,,[],adf2d60690ddbef6638024a0dd3dba04d73439ab22e9ec790a67a40a445054e8,526551
/home/sparky/f01d/data/holdout_oos/ai_sd_db/sd_000434.jpg,ai,latent_diffusion,sd_db,DiffusionDB research license,sealed,,,[],f2b7e26081abde38c00d1071a44519a72d8d665ca50de51994a7b92c0fc4427c,356362
/home/sparky/f01d/data/holdout_oos/ai_sd_db/sd_000729.jpg,ai,latent_diffusion,sd_db,DiffusionDB research license,sealed,,,[],e5dee24b7617b3e0dcc8a107b160e2f07c86da1555b699e004a108988f243cce,414523
/home/sparky/f01d/data/holdout_oos/ai_sd_db/sd_002915.jpg,ai,latent_diffusion,sd_db,DiffusionDB research license,sealed,,,[],8860a063b79d475bd56a8b5a592e906b18b847bc37388bafe739eb83e53bfc09,520122
/home/sparky/f01d/data/holdout_oos/ai_sd_db/sd_000256.jpg,ai,latent_diffusion,sd_db,DiffusionDB research license,sealed,,,[],b9bab1ff2a163f518c36e9b3266b8a9aa2140a56a8060149982fe3787a3ee216,643425
/home/sparky/f01d/data/holdout_oos/ai_sd_db/sd_001604.jpg,ai,latent_diffusion,sd_db,DiffusionDB research license,sealed,,,[],3d9e77488253315f94dbb4f3390c653a4d02c00c5b9790034764b6f75b14f131,862069
/home/sparky/f01d/data/holdout_oos/ai_sd_db/sd_002330.jpg,ai,latent_diffusion,sd_db,DiffusionDB research license,sealed,,,[],5c5fe5dc9ecc04bb853e198e7bcc6939ef4e07ebabaf115ff9ddcecb5f9aba12,724940
/home/sparky/f01d/data/holdout_oos/ai_sd_db/sd_001638.jpg,ai,latent_diffusion,sd_db,DiffusionDB research license,sealed,,,[],620a9360b67944ab086e91235a771da3361b4af4a2b590a41bc115685d1585e5,464459
/home/sparky/f01d/data/holdout_oos/ai_sd_db/sd_000193.jpg,ai,latent_diffusion,sd_db,DiffusionDB research license,sealed,,,[],f0cdb5a04e3a25a4eb31fc9dab84a1dc8558bc7afb57a87592d0ae85a81899ad,349731
/home/sparky/f01d/data/holdout_oos/ai_sd_db/sd_001883.jpg,ai,latent_diffusion,sd_db,DiffusionDB research license,sealed,,,[],339d3f3ee42e2397dbb2b111ec1e10861893a36af53cf958142835f69b572d6a,334053
/home/sparky/f01d/data/holdout_oos/ai_sd_db/sd_003076.jpg,ai,latent_diffusion,sd_db,DiffusionDB research license,sealed,,,[],ada12bbd2243d4cc80d22008328f36732ff94811c2771fd3fc726cd46f3cc8a8,638980
/home/sparky/f01d/data/holdout_oos/ai_sd_db/sd_002607.jpg,ai,latent_diffusion,sd_db,DiffusionDB research license,sealed,,,[],1cf2e5f603b679d7f6496cc31ccea2fad3ccc07415a756e365646aa1ea256321,347500
/home/sparky/f01d/data/holdout_oos/ai_sd_db/sd_000697.jpg,ai,latent_diffusion,sd_db,DiffusionDB research license,sealed,,,[],9bba4db496d49b32cb7e6dcf236c88bf50f28c1079c77c9f31413a0558f31da9,738800
/home/sparky/f01d/data/holdout_oos/ai_sd_db/sd_001548.jpg,ai,latent_diffusion,sd_db,DiffusionDB research license,sealed,,,[],84fd073eadab0f559450a6bd05afb34b07f8a53cf6ac0746f88119ae398891bf,799676
/home/sparky/f01d/data/holdout_oos/ai_sd_db/sd_002327.jpg,ai,latent_diffusion,sd_db,DiffusionDB research license,sealed,,,[],34a7b51f5008050d5d339dc1763e0aa8639ef9341acb5e8fe19ed17cb7481c8b,449264
/home/sparky/f01d/data/holdout_oos/ai_sd_db/sd_003032.jpg,ai,latent_diffusion,sd_db,DiffusionDB research license,sealed,,,[],ad3cda426cdd8b17b45685bdc99059553d9040bd2d900e657fbf6ae11fdce3bf,455012
/home/sparky/f01d/data/holdout_oos/ai_sd_db/sd_000942.jpg,ai,latent_diffusion,sd_db,DiffusionDB research license,sealed,,,[],99303445c11ae8818751996b12dc8422c1a553f645591a103e90d5e42dbed482,383239
/home/sparky/f01d/data/holdout_oos/ai_sd_db/sd_001899.jpg,ai,latent_diffusion,sd_db,DiffusionDB research license,sealed,,,[],31e57e684c160aab384966cc9cedf5917a355e36aa6547abe804485a9df39a1a,366071
/home/sparky/f01d/data/holdout_oos/ai_sd_db/sd_000128.jpg,ai,latent_diffusion,sd_db,DiffusionDB research license,sealed,,,[],46add52b169d361c9e1166f0d35472cc3d44a4d6caa83b84aaa358e05635857e,937228
/home/sparky/f01d/data/holdout_oos/ai_sd_db/sd_000916.jpg,ai,latent_diffusion,sd_db,DiffusionDB research license,sealed,,,[],475aa4828343b08c07e8c97f3a65ededccb49befee5a30d5d407177963ad7d09,721204
/home/sparky/f01d/data/holdout_oos/ai_sd_db/sd_000643.jpg,ai,latent_diffusion,sd_db,DiffusionDB research license,sealed,,,[],1742735ecd816254131cd23fe2119dd369224d3a1c0ee1af9e137d58c8c030d2,540525
/home/sparky/f01d/data/holdout_oos/ai_sd_db/sd_002136.jpg,ai,latent_diffusion,sd_db,DiffusionDB research license,sealed,,,[],6050141f06d471d0db7cfb41c3cc611bf8f002db2eeff19cf50e6f2ec7e1d618,374237
/home/sparky/f01d/data/holdout_oos/ai_sd_db/sd_002231.jpg,ai,latent_diffusion,sd_db,DiffusionDB research license,sealed,,,[],f02c6f65f21acab4ac901ba490c92bfcec0d1ecb096411ad0c53be0ce8d47c76,294353
/home/sparky/f01d/data/holdout_oos/ai_sd_db/sd_001367.jpg,ai,latent_diffusion,sd_db,DiffusionDB research license,sealed,,,[],e413149795faab91a16641bf23543218581f35875003b5139fc9b658d17d4a62,551862
/home/sparky/f01d/data/holdout_oos/ai_sd_db/sd_000679.jpg,ai,latent_diffusion,sd_db,DiffusionDB research license,sealed,,,[],bd4a0c14a7724baa6c09635e841d0f7aeb8948fbca68d6c875cd16f22b962e2d,379226
/home/sparky/f01d/data/holdout_oos/ai_sd_db/sd_001262.jpg,ai,latent_diffusion,sd_db,DiffusionDB research license,sealed,,,[],ee2930caf0638249d1eca2b16da1d1400cb9c3aa6db3b13fcb1915996a513dbd,476413
/home/sparky/f01d/data/holdout_oos/ai_sd_db/sd_000689.jpg,ai,latent_diffusion,sd_db,DiffusionDB research license,sealed,,,[],b1545bb1e13057f91c9b9728fd54acdabc5a9e823196491b1bdfc068b7e53285,279405
/home/sparky/f01d/data/holdout_oos/ai_sd_db/sd_000528.jpg,ai,latent_diffusion,sd_db,DiffusionDB research license,sealed,,,[],f30dd1f45227633ca49f6a333f9eb835f87b15fefb15c7320ee6cfabbe520147,706002
/home/sparky/f01d/data/holdout_oos/ai_sd_db/sd_001133.jpg,ai,latent_diffusion,sd_db,DiffusionDB research license,sealed,,,[],a0da1550a74d192adb84502dc79c3b3abfb308db14294ac7d73f9f1b12c19579,394385
/home/sparky/f01d/data/holdout_oos/ai_sd_db/sd_000322.jpg,ai,latent_diffusion,sd_db,DiffusionDB research license,sealed,,,[],a5f2c4a5bd4bdb51c4d1c61430a0cd4ab12e83cccddc0129ca32d50105e28b9d,779007
/home/sparky/f01d/data/holdout_oos/ai_sd_db/sd_000533.jpg,ai,latent_diffusion,sd_db,DiffusionDB research license,sealed,,,[],7ea68529abe69a012700ef9a783aced0c196427a1fd8f8e6783b2c0fa81ccd1b,560904
/home/sparky/f01d/data/holdout_oos/ai_sd_db/sd_002876.jpg,ai,latent_diffusion,sd_db,DiffusionDB research license,sealed,,,[],bda131988b90695f2aea43588b4f3ebeaab03e1c5cca394ef37d516a79ead56b,305975
/home/sparky/f01d/data/holdout_oos/ai_sd_db/sd_002270.jpg,ai,latent_diffusion,sd_db,DiffusionDB research license,sealed,,,[],f97c3d8a986167ba09ef5a53dbb8748627cb5484950f2e53e6cac8b3f1feda1c,834276
/home/sparky/f01d/data/holdout_oos/ai_sd_db/sd_002634.jpg,ai,latent_diffusion,sd_db,DiffusionDB research license,sealed,,,[],8a8068571032fed53d91d1c07db3497f2edb381e20767bfa14024cd9848f8236,705452
/home/sparky/f01d/data/holdout_oos/ai_sd_db/sd_001198.jpg,ai,latent_diffusion,sd_db,DiffusionDB research license,sealed,,,[],55b4cd6f32a2761f180394040f8ceea2794ad3dba3a44d500f1bdd9e90ea0905,393689
/home/sparky/f01d/data/holdout_oos/ai_sd_db/sd_000809.jpg,ai,latent_diffusion,sd_db,DiffusionDB research license,sealed,,,[],57a77dd9f3ab1cdfdfe528ab175c141eb8d08be854a1c45ebcfe04b41f2f46e2,1961390
/home/sparky/f01d/data/holdout_oos/ai_sd_db/sd_002349.jpg,ai,latent_diffusion,sd_db,DiffusionDB research license,sealed,,,[],ee0c2fe7884f4becd07b0a2e351d594337c3fb75c6ca5bac775daccfa294831f,517520
/home/sparky/f01d/data/holdout_oos/ai_sd_db/sd_001713.jpg,ai,latent_diffusion,sd_db,DiffusionDB research license,sealed,,,[],4ad5f008e906534ee40547c03ab5c5fc2d901a91ca00bf26cdd2e89794309a79,324181
/home/sparky/f01d/data/holdout_oos/ai_sd_db/sd_000105.jpg,ai,latent_diffusion,sd_db,DiffusionDB research license,sealed,,,[],4370f9d6c124d73ffbfbbefd07a4406725021ed9ca10565bd7f83a3f66c28ba9,335303
/home/sparky/f01d/data/holdout_oos/ai_sd_db/sd_001085.jpg,ai,latent_diffusion,sd_db,DiffusionDB research license,sealed,,,[],6b30161e65c9cb0f1e398554968f8d0e93d9eb67157606986e43b1180dece652,683743
/home/sparky/f01d/data/holdout_oos/ai_sd_db/sd_001250.jpg,ai,latent_diffusion,sd_db,DiffusionDB research license,sealed,,,[],a4812e32e20ad161bb38d716012abb8ec71246764c0e316d9453df07b44e7837,599610
/home/sparky/f01d/data/holdout_oos/ai_sd_db/sd_001156.jpg,ai,latent_diffusion,sd_db,DiffusionDB research license,sealed,,,[],be2d5f16d706c383d69728aa7b5ff2fcac4da2f98dc75fd5cd79370b06cb5115,484538
/home/sparky/f01d/data/holdout_oos/ai_sd_db/sd_001792.jpg,ai,latent_diffusion,sd_db,DiffusionDB research license,sealed,,,[],2293ad1c9dae1f55edee90147c0234ff5fdcc6b02e53f108783994bc2dae5725,620854
/home/sparky/f01d/data/holdout_oos/ai_sd_db/sd_001824.jpg,ai,latent_diffusion,sd_db,DiffusionDB research license,sealed,,,[],e95181e7c6fcfedadd48962c2b636dc7626951c0dd8cee519d731654681e3884,458619
/home/sparky/f01d/data/holdout_oos/ai_sd_db/sd_001194.jpg,ai,latent_diffusion,sd_db,DiffusionDB research license,sealed,,,[],6481e4303e7aba8d1305fc715ac514054059a570c508df5e02b7c9b321c26f70,356809
/home/sparky/f01d/data/holdout_oos/ai_sd_db/sd_001803.jpg,ai,latent_diffusion,sd_db,DiffusionDB research license,sealed,,,[],b18d13610597d9aaffa8488038f0ec401394f367de4fbe107c53685862841fb5,371970
/home/sparky/f01d/data/holdout_oos/ai_sd_db/sd_000943.jpg,ai,latent_diffusion,sd_db,DiffusionDB research license,sealed,,,[],6704af80e9cb208abf99d724581eff380b2dbf7672e8b65278d98f2f3fc4d6d6,484919
/home/sparky/f01d/data/holdout_oos/ai_sd_db/sd_001327.jpg,ai,latent_diffusion,sd_db,DiffusionDB research license,sealed,,,[],a541e5edbe73ad1fb2e62d8503c58e28b8d56ae2771ebbf668400e532ad42ddd,482784
/home/sparky/f01d/data/holdout_oos/ai_sd_db/sd_002371.jpg,ai,latent_diffusion,sd_db,DiffusionDB research license,sealed,,,[],0c2fcc8715891fbe2909944d673b6b3bbb90b9ce8e3398aebbe994d815261e6a,2144489
/home/sparky/f01d/data/holdout_oos/ai_sd_db/sd_000772.jpg,ai,latent_diffusion,sd_db,DiffusionDB research license,sealed,,,[],87dad79fe80e9703e5f869f3f84c20ac718017608a795f97d949f17751fe2933,2329558
/home/sparky/f01d/data/holdout_oos/ai_sd_db/sd_001429.jpg,ai,latent_diffusion,sd_db,DiffusionDB research license,sealed,,,[],d7821ee977b4e51ebb5a802c9f5a40c44385a03745126da2705bcc0a21ff234e,537505
/home/sparky/f01d/data/holdout_oos/ai_sd_db/sd_001289.jpg,ai,latent_diffusion,sd_db,DiffusionDB research license,sealed,,,[],bbe4bc46ca881bdcaa81e42acfb037032d4ce1c973963d068ad02f1a4d84b880,473721
/home/sparky/f01d/data/holdout_oos/ai_sd_db/sd_001887.jpg,ai,latent_diffusion,sd_db,DiffusionDB research license,sealed,,,[],67f71e7c3d4fcf5fd39636dcdf2480365aae5a6ea769f1ffd4be7070426fbacc,600458
/home/sparky/f01d/data/holdout_oos/ai_sd_db/sd_001938.jpg,ai,latent_diffusion,sd_db,DiffusionDB research license,sealed,,,[],f9ff5f9dcfc17999883220f25e27e92230e8519345bd074502cd62dbed3b08a3,554065
/home/sparky/f01d/data/holdout_oos/ai_sd_db/sd_002605.jpg,ai,latent_diffusion,sd_db,DiffusionDB research license,sealed,,,[],1025ca6a0c0986953afcbb52c73cdf32f09833affe5f9fca059ef76ba3a99a24,366068
/home/sparky/f01d/data/holdout_oos/ai_sd_db/sd_002352.jpg,ai,latent_diffusion,sd_db,DiffusionDB research license,sealed,,,[],0766fde7acd44e70b1750dc44131e631e29b089c872b0d8d8d2bfce434b26c93,419639
/home/sparky/f01d/data/holdout_oos/ai_sd_db/sd_000485.jpg,ai,latent_diffusion,sd_db,DiffusionDB research license,sealed,,,[],e521e5c275cade2966686f97a8f9af2fd916fc043e95ce31da19f34e01a9d32f,588583
/home/sparky/f01d/data/holdout_oos/ai_sd_db/sd_000885.jpg,ai,latent_diffusion,sd_db,DiffusionDB research license,sealed,,,[],84480b726bcc18b6309b6241161b1d4e40b28f2bd33dfebaf941ece4858eb2e3,738989
/home/sparky/f01d/data/holdout_oos/ai_sd_db/sd_001781.jpg,ai,latent_diffusion,sd_db,DiffusionDB research license,sealed,,,[],f92e741dd20fa2aacb0f05bc7a835ad2940af2ec5ecffe24125775ced29a4d9d,1343078
/home/sparky/f01d/data/holdout_oos/ai_sd_db/sd_000793.jpg,ai,latent_diffusion,sd_db,DiffusionDB research license,sealed,,,[],4166396d813e3f4d9fe7959c8406989af7daf90095a074e78fd6d7931ee4f6a8,586634
/home/sparky/f01d/data/holdout_oos/ai_sd_db/sd_000554.jpg,ai,latent_diffusion,sd_db,DiffusionDB research license,sealed,,,[],b05483731b0d447d92ecdb00615f438f32b0376d54e3fbc1eb211d9b573b83fb,491720
/home/sparky/f01d/data/holdout_oos/ai_sd_db/sd_001312.jpg,ai,latent_diffusion,sd_db,DiffusionDB research license,sealed,,,[],acaf2e233e2c22e0de1b48ada3a38e03c9e5fa37a8002ee17d65f62ac8897825,385352
/home/sparky/f01d/data/holdout_oos/ai_sd_db/sd_001048.jpg,ai,latent_diffusion,sd_db,DiffusionDB research license,sealed,,,[],38106a4a4793dffe66e6797ed2198ab5d9232dea24dc7a6633c4614cc2adc5fd,453833
/home/sparky/f01d/data/holdout_oos/ai_sd_db/sd_000630.jpg,ai,latent_diffusion,sd_db,DiffusionDB research license,sealed,,,[],c4d06dbb5d37a49e92cad00730aa982f1427a727a73e8e037c5621abb90037d2,683931
/home/sparky/f01d/data/holdout_oos/ai_sd_db/sd_000433.jpg,ai,latent_diffusion,sd_db,DiffusionDB research license,sealed,,,[],28e9c78e777d44b9859b489f975c666c7a91671feddd7e0f064f0c3afb222fe5,868919
/home/sparky/f01d/data/holdout_oos/ai_sd_db/sd_002304.jpg,ai,latent_diffusion,sd_db,DiffusionDB research license,sealed,,,[],1d11e5f89ac53a34a45e3032009c5659e8d462d1a25563e55f124005154b1789,416534
/home/sparky/f01d/data/holdout_oos/ai_sd_db/sd_002654.jpg,ai,latent_diffusion,sd_db,DiffusionDB research license,sealed,,,[],457ae75ffee03343471d0e588cb714f9cf076075a5417cb2d9b43f31dbc03811,361882
/home/sparky/f01d/data/holdout_oos/ai_sd_db/sd_001485.jpg,ai,latent_diffusion,sd_db,DiffusionDB research license,sealed,,,[],ef03c02deed8bb990fe8e392a65f4d648dab004755ffbbcffc3ca1da11a19eed,248816
/home/sparky/f01d/data/holdout_oos/ai_sd_db/sd_002943.jpg,ai,latent_diffusion,sd_db,DiffusionDB research license,sealed,,,[],806b6acde04a99f3af309e4fe977f9a738def0760c1ee594e2a01e6165041550,494492
/home/sparky/f01d/data/holdout_oos/ai_sd_db/sd_001952.jpg,ai,latent_diffusion,sd_db,DiffusionDB research license,sealed,,,[],25624134fc722dcc4084e42b768dd81b3472fdfe9306b3f585cfa86afbee44c2,501383
/home/sparky/f01d/data/holdout_oos/ai_sd_db/sd_002425.jpg,ai,latent_diffusion,sd_db,DiffusionDB research license,sealed,,,[],a24ef83c3c8d8ba6ad65724add527eee47e68412b71e0013ddd7edcf69f168f4,521467
/home/sparky/f01d/data/holdout_oos/ai_sd_db/sd_002133.jpg,ai,latent_diffusion,sd_db,DiffusionDB research license,sealed,,,[],ab39075a4b117252c3372914205cf0e0d5662d7126860649b9bbb97d1b06e2b8,1076409
/home/sparky/f01d/data/holdout_oos/ai_sd_db/sd_002740.jpg,ai,latent_diffusion,sd_db,DiffusionDB research license,sealed,,,[],6395f0babf964cd6bad5ed5139acbaff886fb62487b27d40ba1f7a275e261c4e,448145
/home/sparky/f01d/data/holdout_oos/ai_sd_db/sd_002442.jpg,ai,latent_diffusion,sd_db,DiffusionDB research license,sealed,,,[],0d2633cd736ed4349a24e4503d700648821b52dc19daa2a0085e861225a0f84e,1073615
/home/sparky/f01d/data/holdout_oos/ai_sd_db/sd_000778.jpg,ai,latent_diffusion,sd_db,DiffusionDB research license,sealed,,,[],86ff748780f9f421d272ec6d68280147c74ff1cb1bcd6852a1afeaf93d1a4690,681683
/home/sparky/f01d/data/holdout_oos/ai_sd_db/sd_002753.jpg,ai,latent_diffusion,sd_db,DiffusionDB research license,sealed,,,[],d67e3cdc49b9e7a0b042f336a32f0e08af08187866ce97fc65091750ea1eeae6,830249
/home/sparky/f01d/data/holdout_oos/ai_sd_db/sd_001022.jpg,ai,latent_diffusion,sd_db,DiffusionDB research license,sealed,,,[],bbb9006dbd09ca43eaa50ec70b77abbc338a87266d5124fba084c6624e0aee71,368271
/home/sparky/f01d/data/holdout_oos/ai_sd_db/sd_000006.jpg,ai,latent_diffusion,sd_db,DiffusionDB research license,sealed,,,[],875351ef9902dc14ff3b765c2efa3d3458cd78609045c780a6e8c36b8d4b70c5,701640
/home/sparky/f01d/data/holdout_oos/ai_sd_db/sd_001586.jpg,ai,latent_diffusion,sd_db,DiffusionDB research license,sealed,,,[],976f070515d7ed15e6b165edda476ab653af39f0f0a8f81c11e4917fcfcc1f1c,473306
/home/sparky/f01d/data/holdout_oos/ai_sd_db/sd_001983.jpg,ai,latent_diffusion,sd_db,DiffusionDB research license,sealed,,,[],691c2632843daec92162b99593e20a32c22f67920edd8c5cfacfeec2f37e231f,408730
/home/sparky/f01d/data/holdout_oos/ai_mj2/0255.png,ai,commercial_api,mj2,"web scraped (research, no redistribution)",sealed,,,[],1d24aac68e72bb2bde0cdeef407b1faa0dcccb56187f29e7e939f83430c8549a,414890
/home/sparky/f01d/data/holdout_oos/ai_mj2/0066.png,ai,commercial_api,mj2,"web scraped (research, no redistribution)",sealed,,,[],dfdef54a558eecf4a9f0f010d6e53e21f9fe3641409487f2619f1ac1fec01b7a,632550
/home/sparky/f01d/data/holdout_oos/ai_mj2/0048.png,ai,commercial_api,mj2,"web scraped (research, no redistribution)",sealed,,,[],4bda2f12d558af2724ba39fa67ab95372644de4e595af68647779fa461697d94,1329090
/home/sparky/f01d/data/holdout_oos/ai_mj2/0128.png,ai,commercial_api,mj2,"web scraped (research, no redistribution)",sealed,,,[],6a6472d70b5ad82cf203b4a8878caeef41a2410daa33073b5a705ff92c8eb1bd,2374702
/home/sparky/f01d/data/holdout_oos/ai_mj2/0155.png,ai,commercial_api,mj2,"web scraped (research, no redistribution)",sealed,,,[],8565f7b2f85159d98c7e8f89624a20addd85411fe161d4f5a94d8b5318e0420a,1509402
/home/sparky/f01d/data/holdout_oos/ai_mj2/0139.png,ai,commercial_api,mj2,"web scraped (research, no redistribution)",sealed,,,[],f6eef87098ced92ea016db7683600bda6caf313ed12077d7826ef49973e5f85c,2556026
/home/sparky/f01d/data/holdout_oos/ai_mj2/0268.png,ai,commercial_api,mj2,"web scraped (research, no redistribution)",sealed,,,[],ffb2972569011f883bacf8de16189ab16310a1d3ad3accbfb1c7c4d839fa75fd,1410944
/home/sparky/f01d/data/holdout_oos/ai_mj2/0199.png,ai,commercial_api,mj2,"web scraped (research, no redistribution)",sealed,,,[],ffe9a2e320582e2307f3b036c63f7edf874d070c2c5545470cef89ce2b5e422e,593932
/home/sparky/f01d/data/holdout_oos/ai_mj2/0286.png,ai,commercial_api,mj2,"web scraped (research, no redistribution)",sealed,,,[],9c6382b9c70e947368331ed692471cc4f5413b83140976aa71ab67369642435c,427884
/home/sparky/f01d/data/holdout_oos/ai_mj2/0158.png,ai,commercial_api,mj2,"web scraped (research, no redistribution)",sealed,,,[],b53b6498f5745d1698450a6e277412e506395a9a378ef1dc477270270fed8f75,811090
/home/sparky/f01d/data/holdout_oos/ai_mj2/0030.png,ai,commercial_api,mj2,"web scraped (research, no redistribution)",sealed,,,[],ee1de9e2a574e609982a916bac9b5a9d6e699a8d9cfa72c27aaa8e775ce0f354,2369018
/home/sparky/f01d/data/holdout_oos/ai_mj2/0044.png,ai,commercial_api,mj2,"web scraped (research, no redistribution)",sealed,,,[],c007e7339dbca2b995ae5225aa45c632303b3104df9d15258d72282c13539e74,1513542
/home/sparky/f01d/data/holdout_oos/ai_mj2/0046.png,ai,commercial_api,mj2,"web scraped (research, no redistribution)",sealed,,,[],83d5b2084d2ddb42f0181678f9c741be270f79f93d8292d63c318f28cb263d3f,504192
/home/sparky/f01d/data/holdout_oos/ai_mj2/0211.png,ai,commercial_api,mj2,"web scraped (research, no redistribution)",sealed,,,[],dcf720bd683af9d6580c0e3a4f413342da83954d7f24334364773fad791c6722,362419
/home/sparky/f01d/data/holdout_oos/ai_mj2/0166.png,ai,commercial_api,mj2,"web scraped (research, no redistribution)",sealed,,,[],a7e63531ec0c43af08efd9b721bac386982cd5b7d63567697d47639d90d73dde,372290
/home/sparky/f01d/data/holdout_oos/ai_mj2/0264.png,ai,commercial_api,mj2,"web scraped (research, no redistribution)",sealed,,,[],69c10c77d32994278480112c44f97b04f05be00453395f9f4a0fe1a1ae397182,767294
/home/sparky/f01d/data/holdout_oos/ai_mj2/0238.png,ai,commercial_api,mj2,"web scraped (research, no redistribution)",sealed,,,[],ca818cd92a54deea6537df12a696eaf599b12b5fe57800398134d2e3494010e2,1264575
/home/sparky/f01d/data/holdout_oos/ai_mj2/0274.png,ai,commercial_api,mj2,"web scraped (research, no redistribution)",sealed,,,[],ab349f80082066acc273b947e7d5a4dc887a21b88d245e2b2e38147bdd1fdf93,938928
/home/sparky/f01d/data/holdout_oos/ai_mj2/0216.png,ai,commercial_api,mj2,"web scraped (research, no redistribution)",sealed,,,[],8ff0869f8cec083a3c3ba077e20ee9d0864e1d0ff19bbc6c1e4c95412030a70f,897453
/home/sparky/f01d/data/holdout_oos/ai_mj2/0035.png,ai,commercial_api,mj2,"web scraped (research, no redistribution)",sealed,,,[],374fb4c792bd0c04f9f9b60c09f82b6112369343a51fb98a46cbd55ed5b59dc9,306144
/home/sparky/f01d/data/holdout_oos/ai_mj2/0071.png,ai,commercial_api,mj2,"web scraped (research, no redistribution)",sealed,,,[],5eefab4e174194933f97e4fce75947f17950ebcb618df9eb1e5f2ac1df6760ea,350856
/home/sparky/f01d/data/holdout_oos/ai_mj2/0297.png,ai,commercial_api,mj2,"web scraped (research, no redistribution)",sealed,,,[],2c948f4304dacfaa1527b6d68be027c55c30aaa0f99f3d58d9702e4515cdbf76,259732
/home/sparky/f01d/data/holdout_oos/ai_mj2/0065.png,ai,commercial_api,mj2,"web scraped (research, no redistribution)",sealed,,,[],9705781034c699ae74043b5a51bf80a319a1118fc4fe375e9e83ba547b0b2eae,1736532
/home/sparky/f01d/data/holdout_oos/ai_mj2/0263.png,ai,commercial_api,mj2,"web scraped (research, no redistribution)",sealed,,,[],b764d53258d3065b121050223635e8ec8af764981b830d71c01206afe99a1015,472596
/home/sparky/f01d/data/holdout_oos/ai_mj2/0064.png,ai,commercial_api,mj2,"web scraped (research, no redistribution)",sealed,,,[],207413172b31538fe76540355c73cb1946898936861db1f7dbd87a7d785d6498,870949
/home/sparky/f01d/data/holdout_oos/ai_mj2/0223.png,ai,commercial_api,mj2,"web scraped (research, no redistribution)",sealed,,,[],0a89ec51b42938424b2474f2fc1469e3acba6d69786ef3d722b5ca985fda6270,567256
/home/sparky/f01d/data/holdout_oos/ai_mj2/0259.png,ai,commercial_api,mj2,"web scraped (research, no redistribution)",sealed,,,[],eb61809bd5511f7c5ff74eba489a6a8f213feb49ce40623c0d5ac2cd58dfa0cf,1785022
/home/sparky/f01d/data/holdout_oos/ai_mj2/0125.png,ai,commercial_api,mj2,"web scraped (research, no redistribution)",sealed,,,[],b8c9f5a99b22563b42478cc4766444bf1af6fd944af42aa5e3bb4ee2e49ec8ce,664621
/home/sparky/f01d/data/holdout_oos/ai_mj2/0021.png,ai,commercial_api,mj2,"web scraped (research, no redistribution)",sealed,,,[],612fe75fb4e08f31133607c7e67e1a51ebc967b7dc7606edb5c82f5f9358134b,315734
/home/sparky/f01d/data/holdout_oos/ai_mj2/0025.png,ai,commercial_api,mj2,"web scraped (research, no redistribution)",sealed,,,[],85504329b908df2142d566d25c44037a149a4188a3202e07f5070e74a2c36b60,167976
/home/sparky/f01d/data/holdout_oos/ai_mj2/0147.png,ai,commercial_api,mj2,"web scraped (research, no redistribution)",sealed,,,[],46039e1384eecdfb77e8e4a9aa6e76d6288d4dec214925102f3ff41cc48d1b75,2475713
/home/sparky/f01d/data/holdout_oos/ai_mj2/0220.png,ai,commercial_api,mj2,"web scraped (research, no redistribution)",sealed,,,[],a5b768f2158283abcc7bf6b543b02c7f984022deda164cd18098bb12d756d9d8,276429
/home/sparky/f01d/data/holdout_oos/ai_mj2/0170.png,ai,commercial_api,mj2,"web scraped (research, no redistribution)",sealed,,,[],e3fde32cf43996bc7d5aa56a9e25e239e0a34bf73a49bd66c886efcb90e41638,2471169
/home/sparky/f01d/data/holdout_oos/ai_mj2/0129.png,ai,commercial_api,mj2,"web scraped (research, no redistribution)",sealed,,,[],bb0bca05e142ce782cac2448d12938012aae5cc17bd993c194c18d9e26492255,2404631
/home/sparky/f01d/data/holdout_oos/ai_mj2/0203.png,ai,commercial_api,mj2,"web scraped (research, no redistribution)",sealed,,,[],227c42c01ebba01d266792fdac698fb20c8479b7891207b9a195e1c71e627675,1663272
/home/sparky/f01d/data/holdout_oos/ai_mj2/0083.png,ai,commercial_api,mj2,"web scraped (research, no redistribution)",sealed,,,[],9972df7d1b9841b47814ab1ddf73876aa944491614e8254dd274ad1f7e9e129b,651515
/home/sparky/f01d/data/holdout_oos/ai_mj2/0235.png,ai,commercial_api,mj2,"web scraped (research, no redistribution)",sealed,,,[],ab561ce4b0c237dfe1f32f904df1f84ac8deff89f5842f39e1d6ce69a02a36da,400539
/home/sparky/f01d/data/holdout_oos/ai_mj2/0091.png,ai,commercial_api,mj2,"web scraped (research, no redistribution)",sealed,,,[],94026311feb20664c36d9401d4ef24d119c3cd60b9138cfeff3703d657c73f38,1060583
/home/sparky/f01d/data/holdout_oos/ai_mj2/0067.png,ai,commercial_api,mj2,"web scraped (research, no redistribution)",sealed,,,[],ba09da0737472ab27c110748e6dd00e20b37714c527ee045ed8da805c479729b,2992746
/home/sparky/f01d/data/holdout_oos/ai_mj2/0063.png,ai,commercial_api,mj2,"web scraped (research, no redistribution)",sealed,,,[],f74e798e0560d778719dfe899daf2eaf48c914d225874efe675e88b049da9114,365831
/home/sparky/f01d/data/holdout_oos/ai_mj2/0174.png,ai,commercial_api,mj2,"web scraped (research, no redistribution)",sealed,,,[],c1adfe7ba3b97c581e904c44fcd24703d619c4d43af68122cfe150c254abec86,1971166
/home/sparky/f01d/data/holdout_oos/ai_mj2/0101.png,ai,commercial_api,mj2,"web scraped (research, no redistribution)",sealed,,,[],f01ba44d9adb545dd8fd9d3c056bc45a7b7fa1d19cac3244a061e225cf91a1e2,521112
/home/sparky/f01d/data/holdout_oos/ai_mj2/0095.png,ai,commercial_api,mj2,"web scraped (research, no redistribution)",sealed,,,[],f44ff461e54222ae61be9294d52063449f1e7a32b0d5a9f2d7a64563eebc8615,2271177
/home/sparky/f01d/data/holdout_oos/ai_mj2/0094.png,ai,commercial_api,mj2,"web scraped (research, no redistribution)",sealed,,,[],f37f6a08af00b5c3bdb3dddaa376ea3c54e72cc690922dda1f4ff65bbc62638f,515489
/home/sparky/f01d/data/holdout_oos/ai_mj2/0188.png,ai,commercial_api,mj2,"web scraped (research, no redistribution)",sealed,,,[],3b1991c88d176f92bba685a123e20635fed4567f1ec48b277cb833a5f70f0a77,2015517
/home/sparky/f01d/data/holdout_oos/ai_mj2/0182.png,ai,commercial_api,mj2,"web scraped (research, no redistribution)",sealed,,,[],b76314a3c8f4765c87380478da934caa2097049a992a8bec0b1056182cb581fb,3392469
/home/sparky/f01d/data/holdout_oos/ai_mj2/0143.png,ai,commercial_api,mj2,"web scraped (research, no redistribution)",sealed,,,[],547cb5b86cc59fbf9e12c870991d64af87e4f56752015badbe179dfe77489b9d,444203
/home/sparky/f01d/data/holdout_oos/ai_mj2/0141.png,ai,commercial_api,mj2,"web scraped (research, no redistribution)",sealed,,,[],619c61d17975aaa8cb19bb7e851fe719c30de5553c204659b101c65b7f55056b,328758
/home/sparky/f01d/data/holdout_oos/ai_mj2/0161.png,ai,commercial_api,mj2,"web scraped (research, no redistribution)",sealed,,,[],0730ff9f21196423f63cac7544a23039c792af2b56970eeab37036bb812ef1e3,676133
/home/sparky/f01d/data/holdout_oos/ai_mj2/0078.png,ai,commercial_api,mj2,"web scraped (research, no redistribution)",sealed,,,[],4d9ee06e027e973272a53babc320dc1d45a1d73d962d0eae1c97ff3bdf69f616,2129910
/home/sparky/f01d/data/holdout_oos/ai_mj2/0034.png,ai,commercial_api,mj2,"web scraped (research, no redistribution)",sealed,,,[],96fd0d7f95da72f9c6ce9779877d42916eb472a8766096d7b03d287c524705d4,603353
/home/sparky/f01d/data/holdout_oos/ai_mj2/0077.png,ai,commercial_api,mj2,"web scraped (research, no redistribution)",sealed,,,[],f43836b53de467ec1e06aa51e8d056bf105e711a8c08789a905b6c8b624195f1,3536088
/home/sparky/f01d/data/holdout_oos/ai_mj2/0003.png,ai,commercial_api,mj2,"web scraped (research, no redistribution)",sealed,,,[],98df0d0032d2b1c635f9b63090099f301e45a24ad4a02dd3c825a0ce92a844fd,1406045
/home/sparky/f01d/data/holdout_oos/ai_mj2/0149.png,ai,commercial_api,mj2,"web scraped (research, no redistribution)",sealed,,,[],ddeb3687f215a294a8f55e85fa93f30a9491c8247e3e4bee1f11700a0d5860f5,486887
/home/sparky/f01d/data/holdout_oos/ai_mj2/0047.png,ai,commercial_api,mj2,"web scraped (research, no redistribution)",sealed,,,[],f342d6bae09c40d20a684819a756a225f1b11eb8e1df42684e47c7f8f3eb8896,301270
/home/sparky/f01d/data/holdout_oos/ai_mj2/0107.png,ai,commercial_api,mj2,"web scraped (research, no redistribution)",sealed,,,[],2bc53b58e7660a4c77884c71f30b397b64d883df98604c925197f721a3bc35d6,1822765
/home/sparky/f01d/data/holdout_oos/ai_mj2/0208.png,ai,commercial_api,mj2,"web scraped (research, no redistribution)",sealed,,,[],15d0bab9a0f1c7e819876e0ee1267f4d40e5935d594778a16eb61a06f0eb1f2d,1029198
/home/sparky/f01d/data/holdout_oos/ai_mj2/0195.png,ai,commercial_api,mj2,"web scraped (research, no redistribution)",sealed,,,[],c31932a676fa804ae155c570c85f53877b71e68340bea8f68b81707ca33a7d05,900492
/home/sparky/f01d/data/holdout_oos/ai_mj2/0285.png,ai,commercial_api,mj2,"web scraped (research, no redistribution)",sealed,,,[],f8e22e57915853225aa0f400f8133f14d82592294daa684361dcc61c16078ed2,1087554
/home/sparky/f01d/data/holdout_oos/ai_mj2/0073.png,ai,commercial_api,mj2,"web scraped (research, no redistribution)",sealed,,,[],71358a4228c83e5484f9673f9766ef121e96f3803ca7f7a60adac0761ecc9188,886147
/home/sparky/f01d/data/holdout_oos/ai_mj2/0119.png,ai,commercial_api,mj2,"web scraped (research, no redistribution)",sealed,,,[],b19c32e75ec6661691bfd630520a980688d992d396336aa4bd7d255830c60813,1921771
/home/sparky/f01d/data/holdout_oos/ai_mj2/0068.png,ai,commercial_api,mj2,"web scraped (research, no redistribution)",sealed,,,[],07640489a126a7ab1e308a1f4ef21c89ba7572d381f6e17b90e7874267a50478,1774871
/home/sparky/f01d/data/holdout_oos/ai_mj2/0178.png,ai,commercial_api,mj2,"web scraped (research, no redistribution)",sealed,,,[],2a2ac9326d9626a318f50625f2b5c609ddd98c0db11bb3932ef1d297684c7348,539350
/home/sparky/f01d/data/holdout_oos/ai_mj2/0269.png,ai,commercial_api,mj2,"web scraped (research, no redistribution)",sealed,,,[],a5a837b02eae7401e4d69e80f638aaa8ad3e693460713f42dc5d01e0595ef504,1877262
/home/sparky/f01d/data/holdout_oos/ai_mj2/0273.png,ai,commercial_api,mj2,"web scraped (research, no redistribution)",sealed,,,[],6d84e5a1aa6b830aebe375957eaf868b9bad7400739d42f904f65439857c56c3,623693
/home/sparky/f01d/data/holdout_oos/ai_mj2/0087.png,ai,commercial_api,mj2,"web scraped (research, no redistribution)",sealed,,,[],6ad91d28cd3031189a5bfa2573f098102a327c7d9584bfafad90345157538bb5,1240071
/home/sparky/f01d/data/holdout_oos/ai_mj2/0098.png,ai,commercial_api,mj2,"web scraped (research, no redistribution)",sealed,,,[],1555671fa64d1e10fad016f0f818499c85b6ff0417ea569cff08594e530f212e,2737821
/home/sparky/f01d/data/holdout_oos/ai_mj2/0248.png,ai,commercial_api,mj2,"web scraped (research, no redistribution)",sealed,,,[],6eb6473cfaee60c1c1dce39915cf489ff43dc9baaed1dd6ded749d1fb15be875,2432108
/home/sparky/f01d/data/holdout_oos/ai_mj2/0045.png,ai,commercial_api,mj2,"web scraped (research, no redistribution)",sealed,,,[],439989c6a1efcc6a50ea474e40f5583e8de9d0d6312f9a8c78f682a6076b5b9e,506206
/home/sparky/f01d/data/holdout_oos/ai_mj2/0206.png,ai,commercial_api,mj2,"web scraped (research, no redistribution)",sealed,,,[],e7f86561e1cf11ea4fe8fd42483815f3912726e4f928933e144720042a438c01,711314
/home/sparky/f01d/data/holdout_oos/ai_mj2/0163.png,ai,commercial_api,mj2,"web scraped (research, no redistribution)",sealed,,,[],09e183bbf52d6bea4006a9a6ec8a5a838a286b2e8828846d4359e67610fd05a7,2747570
/home/sparky/f01d/data/holdout_oos/ai_mj2/0270.png,ai,commercial_api,mj2,"web scraped (research, no redistribution)",sealed,,,[],badfd70a7d61156749d949cadb9d7f2b0d5bba733ec1dd28a9f4b14541d2fbbd,1516287
/home/sparky/f01d/data/holdout_oos/ai_mj2/0140.png,ai,commercial_api,mj2,"web scraped (research, no redistribution)",sealed,,,[],a340a74373744e21db40515644fb1bb72b07adfc472d33bf8df4b6fa7164a1ee,411907
/home/sparky/f01d/data/holdout_oos/ai_mj2/0118.png,ai,commercial_api,mj2,"web scraped (research, no redistribution)",sealed,,,[],181a825cd170cd67b4206cf823026e38fa3b118175b5ea10626cd19b67e845af,292066
/home/sparky/f01d/data/holdout_oos/ai_mj2/0053.png,ai,commercial_api,mj2,"web scraped (research, no redistribution)",sealed,,,[],52a22f1d4e22d621a122862afcaf68828620f13126dfeb34b6d6af06683ac5b1,303961
/home/sparky/f01d/data/holdout_oos/ai_mj2/0041.png,ai,commercial_api,mj2,"web scraped (research, no redistribution)",sealed,,,[],c98957a5b7608770e2b896aacef8bed32e97b2065b9626aa7c0269e722105185,2493360
/home/sparky/f01d/data/holdout_oos/ai_mj2/0154.png,ai,commercial_api,mj2,"web scraped (research, no redistribution)",sealed,,,[],02a6d62e80678cf8deb73a959b1e9dc598a0a9d4d955d01ccfb5e370ce007375,484552
/home/sparky/f01d/data/holdout_oos/ai_mj2/0031.png,ai,commercial_api,mj2,"web scraped (research, no redistribution)",sealed,,,[],7999e35a967a1d821a83cd68177cf164883fb8f2870651e0b088efe0afa095ca,442083
/home/sparky/f01d/data/holdout_oos/ai_mj2/0010.png,ai,commercial_api,mj2,"web scraped (research, no redistribution)",sealed,,,[],70c6ec84b42a17f7de3176dff485d9911ed0f4b8d140b58f29392477956c8e48,1894179
/home/sparky/f01d/data/holdout_oos/ai_mj2/0244.png,ai,commercial_api,mj2,"web scraped (research, no redistribution)",sealed,,,[],bbd8b574844a99bd398fe59f77798100e9ec57bde1d6c5d51b00768abe274eda,527765
/home/sparky/f01d/data/holdout_oos/ai_mj2/0277.png,ai,commercial_api,mj2,"web scraped (research, no redistribution)",sealed,,,[],126713c995291e8772dc7d300e95328120e4dd8d4e682d95aaeee7f4df89fa9c,924327
/home/sparky/f01d/data/holdout_oos/ai_mj2/0081.png,ai,commercial_api,mj2,"web scraped (research, no redistribution)",sealed,,,[],f44f0f257fc5225d15daa07f75df6d9c7044e76f001f28afccf82b9a0a16b766,691479
/home/sparky/f01d/data/holdout_oos/ai_mj2/0056.png,ai,commercial_api,mj2,"web scraped (research, no redistribution)",sealed,,,[],2aa8335200d4bb929c59c66042564d169e878c3ebe433e6ba066a89f1fa7278a,479993
/home/sparky/f01d/data/holdout_oos/ai_mj2/0204.png,ai,commercial_api,mj2,"web scraped (research, no redistribution)",sealed,,,[],a27631a33fc1ac99589ea21398a7b09b518094da90c81dd7449bbe71ca8bd9e5,157380
/home/sparky/f01d/data/holdout_oos/ai_mj2/0012.png,ai,commercial_api,mj2,"web scraped (research, no redistribution)",sealed,,,[],45f44bfd698fa5339304397d4d8975680c2279d05356973c6e6ee5cf4a019fb9,2988874
/home/sparky/f01d/data/holdout_oos/ai_mj2/0072.png,ai,commercial_api,mj2,"web scraped (research, no redistribution)",sealed,,,[],f1cc137b5b4a0c99e1bf6a784bcd6b9f2e4d652f8c2126c457a51a59d2e423bd,1242921
/home/sparky/f01d/data/holdout_oos/ai_mj2/0169.png,ai,commercial_api,mj2,"web scraped (research, no redistribution)",sealed,,,[],d84835348533dff39dc898b91924215d6ad75e29bd06f7b3d79d4a0b3f1e25d5,595300
/home/sparky/f01d/data/holdout_oos/ai_mj2/0176.png,ai,commercial_api,mj2,"web scraped (research, no redistribution)",sealed,,,[],22afe2c71828c801e4b50394441a839c6cbe00aa738431ff07fae52b354a860a,2874259
/home/sparky/f01d/data/holdout_oos/ai_mj2/0103.png,ai,commercial_api,mj2,"web scraped (research, no redistribution)",sealed,,,[],1e1b71ce3ee3080a2f623bfe281bac4ce762d5ed489f476557b661f4200eb025,693189
/home/sparky/f01d/data/holdout_oos/ai_mj2/0200.png,ai,commercial_api,mj2,"web scraped (research, no redistribution)",sealed,,,[],f0b04a025cadd0acbe115a16d06495210be367f9ed4e1ffc659bc1f58db574fd,711532
/home/sparky/f01d/data/holdout_oos/ai_mj2/0265.png,ai,commercial_api,mj2,"web scraped (research, no redistribution)",sealed,,,[],f9498c00b9a61915f4fd23f0196c59f8ec261ff8382ba42db44b00876bc75fd4,390317
/home/sparky/f01d/data/holdout_oos/ai_mj2/0024.png,ai,commercial_api,mj2,"web scraped (research, no redistribution)",sealed,,,[],7a38ed275fa66c93dfc6fa1b1862b6799c7518dd86a12a3936feff93cc85ddb5,873439
/home/sparky/f01d/data/holdout_oos/ai_mj2/0207.png,ai,commercial_api,mj2,"web scraped (research, no redistribution)",sealed,,,[],2a4d6243f5acaf7e9d60aac34bcf2e40ae902df87859faf585a2fbe91a1fa1c5,1264217
/home/sparky/f01d/data/holdout_oos/ai_mj2/0002.png,ai,commercial_api,mj2,"web scraped (research, no redistribution)",sealed,,,[],bbb33626dedfe3ffe758fdc80c24942d46a25d531a4c37505c70ffb56e794b77,662122
/home/sparky/f01d/data/holdout_oos/ai_mj2/0296.png,ai,commercial_api,mj2,"web scraped (research, no redistribution)",sealed,,,[],8a1c99a8e92df9f29fc5bce683cf178747744c80513d9512b7ac6c8cd10573ba,599885
/home/sparky/f01d/data/holdout_oos/ai_mj2/0020.png,ai,commercial_api,mj2,"web scraped (research, no redistribution)",sealed,,,[],2c490dc3e1d0cf3312d2a33b9c2343c5ad8a34228461788603a35c76c6028185,2708477
/home/sparky/f01d/data/holdout_oos/ai_mj2/0109.png,ai,commercial_api,mj2,"web scraped (research, no redistribution)",sealed,,,[],09bd3a91d017b092da54ebca3cc321446a47ccbc6f07fb46d36b4870580f1a72,753315
/home/sparky/f01d/data/holdout_oos/ai_mj2/0146.png,ai,commercial_api,mj2,"web scraped (research, no redistribution)",sealed,,,[],f8aa11436696cce8b6ac8221530e014f3825a7afbad60d0f72d47880f24ae6c0,661800
/home/sparky/f01d/data/holdout_oos/ai_mj2/0256.png,ai,commercial_api,mj2,"web scraped (research, no redistribution)",sealed,,,[],f30b91ad78da94d7bd8f6953eb469e1bdf18ab60d161f8a8bfdd44d0f3ab597d,339055
/home/sparky/f01d/data/holdout_oos/ai_mj2/0196.png,ai,commercial_api,mj2,"web scraped (research, no redistribution)",sealed,,,[],7e845e8d493554c13fd075d0c4c5e580254d7981d45f5c5b63c60943f5804205,397325
/home/sparky/f01d/data/holdout_oos/ai_mj2/0261.png,ai,commercial_api,mj2,"web scraped (research, no redistribution)",sealed,,,[],24cda735649e1f1a0c3cf54bc8ecc4192f47b2c3ad3a7a48519870c6aa806098,332578
/home/sparky/f01d/data/holdout_oos/ai_mj2/0175.png,ai,commercial_api,mj2,"web scraped (research, no redistribution)",sealed,,,[],3fc881d7e392778b489d29a90d549d10c8a660d72d4fb1ccf3315c24b4613a21,341407
/home/sparky/f01d/data/holdout_oos/ai_mj2/0291.png,ai,commercial_api,mj2,"web scraped (research, no redistribution)",sealed,,,[],d91298338604b27a98e14e4806914fa57fa408342f6034f9a65ef2d092595d2f,2313662
/home/sparky/f01d/data/holdout_oos/ai_mj2/0105.png,ai,commercial_api,mj2,"web scraped (research, no redistribution)",sealed,,,[],6709aae4b9bb453a36d677ed89371d299088bfc91d2cafd4961d93074c33c0eb,2861470
/home/sparky/f01d/data/holdout_oos/ai_mj2/0022.png,ai,commercial_api,mj2,"web scraped (research, no redistribution)",sealed,,,[],1484f1a8190db7fb5919a0589672068128ac3388943559da485100ce70b31ec4,477682
/home/sparky/f01d/data/holdout_oos/ai_mj2/0134.png,ai,commercial_api,mj2,"web scraped (research, no redistribution)",sealed,,,[],162e336e7dfa5f21680ee6729c44d1b6aabda13e7dbd783e6cd22488810db078,1800206
/home/sparky/f01d/data/holdout_oos/ai_mj2/0233.png,ai,commercial_api,mj2,"web scraped (research, no redistribution)",sealed,,,[],e245f0862da6bd483dd6d6804feaaf16c0368c036033eefb7c019ee5a0f3601c,1745599
/home/sparky/f01d/data/holdout_oos/ai_mj2/0298.png,ai,commercial_api,mj2,"web scraped (research, no redistribution)",sealed,,,[],931e08a984fc237e8f34fe22f62cedc6fb672b888536af16250695304eb57d72,563923
/home/sparky/f01d/data/holdout_oos/ai_mj2/0043.png,ai,commercial_api,mj2,"web scraped (research, no redistribution)",sealed,,,[],515771c3086a8f0f057ba14720ca5f0bc7b546a5191185230fc83d5e0f42ccbe,842613
/home/sparky/f01d/data/holdout_oos/ai_mj2/0039.png,ai,commercial_api,mj2,"web scraped (research, no redistribution)",sealed,,,[],a2df542220fea80d51f7290c24e779993d3884ea183693c824eade110811a7f8,2782069
/home/sparky/f01d/data/holdout_oos/ai_mj2/0189.png,ai,commercial_api,mj2,"web scraped (research, no redistribution)",sealed,,,[],7c7fa4bc24422836267fed283bd0537b0f1a67102e27e239975cf6876c47202d,401940
/home/sparky/f01d/data/holdout_oos/ai_mj2/0084.png,ai,commercial_api,mj2,"web scraped (research, no redistribution)",sealed,,,[],9e8f6ffbdba3a92b06351cebf57399e7ac254df05c944f371952042a29832d16,925354
/home/sparky/f01d/data/holdout_oos/ai_mj2/0157.png,ai,commercial_api,mj2,"web scraped (research, no redistribution)",sealed,,,[],ef7c92642de9d2da6cb67acd5852033ce3df5b01dd61f236db8e0c6d9857ba2d,646053
/home/sparky/f01d/data/holdout_oos/ai_mj2/0231.png,ai,commercial_api,mj2,"web scraped (research, no redistribution)",sealed,,,[],69aa93e53a0c423ca59b972ad36e635bc296dd52a3ac5da1d5dd9d6a7f8abe7c,439967
/home/sparky/f01d/data/holdout_oos/ai_mj2/0150.png,ai,commercial_api,mj2,"web scraped (research, no redistribution)",sealed,,,[],8a19dc3cbbf33560adc4bb327a3f493f9079644c916df87a53c340db16800675,383260
/home/sparky/f01d/data/holdout_oos/ai_mj2/0050.png,ai,commercial_api,mj2,"web scraped (research, no redistribution)",sealed,,,[],c3b3c47bd99e250bb54f9814aae8d886b6f3cc25ee395a97b3fd6c784812cc93,1522955
/home/sparky/f01d/data/holdout_oos/ai_mj2/0192.png,ai,commercial_api,mj2,"web scraped (research, no redistribution)",sealed,,,[],0efc5d5cb9145126ffa9f9661345f002cd483a123f4153cd75dec6c066a56016,671996
/home/sparky/f01d/data/holdout_oos/ai_mj2/0088.png,ai,commercial_api,mj2,"web scraped (research, no redistribution)",sealed,,,[],2941e3c7152f60d6fda583e4b62e483bce4a5eb7d1810ad30f84a25341daad7f,288667
/home/sparky/f01d/data/holdout_oos/ai_mj2/0026.png,ai,commercial_api,mj2,"web scraped (research, no redistribution)",sealed,,,[],7d4e5ed6fbc4dcdb8dea5bee430d07305ae595d1f835d740cee50e923aabf6c1,3783143
/home/sparky/f01d/data/holdout_oos/ai_mj2/0254.png,ai,commercial_api,mj2,"web scraped (research, no redistribution)",sealed,,,[],cac1bb9c977dc4343f6b8c319a9bd515908470952f6f7315a3964c8e70de71f9,636146
/home/sparky/f01d/data/holdout_oos/ai_mj2/0036.png,ai,commercial_api,mj2,"web scraped (research, no redistribution)",sealed,,,[],fc006989ed509a4f86eb780eba4756c39fc53c3ca876732a03de3f4e29b073c1,330821
/home/sparky/f01d/data/holdout_oos/ai_mj2/0005.png,ai,commercial_api,mj2,"web scraped (research, no redistribution)",sealed,,,[],44311059002eff3246b7ad9d91d39dc96e43c372b1fdfc9f1ccc891c117685d8,1965625
/home/sparky/f01d/data/holdout_oos/ai_mj2/0262.png,ai,commercial_api,mj2,"web scraped (research, no redistribution)",sealed,,,[],69be5ad95a9f9bb0d403d48a94348799ecd3f061ef10cc58cbb44fade0193b5b,489641
/home/sparky/f01d/data/holdout_oos/ai_mj2/0015.png,ai,commercial_api,mj2,"web scraped (research, no redistribution)",sealed,,,[],d75749c14d8e80f6c5bfa91a52059beaf59b4db27d79697cc814ceddfbc8deff,229750
/home/sparky/f01d/data/holdout_oos/ai_mj2/0080.png,ai,commercial_api,mj2,"web scraped (research, no redistribution)",sealed,,,[],0c0ca4ac833fb348f447b7e2709a13e8f87e4b0149f76823115a0ce9e7ad65c5,707455
/home/sparky/f01d/data/holdout_oos/ai_mj2/0097.png,ai,commercial_api,mj2,"web scraped (research, no redistribution)",sealed,,,[],dad1251c7ded1d1b079dcccbf697450bcf943b6ff3dcfbf6e66a85f5b0b2fe94,2367254
/home/sparky/f01d/data/holdout_oos/ai_mj2/0267.png,ai,commercial_api,mj2,"web scraped (research, no redistribution)",sealed,,,[],ff7a737e84e870f71b862d98b74078d729395773ca6b7f5fd530bee363ce581e,372402
/home/sparky/f01d/data/holdout_oos/ai_mj2/0214.png,ai,commercial_api,mj2,"web scraped (research, no redistribution)",sealed,,,[],82bdea208ccf867d3190d1a818d20a263dac63865fa5f9ade6de8fe408058eb1,1896054
/home/sparky/f01d/data/holdout_oos/ai_mj2/0190.png,ai,commercial_api,mj2,"web scraped (research, no redistribution)",sealed,,,[],bdbc519d8b81ba858c116a30e7d00e1bd6df429677df92005fb87bf6a3299da3,1087050
/home/sparky/f01d/data/holdout_oos/ai_mj2/0278.png,ai,commercial_api,mj2,"web scraped (research, no redistribution)",sealed,,,[],cc096ebe98332b3705ee05540dc4cb1bc3ce71110c9a6db7b005c9112e3999bc,288296
/home/sparky/f01d/data/holdout_oos/ai_mj2/0197.png,ai,commercial_api,mj2,"web scraped (research, no redistribution)",sealed,,,[],179bce96b23d49e3fe687c5a30f26b60b448d6a54c502ec00aa517ebe719054a,367076
/home/sparky/f01d/data/holdout_oos/ai_mj2/0260.png,ai,commercial_api,mj2,"web scraped (research, no redistribution)",sealed,,,[],d14ea416a2115a9337be82d5da7691763a6afd4a7da5701ba93497b5841dfcbd,567080
/home/sparky/f01d/data/holdout_oos/ai_mj2/0180.png,ai,commercial_api,mj2,"web scraped (research, no redistribution)",sealed,,,[],92aa7c314cea1bc7832c098f1eaa35339038ea9c0da085078b98be8cc543868c,2559741
/home/sparky/f01d/data/holdout_oos/ai_mj2/0052.png,ai,commercial_api,mj2,"web scraped (research, no redistribution)",sealed,,,[],ba5df6ec0ee86025f0ecb09cc399fc55c618c201fabbc108c88d296e15ddd3ac,1805778
/home/sparky/f01d/data/holdout_oos/ai_mj2/0079.png,ai,commercial_api,mj2,"web scraped (research, no redistribution)",sealed,,,[],176ad2623efae876e638905414b0006d6b569dbb728c854364a3db205ede40c5,842981
/home/sparky/f01d/data/holdout_oos/ai_mj2/0032.png,ai,commercial_api,mj2,"web scraped (research, no redistribution)",sealed,,,[],279ec06eec6e1680961805a0f64074a3a3fe6aafb8c9da0b7425e53df814ce12,1065378
/home/sparky/f01d/data/holdout_oos/ai_mj2/0037.png,ai,commercial_api,mj2,"web scraped (research, no redistribution)",sealed,,,[],699f643ce163795259168c08a9e29311a73889ebca89114e208712fe4a7997ad,1352373
/home/sparky/f01d/data/holdout_oos/ai_mj2/0193.png,ai,commercial_api,mj2,"web scraped (research, no redistribution)",sealed,,,[],0c9eb1cd7918d4211bcd178670fd567a4ab8fe25125134c840404168d0d502e7,1930338
/home/sparky/f01d/data/holdout_oos/ai_mj2/0151.png,ai,commercial_api,mj2,"web scraped (research, no redistribution)",sealed,,,[],8d2125a01c1882ffb31c4fe97b46da8818ef04077d870bfca76c7cb11c16b794,446772
/home/sparky/f01d/data/holdout_oos/ai_mj2/0013.png,ai,commercial_api,mj2,"web scraped (research, no redistribution)",sealed,,,[],b5683294ed9dcee368e5dad516da37cde8845a5d58e99e4662bcf9b6aebc15b7,306539
/home/sparky/f01d/data/holdout_oos/ai_mj2/0202.png,ai,commercial_api,mj2,"web scraped (research, no redistribution)",sealed,,,[],8e291bb4850b0d1b283e012d854e24106003d4478aa7feb77020c4bfcba7e7fc,438419
/home/sparky/f01d/data/holdout_oos/ai_mj2/0007.png,ai,commercial_api,mj2,"web scraped (research, no redistribution)",sealed,,,[],f1ae4c71e725ec7e2a0521e3548b1432449f4f115fc8fde3994ba2bc04e8d02a,968667
/home/sparky/f01d/data/holdout_oos/ai_mj2/0070.png,ai,commercial_api,mj2,"web scraped (research, no redistribution)",sealed,,,[],fbcefe91456e51b2a74cb8c57e4d6a5003622003a9fd8ea7667befbe71c51473,464417
/home/sparky/f01d/data/holdout_oos/ai_mj2/0234.png,ai,commercial_api,mj2,"web scraped (research, no redistribution)",sealed,,,[],bd975420f0d9d472b7a92423d482b0f0d4a5caf32b35ce2085af3fa283b2f51c,2158790
/home/sparky/f01d/data/holdout_oos/ai_mj2/0209.png,ai,commercial_api,mj2,"web scraped (research, no redistribution)",sealed,,,[],f4ae0f51ab9f81be83ae82bed4d9e5fb64986ab69483814bc46e78a0c0b60e65,347442
/home/sparky/f01d/data/holdout_oos/ai_mj2/0019.png,ai,commercial_api,mj2,"web scraped (research, no redistribution)",sealed,,,[],38f690d98eb14865fce8d8b6e251d611105f08c4051d18bab149904d09b1b699,2835433
/home/sparky/f01d/data/holdout_oos/ai_mj2/0058.png,ai,commercial_api,mj2,"web scraped (research, no redistribution)",sealed,,,[],c505ff23f48b083163984d559136fd800d2041eaee29403a2333c1c627ff0d75,536848
/home/sparky/f01d/data/holdout_oos/ai_mj2/0160.png,ai,commercial_api,mj2,"web scraped (research, no redistribution)",sealed,,,[],74f3c8cbb12892f24e737b06b5ab788427c48246a69efe8ba6964b0e5c6528c8,1178270
/home/sparky/f01d/data/holdout_oos/ai_mj2/0246.png,ai,commercial_api,mj2,"web scraped (research, no redistribution)",sealed,,,[],27f02f00aced9cd0e9e67cefc1414d6779f6daac898682d04b6b4a50bde83d3b,944114
/home/sparky/f01d/data/holdout_oos/ai_mj2/0086.png,ai,commercial_api,mj2,"web scraped (research, no redistribution)",sealed,,,[],ee4be44755fd3eca2366ed72f65c1213e4d2e58fc3fc2a58a7838d9ab3840f7d,1740942
/home/sparky/f01d/data/holdout_oos/ai_mj2/0121.png,ai,commercial_api,mj2,"web scraped (research, no redistribution)",sealed,,,[],e2f3993b9d93c1f506aae93e2347803803897d12d9651fa2323909f361ebd9bb,2701368
/home/sparky/f01d/data/holdout_oos/ai_mj2/0093.png,ai,commercial_api,mj2,"web scraped (research, no redistribution)",sealed,,,[],304b94d6da624a5a5f44bc9c1554e6710ea850c3c703721027930a6264289155,953149
/home/sparky/f01d/data/holdout_oos/ai_mj2/0059.png,ai,commercial_api,mj2,"web scraped (research, no redistribution)",sealed,,,[],88c04ae6dd3653a48261c42071a6a09ff5718fb53bfe94a3c5031e81ae23c50b,409920
/home/sparky/f01d/data/holdout_oos/ai_mj2/0198.png,ai,commercial_api,mj2,"web scraped (research, no redistribution)",sealed,,,[],5c5690c061598cd1588cfb4e2220800739f8b5f8dcc74ce12b8b9e967e37e31d,924894
/home/sparky/f01d/data/holdout_oos/ai_mj2/0135.png,ai,commercial_api,mj2,"web scraped (research, no redistribution)",sealed,,,[],f218d5d16e7fa0cbaa9277194031ab00d5b4ca742cfe54c6330238eae227cad6,1554873
/home/sparky/f01d/data/holdout_oos/ai_mj2/0177.png,ai,commercial_api,mj2,"web scraped (research, no redistribution)",sealed,,,[],fff729f3cd1c2cc5ec65a893724d1159b4365b44b529bafa17228c8c490ffdb5,2123190
/home/sparky/f01d/data/holdout_oos/ai_mj2/0282.png,ai,commercial_api,mj2,"web scraped (research, no redistribution)",sealed,,,[],b2c59362f3bcdd49be9b133a4e1c374446874ab12e5994436eb3fe22d07b90ff,2755000
/home/sparky/f01d/data/holdout_oos/ai_mj2/0221.png,ai,commercial_api,mj2,"web scraped (research, no redistribution)",sealed,,,[],41fff262de972bcd4078418d1c7bcc851532b191cf03dba00cf638c30338d3ca,663161
/home/sparky/f01d/data/holdout_oos/ai_mj2/0133.png,ai,commercial_api,mj2,"web scraped (research, no redistribution)",sealed,,,[],8affd92183380dab74f30a774215966ae3fc5bb39c5c93fd95489a703d45a7b8,858848
/home/sparky/f01d/data/holdout_oos/ai_mj2/0243.png,ai,commercial_api,mj2,"web scraped (research, no redistribution)",sealed,,,[],c15dd0776e7ac154c5f4d1fee532c433381feec8306dfb4ece284713bc100ded,292970
/home/sparky/f01d/data/holdout_oos/ai_mj2/0115.png,ai,commercial_api,mj2,"web scraped (research, no redistribution)",sealed,,,[],9bdafdcebeef352545f134498e00f9dee3adfe3d2b4efa649a62f283431628df,486307
/home/sparky/f01d/data/holdout_oos/ai_mj2/0130.png,ai,commercial_api,mj2,"web scraped (research, no redistribution)",sealed,,,[],8c92a31ee00fb7bd7e063a6752f9c573f302b5e107dbd4868b7adfc23d68426a,500351
/home/sparky/f01d/data/holdout_oos/ai_mj2/0258.png,ai,commercial_api,mj2,"web scraped (research, no redistribution)",sealed,,,[],7f407b1cf3753802c41884141d0647ea6769fc42a35afa5700941083fbdf3cfb,2426143
/home/sparky/f01d/data/holdout_oos/ai_mj2/0250.png,ai,commercial_api,mj2,"web scraped (research, no redistribution)",sealed,,,[],6480180b0c76a432c71ea6c805f9496673741c2cbe136b7bb379029f74d10a40,434358
/home/sparky/f01d/data/holdout_oos/ai_mj2/0194.png,ai,commercial_api,mj2,"web scraped (research, no redistribution)",sealed,,,[],9517b43fcec2aa3e0f8645de11c46197893b6c82e7a69343e7146f18866fbfd4,541390
/home/sparky/f01d/data/holdout_oos/ai_mj2/0230.png,ai,commercial_api,mj2,"web scraped (research, no redistribution)",sealed,,,[],b677d69fb12fb7f0fd691fbe7c578a769b2a357976f8f2979036a2369a59535a,1389419
/home/sparky/f01d/data/holdout_oos/ai_mj2/0165.png,ai,commercial_api,mj2,"web scraped (research, no redistribution)",sealed,,,[],cf4fe4e9f820cb879c8112fc0ab4a2107d6e666f0308970a9a647e9241b13235,586575
/home/sparky/f01d/data/holdout_oos/ai_mj2/0004.png,ai,commercial_api,mj2,"web scraped (research, no redistribution)",sealed,,,[],ba3cfca120926cf68543d7cf0d457be6e71532e8d2b790ec2d9c4416924eaaa0,790058
/home/sparky/f01d/data/holdout_oos/ai_mj2/0172.png,ai,commercial_api,mj2,"web scraped (research, no redistribution)",sealed,,,[],e4ea2fb8eecaceb2459b5e9faa94af122991248313b6381fe683cf95becfd7ff,2938799
/home/sparky/f01d/data/holdout_oos/ai_mj2/0184.png,ai,commercial_api,mj2,"web scraped (research, no redistribution)",sealed,,,[],ff4923a9bf9b8cc1487d892e55360cda004368f71dfe07695c50bdacb0faf842,573653
/home/sparky/f01d/data/holdout_oos/ai_mj2/0168.png,ai,commercial_api,mj2,"web scraped (research, no redistribution)",sealed,,,[],f2b7bc27c2d6a4fe0457ca253be3b572dc2c5e4188dcec5e37439cddc4e3e699,2000623
/home/sparky/f01d/data/holdout_oos/ai_mj2/0074.png,ai,commercial_api,mj2,"web scraped (research, no redistribution)",sealed,,,[],8d287693124701a6930c71d2a19565f6c2a8a55a084f24d774a0bde671a2fdf2,409467
/home/sparky/f01d/data/holdout_oos/ai_mj2/0227.png,ai,commercial_api,mj2,"web scraped (research, no redistribution)",sealed,,,[],b729d4521a4d72ac78f243268b9dbf19aaff0246e751abceaa770bb2ecfce3bb,1836279
/home/sparky/f01d/data/holdout_oos/ai_mj2/0124.png,ai,commercial_api,mj2,"web scraped (research, no redistribution)",sealed,,,[],33badce3d70d47a4e8d5eef7233fceba5ca617f4d224cb51b6c153a4f18ef090,2871525
/home/sparky/f01d/data/holdout_oos/ai_mj2/0136.png,ai,commercial_api,mj2,"web scraped (research, no redistribution)",sealed,,,[],54255b06e26b3f65fc9445bf2a83a5ec9e7e0a7837944cb376d1d58d883c08fc,1322993
/home/sparky/f01d/data/holdout_oos/ai_mj2/0191.png,ai,commercial_api,mj2,"web scraped (research, no redistribution)",sealed,,,[],38b9d1fda644097bac36a940cbea61dbd748e1711ae771c1562e5b5a50a7b6d2,355604
/home/sparky/f01d/data/holdout_oos/ai_mj2/0114.png,ai,commercial_api,mj2,"web scraped (research, no redistribution)",sealed,,,[],06d5d199a27d96b837d03fae9ee86230e6be992a6b4f4d021de067f8c8fb990e,310879
/home/sparky/f01d/data/holdout_oos/ai_mj2/0212.png,ai,commercial_api,mj2,"web scraped (research, no redistribution)",sealed,,,[],36d1b3b1c2256b41a7d429b7dc3673794a18d31e69b843d984669cc2530ac3df,333952
/home/sparky/f01d/data/holdout_oos/ai_mj2/0042.png,ai,commercial_api,mj2,"web scraped (research, no redistribution)",sealed,,,[],5b17bd024a008699dfab3318ca97c51c03d0c7d87f0e137490864257a21fc53d,381071
/home/sparky/f01d/data/holdout_oos/ai_mj2/0179.png,ai,commercial_api,mj2,"web scraped (research, no redistribution)",sealed,,,[],71f14abc0a7f209a4a2e2a039a5888909e76000ab168f936a6db72cb2612131a,530744
/home/sparky/f01d/data/holdout_oos/ai_mj2/0164.png,ai,commercial_api,mj2,"web scraped (research, no redistribution)",sealed,,,[],d6a0093b7f86c12133cfdef139601cf12fbcd9bdf88919badb5960d24431b108,1078559
/home/sparky/f01d/data/holdout_oos/ai_mj2/0281.png,ai,commercial_api,mj2,"web scraped (research, no redistribution)",sealed,,,[],201355d3e6c1187aa127dc20cdb36376c7800cd965fa464a54d9f11831c4735e,2300889
/home/sparky/f01d/data/holdout_oos/ai_mj2/0055.png,ai,commercial_api,mj2,"web scraped (research, no redistribution)",sealed,,,[],e6704fdef6fb8d4d4897e63efaf870367c8b2e4db0183919f3fdc2a4422d9ada,835445
/home/sparky/f01d/data/holdout_oos/ai_mj2/0075.png,ai,commercial_api,mj2,"web scraped (research, no redistribution)",sealed,,,[],9b850e5034aba72dd3610484ace7e5b64d56b5575f79d788263d202d1b997f26,359374
/home/sparky/f01d/data/holdout_oos/ai_mj2/0122.png,ai,commercial_api,mj2,"web scraped (research, no redistribution)",sealed,,,[],e8ea4b133d80510ab50b68e69d6f6f7e109a34363258c441422b0e4f889be298,2672710
/home/sparky/f01d/data/holdout_oos/ai_mj2/0245.png,ai,commercial_api,mj2,"web scraped (research, no redistribution)",sealed,,,[],53ae511e0e18b7c79373fc752dbb33c0592f8b20556ee66582d64ee3da0d6393,427361
/home/sparky/f01d/data/holdout_oos/ai_mj2/0229.png,ai,commercial_api,mj2,"web scraped (research, no redistribution)",sealed,,,[],fe1951698bf14e397e8252733c0844755aa01710c4f2c19a3dd1849d5d8ddbe9,440559
/home/sparky/f01d/data/holdout_oos/ai_mj2/0137.png,ai,commercial_api,mj2,"web scraped (research, no redistribution)",sealed,,,[],bba1db1fe917f9ab9ab3be948ff60d5e0aa59488a144ffd662c49784e05f7499,2482473
/home/sparky/f01d/data/holdout_oos/ai_mj2/0247.png,ai,commercial_api,mj2,"web scraped (research, no redistribution)",sealed,,,[],091c9a0d41ce27cb240ca8fec6ec6d1a37de557c43f9c509409d000fc24590e9,713158
/home/sparky/f01d/data/holdout_oos/ai_mj2/0271.png,ai,commercial_api,mj2,"web scraped (research, no redistribution)",sealed,,,[],97f3f2e4ad892365e4e471c94d1981317eea1178b3a240462eb50f0ecf4b3ff8,1109718
/home/sparky/f01d/data/holdout_oos/ai_mj2/0153.png,ai,commercial_api,mj2,"web scraped (research, no redistribution)",sealed,,,[],eba4b5a3640ad0fb3668fa13358b0f94dde464c1f015b4bac1a99735e88bfc0f,493120
/home/sparky/f01d/data/holdout_oos/ai_mj2/0014.png,ai,commercial_api,mj2,"web scraped (research, no redistribution)",sealed,,,[],00877c740201a6d3c8faefab0452abecc2c61cc8f75df45f0dbd5d5506771115,2217828
/home/sparky/f01d/data/holdout_oos/ai_mj2/0116.png,ai,commercial_api,mj2,"web scraped (research, no redistribution)",sealed,,,[],74f7ecce77a7891f5d0ffec7683a9fd8ac4e832f18a62284bdea71aff81f1706,2998413
/home/sparky/f01d/data/holdout_oos/ai_mj2/0257.png,ai,commercial_api,mj2,"web scraped (research, no redistribution)",sealed,,,[],61e8f847314673bce2053579b8db035e22c42afa9cc0e7b3840a62709a434fa2,2715252
/home/sparky/f01d/data/holdout_oos/ai_mj2/0060.png,ai,commercial_api,mj2,"web scraped (research, no redistribution)",sealed,,,[],77e71c090b2057a05cb5c58c1110a20192bf7478f0c8458f1b9ca9865c7ffbf6,2997241
/home/sparky/f01d/data/holdout_oos/ai_mj2/0104.png,ai,commercial_api,mj2,"web scraped (research, no redistribution)",sealed,,,[],860b01d0540011b2cef5341744b706463c6a4a23748e835993fcd42151144dd7,385691
/home/sparky/f01d/data/holdout_oos/ai_mj2/0123.png,ai,commercial_api,mj2,"web scraped (research, no redistribution)",sealed,,,[],3e5d20326e2b1a99013721ca6a5b51c1aa5586fd75a273447cfadc53018d1ea1,739697
/home/sparky/f01d/data/holdout_oos/ai_mj2/0295.png,ai,commercial_api,mj2,"web scraped (research, no redistribution)",sealed,,,[],cc3dc42ec8a4b5638c76baced0e8747e5095028cab6436d51d57cbffd49a1a2b,807032
/home/sparky/f01d/data/holdout_oos/ai_mj2/0038.png,ai,commercial_api,mj2,"web scraped (research, no redistribution)",sealed,,,[],a10411a36429eb84d74a518d408586713881273e3dba5230462036578beaf5eb,1768827
/home/sparky/f01d/data/holdout_oos/ai_mj2/0210.png,ai,commercial_api,mj2,"web scraped (research, no redistribution)",sealed,,,[],0ce5d09311f6dc7185f4610d54aaa656d323994dda67578bfde61af744459972,578376
/home/sparky/f01d/data/holdout_oos/ai_mj2/0181.png,ai,commercial_api,mj2,"web scraped (research, no redistribution)",sealed,,,[],6e08a8385d49042a4244d3129a2af7af048b5eaf81ef84680472c36cdd210069,1441676
/home/sparky/f01d/data/holdout_oos/ai_mj2/0018.png,ai,commercial_api,mj2,"web scraped (research, no redistribution)",sealed,,,[],e289fc67cb5b55a1ef93a135f26068be5b61cd59c3158d57651793f15e70160f,825753
/home/sparky/f01d/data/holdout_oos/ai_mj2/0275.png,ai,commercial_api,mj2,"web scraped (research, no redistribution)",sealed,,,[],5ef19daba2808d8f2567063f30b855d5cd4c7f49fe2f85f4a1b2f274ab4376b8,2683764
/home/sparky/f01d/data/holdout_oos/ai_mj2/0219.png,ai,commercial_api,mj2,"web scraped (research, no redistribution)",sealed,,,[],b186b689ed3adbf3d9507554ea83af11e4ebe268017c2d79d7fcad80dd98bdef,542161
/home/sparky/f01d/data/holdout_oos/ai_mj2/0167.png,ai,commercial_api,mj2,"web scraped (research, no redistribution)",sealed,,,[],4bd67fbb5fc8eb6336161bbe8f76a78cb543ea5df65247ba86c933363e13ac0e,647338
/home/sparky/f01d/data/holdout_oos/ai_mj2/0156.png,ai,commercial_api,mj2,"web scraped (research, no redistribution)",sealed,,,[],aca4bcdd0dd20e44438221f4a8c537c4ecdc4d62a25458f56c279a9ca3af3bbd,572836
/home/sparky/f01d/data/holdout_oos/ai_mj2/0171.png,ai,commercial_api,mj2,"web scraped (research, no redistribution)",sealed,,,[],852749c62b67ba04690d9d5117786dcb7ffbf0fae2d33d4528b7fd41379561c2,310868
/home/sparky/f01d/data/holdout_oos/ai_mj2/0126.png,ai,commercial_api,mj2,"web scraped (research, no redistribution)",sealed,,,[],c2bf33f6462d5a62798019597ec14d9165faccfcb893d8ffd0293b03dd6d225b,427373
/home/sparky/f01d/data/holdout_oos/ai_mj2/0283.png,ai,commercial_api,mj2,"web scraped (research, no redistribution)",sealed,,,[],1a5a9ff8ef85810e4858398ae65b6bc9714af7612f0aa988735bcba472f4a43f,664340
/home/sparky/f01d/data/holdout_oos/ai_mj2/0222.png,ai,commercial_api,mj2,"web scraped (research, no redistribution)",sealed,,,[],5375e7b0eb1bf7e20cfc17e35a9a4f6fe31f891bcf5602ea2c4d9af3d2632a6f,386728
/home/sparky/f01d/data/holdout_oos/ai_mj2/0001.png,ai,commercial_api,mj2,"web scraped (research, no redistribution)",sealed,,,[],acff8bc419559e6c19ea337e48e322f7807432b6a432baa66a45daafd92fa93c,410334
/home/sparky/f01d/data/holdout_oos/ai_mj2/0288.png,ai,commercial_api,mj2,"web scraped (research, no redistribution)",sealed,,,[],a245d19d74ecac3ae8896c8bc296a1057d92c1ff7c548ebf0aa6638f8cd57c55,404252
/home/sparky/f01d/data/holdout_oos/ai_mj2/0142.png,ai,commercial_api,mj2,"web scraped (research, no redistribution)",sealed,,,[],e94fc20d681adb2d75388e1a8b5c6e08623851c6ed22bf8bb8c5dcf228288906,1103041
/home/sparky/f01d/data/holdout_oos/ai_mj2/0145.png,ai,commercial_api,mj2,"web scraped (research, no redistribution)",sealed,,,[],f747df919e4c3814ef0c19b352877ef4c0b57f2444528aec50545dd882f97098,443529
/home/sparky/f01d/data/holdout_oos/ai_mj2/0213.png,ai,commercial_api,mj2,"web scraped (research, no redistribution)",sealed,,,[],3ea00b3f284f4f1a44a5ee400c17c87096e57361142812b1699fa35dafb6dc18,3735463
/home/sparky/f01d/data/holdout_oos/ai_mj2/0224.png,ai,commercial_api,mj2,"web scraped (research, no redistribution)",sealed,,,[],394a68a722c492fdd7f12499c0ccb5cb1b2a725dc426f873997028579296a561,865987
/home/sparky/f01d/data/holdout_oos/ai_mj2/0085.png,ai,commercial_api,mj2,"web scraped (research, no redistribution)",sealed,,,[],60610f92c9a95b620ad6d3229196a8acdc27eef0817b6140a37e2fedf0f6fe5d,2988700
/home/sparky/f01d/data/holdout_oos/ai_mj2/0106.png,ai,commercial_api,mj2,"web scraped (research, no redistribution)",sealed,,,[],a472c8a38f42a615a87ee8a0ec44e278057b279906b445a58bdda69a24461c82,1517830
/home/sparky/f01d/data/holdout_oos/ai_mj2/0242.png,ai,commercial_api,mj2,"web scraped (research, no redistribution)",sealed,,,[],ab07c711c39ce1027690f7d2bae5b8c69c3539ad3d4dd77b4fa7a2c22ae1d798,1864118
/home/sparky/f01d/data/holdout_oos/ai_mj2/0049.png,ai,commercial_api,mj2,"web scraped (research, no redistribution)",sealed,,,[],7ed3fc2a33081ec160329a310753fb2614b5c941d9f262e2f39b3470a441f354,526257
/home/sparky/f01d/data/holdout_oos/ai_mj2/0057.png,ai,commercial_api,mj2,"web scraped (research, no redistribution)",sealed,,,[],507c6e10108e0c457de5c6d1dd6b5c4e161e38cc3e92858700b8881593e8edec,1501814
/home/sparky/f01d/data/holdout_oos/ai_mj2/0226.png,ai,commercial_api,mj2,"web scraped (research, no redistribution)",sealed,,,[],d6d6baf1b91a8462b29dccd7eae239f76cd8da56036fb50a9119565024d9c67c,662148
/home/sparky/f01d/data/holdout_oos/ai_mj2/0185.png,ai,commercial_api,mj2,"web scraped (research, no redistribution)",sealed,,,[],48d76f9e7d43ba9ecd5e174fa27c1bce9fe24cf436e115abe1446fca19a72e8d,395856
/home/sparky/f01d/data/holdout_oos/ai_mj2/0082.png,ai,commercial_api,mj2,"web scraped (research, no redistribution)",sealed,,,[],d4302cc1fa743deab7b5547b167e96d9b5c3802e66d2647b66332f688fc3d4d1,590352
/home/sparky/f01d/data/holdout_oos/ai_mj2/0201.png,ai,commercial_api,mj2,"web scraped (research, no redistribution)",sealed,,,[],ad039bd2505a19b46388ba80f7b1bbd381489b75b32f5db2099723966cc010f3,1672640
/home/sparky/f01d/data/holdout_oos/ai_mj2/0033.png,ai,commercial_api,mj2,"web scraped (research, no redistribution)",sealed,,,[],7243b59e255fdfe2c9520ec7fd7f4f05cfec27d1024e2d6ce152b1b41988bfcd,324126
/home/sparky/f01d/data/holdout_oos/ai_mj2/0028.png,ai,commercial_api,mj2,"web scraped (research, no redistribution)",sealed,,,[],102e5572fd1384a57add4e6179862a306c9d7813496cfbe73612063baae10494,2450147
/home/sparky/f01d/data/holdout_oos/ai_mj2/0239.png,ai,commercial_api,mj2,"web scraped (research, no redistribution)",sealed,,,[],b4603c59e2b086994fa117de21d5e47c7b90febeaafe754001f802b237c65b80,398576
/home/sparky/f01d/data/holdout_oos/ai_mj2/0187.png,ai,commercial_api,mj2,"web scraped (research, no redistribution)",sealed,,,[],976e397145b6a3981cdefcb83cd3bb12c0b61fccaac043ea953f007161a8ba92,572008
/home/sparky/f01d/data/holdout_oos/ai_mj2/0117.png,ai,commercial_api,mj2,"web scraped (research, no redistribution)",sealed,,,[],fdbab45ee079ccc5d33435a4303fe966b615195cf37125ed10e8dd54f6e76f99,644181
/home/sparky/f01d/data/holdout_oos/ai_mj2/0276.png,ai,commercial_api,mj2,"web scraped (research, no redistribution)",sealed,,,[],325fd5da6b127356e4fc3c04f6c70d8eb2c2e44b508fe77ec8f31137fef99ab9,891163
/home/sparky/f01d/data/holdout_oos/ai_mj2/0215.png,ai,commercial_api,mj2,"web scraped (research, no redistribution)",sealed,,,[],bebc5f7790d09280fc8ff2d5ffb0e05fb26e2ce553cf7294d4e4c69ca9980582,2299089
/home/sparky/f01d/data/holdout_oos/ai_mj2/0011.png,ai,commercial_api,mj2,"web scraped (research, no redistribution)",sealed,,,[],71f5972ce92c7c5d9fe777d287c999a65072d70b1157688a8d66b38b08d31350,426390
/home/sparky/f01d/data/holdout_oos/ai_mj2/0017.png,ai,commercial_api,mj2,"web scraped (research, no redistribution)",sealed,,,[],c71f1efd7c1b0bcca86a579d5616654db0bd97cae327a8f0117a14b4440ac50e,617112
/home/sparky/f01d/data/holdout_oos/ai_mj2/0111.png,ai,commercial_api,mj2,"web scraped (research, no redistribution)",sealed,,,[],fa21987a9b1f6e3e137c9cd19ec4b0ad2faa65cc79e37ca0970f888184d5fce1,583430
/home/sparky/f01d/data/holdout_oos/ai_mj2/0186.png,ai,commercial_api,mj2,"web scraped (research, no redistribution)",sealed,,,[],c93079d966ea01274d928f22cfa20df3b80e9858b44ea87ffbc070f6fc3580e0,3045667
/home/sparky/f01d/data/holdout_oos/ai_mj2/0217.png,ai,commercial_api,mj2,"web scraped (research, no redistribution)",sealed,,,[],660d3c6404530a6ffa0e7936082ccefc8bb3b2ccd50eec73d269cdfc23efa548,175592
/home/sparky/f01d/data/holdout_oos/ai_mj2/0241.png,ai,commercial_api,mj2,"web scraped (research, no redistribution)",sealed,,,[],2321d25e6fa7794fac1c977482cce0aa44e98dd5ef54c278a2c2a79608c79161,491088
/home/sparky/f01d/data/holdout_oos/ai_mj2/0272.png,ai,commercial_api,mj2,"web scraped (research, no redistribution)",sealed,,,[],54c39e8853b4fb4dd6522b4853506c4dcbf62227b36b37c85e63027389b24b36,824764
/home/sparky/f01d/data/holdout_oos/ai_mj2/0236.png,ai,commercial_api,mj2,"web scraped (research, no redistribution)",sealed,,,[],84339d10b2f796e2817d3f3597a6ffe978c8d4a27a17652204cbd1d7634480ec,370338
/home/sparky/f01d/data/holdout_oos/ai_mj2/0252.png,ai,commercial_api,mj2,"web scraped (research, no redistribution)",sealed,,,[],e8219a27580cd8fc62d4e83c42253751e0266cbc70e94d89c7f3880bb4e6e4a9,644409
/home/sparky/f01d/data/holdout_oos/ai_mj2/0061.png,ai,commercial_api,mj2,"web scraped (research, no redistribution)",sealed,,,[],a5154e92a6b7899e4167baf958e128bfae70d5acdf140ff900ac5833bbf9c36e,514665
/home/sparky/f01d/data/holdout_oos/ai_mj2/0127.png,ai,commercial_api,mj2,"web scraped (research, no redistribution)",sealed,,,[],4a7cff1bab63153cc71de6d2fedf9c330cf748a9a0982e0c758fc93c1b109bf1,835751
/home/sparky/f01d/data/holdout_oos/ai_mj2/0120.png,ai,commercial_api,mj2,"web scraped (research, no redistribution)",sealed,,,[],6a54a2242b65989b2c9825adc51dfd1c082ecd3dc30bf7055afe17ab1e22fe7f,726425
/home/sparky/f01d/data/holdout_oos/ai_mj2/0102.png,ai,commercial_api,mj2,"web scraped (research, no redistribution)",sealed,,,[],d77569386ed735898ea244cc6f31f9269806d9e3ca074686b4cc91b8aa38e8df,596565
/home/sparky/f01d/data/holdout_oos/ai_mj2/0092.png,ai,commercial_api,mj2,"web scraped (research, no redistribution)",sealed,,,[],45431db489713c3599efc69ce613d86e47648c2467b9430ce5e8e50427856e67,429285
/home/sparky/f01d/data/holdout_oos/ai_mj2/0290.png,ai,commercial_api,mj2,"web scraped (research, no redistribution)",sealed,,,[],5dc105726f43485c275681bb2a83142ae8576326307e5c69313d2b65ed7c62a9,389472
/home/sparky/f01d/data/holdout_oos/ai_mj2/0240.png,ai,commercial_api,mj2,"web scraped (research, no redistribution)",sealed,,,[],fb10173894f67122baad1eebee8ec0b02d13da850efa6e9edd852b5e11bc0e40,414970
/home/sparky/f01d/data/holdout_oos/ai_mj2/0016.png,ai,commercial_api,mj2,"web scraped (research, no redistribution)",sealed,,,[],2d35596cc7c53808609dae9fa3ddf4873fb6e77c703c285e9a179a33f4c2c703,1007154
/home/sparky/f01d/data/holdout_oos/ai_mj2/0232.png,ai,commercial_api,mj2,"web scraped (research, no redistribution)",sealed,,,[],457eadfdab7d7b500fb2b7dad20f218be2c854ee73ab8d8e074d79bb72057e5e,352804
/home/sparky/f01d/data/holdout_oos/ai_mj2/0112.png,ai,commercial_api,mj2,"web scraped (research, no redistribution)",sealed,,,[],02c57c156c9066d91b300af0ff18758d5647e42a8ed651b2f2b120e48e4be15a,983043
/home/sparky/f01d/data/holdout_oos/ai_mj2/0237.png,ai,commercial_api,mj2,"web scraped (research, no redistribution)",sealed,,,[],5ce98f00140b1c21e433d0b9ba6e0a26902e0d054bda47499f5b9f8d948cb0a7,923938
/home/sparky/f01d/data/holdout_oos/ai_mj2/0287.png,ai,commercial_api,mj2,"web scraped (research, no redistribution)",sealed,,,[],bf662692418be3952d99c61cc53a7245de75141b175a5683d7e53b6dc60c330d,754403
/home/sparky/f01d/data/holdout_oos/ai_mj2/0096.png,ai,commercial_api,mj2,"web scraped (research, no redistribution)",sealed,,,[],47b500e84e0d5a21b1890529fceeffa8f5dcc375b0451cab983dd272dee0db5f,1206339
/home/sparky/f01d/data/holdout_oos/ai_mj2/0100.png,ai,commercial_api,mj2,"web scraped (research, no redistribution)",sealed,,,[],a27d08f232a5971a399ee37100d2f0afe22b6cd16bf17b83d2fb8c49e6617366,662922
/home/sparky/f01d/data/holdout_oos/ai_mj2/0138.png,ai,commercial_api,mj2,"web scraped (research, no redistribution)",sealed,,,[],b9105bf736bdf5f33758ff26661204391453b68301ef6450e85e070fddd47362,2070307
/home/sparky/f01d/data/holdout_oos/ai_mj2/0006.png,ai,commercial_api,mj2,"web scraped (research, no redistribution)",sealed,,,[],2ead08add49721ac3d1622e2a88050de3281f6cd9fbc14f14e9e91d687d15561,643529
/home/sparky/f01d/data/holdout_oos/ai_mj2/0225.png,ai,commercial_api,mj2,"web scraped (research, no redistribution)",sealed,,,[],d6500645c60356f5ecdf54738f3531b9e8994c3bc36c20656dc6d21b05adc886,2341299
/home/sparky/f01d/data/holdout_oos/ai_mj2/0159.png,ai,commercial_api,mj2,"web scraped (research, no redistribution)",sealed,,,[],db8b29600919edf32a8760f5a673e115edf784e04b3129ed6761e9cae0a3f573,507868
/home/sparky/f01d/data/holdout_oos/ai_mj2/0029.png,ai,commercial_api,mj2,"web scraped (research, no redistribution)",sealed,,,[],b0cc584e33cc97449f461644498e7248b62f77af3d167080c86ae93905bb42cf,321645
/home/sparky/f01d/data/holdout_oos/ai_mj2/0299.png,ai,commercial_api,mj2,"web scraped (research, no redistribution)",sealed,,,[],e5cf596ae0b7053d253b8b38b9c6e80dfd0de2761e72ca5f61dd1bce7b6af38f,433587
/home/sparky/f01d/data/holdout_oos/ai_mj2/0131.png,ai,commercial_api,mj2,"web scraped (research, no redistribution)",sealed,,,[],2ca4db250c230111e05fa4edfb7b276480a98e050ddc3ef30c5afb79c1072484,3529612
/home/sparky/f01d/data/holdout_oos/ai_mj2/0205.png,ai,commercial_api,mj2,"web scraped (research, no redistribution)",sealed,,,[],b920375bb1670ee0fa1d6379495a6979e49b91582d08a4070b336b3e3a7e8cef,979660
/home/sparky/f01d/data/holdout_oos/ai_mj2/0266.png,ai,commercial_api,mj2,"web scraped (research, no redistribution)",sealed,,,[],14621e82641232f5e85089a8ac7d4ebad304a48161512e4100dff1d7459be828,1814424
/home/sparky/f01d/data/holdout_oos/ai_mj2/0183.png,ai,commercial_api,mj2,"web scraped (research, no redistribution)",sealed,,,[],139e8bcd2606db5a3cc0aa6219d4d2eefe9087035ce139175c41136bb710635d,2770823
/home/sparky/f01d/data/holdout_oos/ai_mj2/0099.png,ai,commercial_api,mj2,"web scraped (research, no redistribution)",sealed,,,[],4dcd0686a48653fbd8418e465ff5d74402a92ae1240e29be5fbce9c7899d46bb,633040
/home/sparky/f01d/data/holdout_oos/ai_mj2/0023.png,ai,commercial_api,mj2,"web scraped (research, no redistribution)",sealed,,,[],7cab624b57a986c2089f5f5b2d20120cc296b6dae8e96a7864bd78391d88b26e,1339767
/home/sparky/f01d/data/holdout_oos/ai_mj2/0040.png,ai,commercial_api,mj2,"web scraped (research, no redistribution)",sealed,,,[],e5c7229ba7d7ce30239a53ec14d631811b7c0dc939ddfa60bbf5eabaf0662046,396669
/home/sparky/f01d/data/holdout_oos/ai_mj2/0062.png,ai,commercial_api,mj2,"web scraped (research, no redistribution)",sealed,,,[],1353da76367617118f22defa435977a2fcf8810744e040cff2205ff5bab99d10,357738
/home/sparky/f01d/data/holdout_oos/ai_mj2/0293.png,ai,commercial_api,mj2,"web scraped (research, no redistribution)",sealed,,,[],bf3be8f3f31ddc53f434a77cfc12e33f3692567c100ff4048e20510540cc3fe7,586221
/home/sparky/f01d/data/holdout_oos/ai_mj2/0249.png,ai,commercial_api,mj2,"web scraped (research, no redistribution)",sealed,,,[],9fc42481d9aa7df86448821ee36c3c9779f903a52e267af865276fa22fe1f9b7,3079471
/home/sparky/f01d/data/holdout_oos/ai_mj2/0284.png,ai,commercial_api,mj2,"web scraped (research, no redistribution)",sealed,,,[],8ba81675f374c2bc18fbb8b38bb5e6fc33ee03bcc72510f4ffefcb4cbe2e709b,685880
/home/sparky/f01d/data/holdout_oos/ai_mj2/0113.png,ai,commercial_api,mj2,"web scraped (research, no redistribution)",sealed,,,[],20d0a961be78703e947ca1c770c71e55af33a6a82a6f4de318df334cd25fe8e3,1821080
/home/sparky/f01d/data/holdout_oos/ai_mj2/0173.png,ai,commercial_api,mj2,"web scraped (research, no redistribution)",sealed,,,[],5fe31dc681e8ac5924a1d2eed1c215729cd2ff32e66a26db9a707adfa2bd1cf4,2127037
/home/sparky/f01d/data/holdout_oos/ai_mj2/0076.png,ai,commercial_api,mj2,"web scraped (research, no redistribution)",sealed,,,[],71509f5fde835739691cdaa2d4ff594e89320fe5d6a1bda97718155ed2c9174a,458622
/home/sparky/f01d/data/holdout_oos/ai_mj2/0280.png,ai,commercial_api,mj2,"web scraped (research, no redistribution)",sealed,,,[],613ffb67e86394fe74bbc55aa0d49d7879fe0832ca3dfaef8c5bc75d6e834743,432582
/home/sparky/f01d/data/holdout_oos/ai_mj2/0251.png,ai,commercial_api,mj2,"web scraped (research, no redistribution)",sealed,,,[],53564a16f9560da57bc823f235044f73409098e3974e76a972df1b33707f2212,1109542
/home/sparky/f01d/data/holdout_oos/ai_mj2/0090.png,ai,commercial_api,mj2,"web scraped (research, no redistribution)",sealed,,,[],042dc5527daaffa4985ce417273a2759ed83bd49954367e82bb21647afbb3016,1087321
/home/sparky/f01d/data/holdout_oos/ai_mj2/0054.png,ai,commercial_api,mj2,"web scraped (research, no redistribution)",sealed,,,[],a0c9576b2ebfd16b23ca04c3ece8c2c713ce85a4fddecd2c9b78b1bc7c2a8ceb,366737
/home/sparky/f01d/data/holdout_oos/ai_mj2/0144.png,ai,commercial_api,mj2,"web scraped (research, no redistribution)",sealed,,,[],b5f22a822f33dd88746dfe31b1b6ee21c4912588b259df21383fade7e4ede0d3,861624
/home/sparky/f01d/data/holdout_oos/ai_mj2/0108.png,ai,commercial_api,mj2,"web scraped (research, no redistribution)",sealed,,,[],302309c2af68a90e4a7028b1d4f333c6842246d7d29d02b6cb453356afc22f0b,2111861
/home/sparky/f01d/data/holdout_oos/ai_mj2/0009.png,ai,commercial_api,mj2,"web scraped (research, no redistribution)",sealed,,,[],fc60e6e2eb57f826074db9f38bd1f6d4a5f1dd94e08b86e2cc803bdb11c5f5d6,743395
/home/sparky/f01d/data/holdout_oos/ai_mj2/0152.png,ai,commercial_api,mj2,"web scraped (research, no redistribution)",sealed,,,[],809a852ca5abd10f748bbee583836ce0e9b1937a2f7815ff450229d0e3d6f4b3,407408
/home/sparky/f01d/data/holdout_oos/ai_mj2/0008.png,ai,commercial_api,mj2,"web scraped (research, no redistribution)",sealed,,,[],5a2e89b6cc5765a3842f724594d1f13f05fcc0e5442d20cddba11976657a3083,317580
/home/sparky/f01d/data/holdout_oos/ai_mj2/0218.png,ai,commercial_api,mj2,"web scraped (research, no redistribution)",sealed,,,[],2fbffded9f2fbb708cbe3cbb49f059b70e89f94db3700bc334fc92478f702727,239934
/home/sparky/f01d/data/holdout_oos/ai_mj2/0279.png,ai,commercial_api,mj2,"web scraped (research, no redistribution)",sealed,,,[],bbfca7a1bb3699e299717c6a0f91521a33afd5af1ec22d90a189ff7543eea059,2131446
/home/sparky/f01d/data/holdout_oos/ai_mj2/0253.png,ai,commercial_api,mj2,"web scraped (research, no redistribution)",sealed,,,[],0b1e3e40e7f817f2540d0f762195c695e35a181026e0501db18d748172600c10,1789693
/home/sparky/f01d/data/holdout_oos/ai_mj2/0294.png,ai,commercial_api,mj2,"web scraped (research, no redistribution)",sealed,,,[],bee41ae7a1ac35868eb6aac63a09e312b49215fd7e01f9b4832b8c0bd9551b1a,809574
/home/sparky/f01d/data/holdout_oos/ai_mj2/0089.png,ai,commercial_api,mj2,"web scraped (research, no redistribution)",sealed,,,[],a292e5aa8af36e91d9bab584da67e9cd18466a2ccc88ca84669875b3c83ded66,379608
/home/sparky/f01d/data/holdout_oos/ai_mj2/0162.png,ai,commercial_api,mj2,"web scraped (research, no redistribution)",sealed,,,[],0667e3cb086533d56029b67ae9f459d641bcc9ceba1a5cbb27dc818e7eaee99b,474186
/home/sparky/f01d/data/holdout_oos/ai_mj2/0069.png,ai,commercial_api,mj2,"web scraped (research, no redistribution)",sealed,,,[],978af37b6edcd29c64dc3894ac1020ca929a039bcc3ca7bfb462fcdbd3df223d,1467360
/home/sparky/f01d/data/holdout_oos/ai_mj2/0110.png,ai,commercial_api,mj2,"web scraped (research, no redistribution)",sealed,,,[],794ade35cd3c83313a67a6b5ba9096ee55c3ab17dc8f2a13f708ff0bd49b41b1,860006
/home/sparky/f01d/data/holdout_oos/ai_mj2/0027.png,ai,commercial_api,mj2,"web scraped (research, no redistribution)",sealed,,,[],e9433c813e9b947e37ab1d51456212e0488d2663ac1b6458787f0c387bd991e0,785092
/home/sparky/f01d/data/holdout_oos/ai_mj2/0051.png,ai,commercial_api,mj2,"web scraped (research, no redistribution)",sealed,,,[],223961a1bec172ece813527f7bbeff1a35c2817443daeeefab7ed63c2688f544,2269219
/home/sparky/f01d/data/holdout_oos/ai_mj2/0000.png,ai,commercial_api,mj2,"web scraped (research, no redistribution)",sealed,,,[],d987b4b5e749e3aa0b0c4ff7754068f01a64996bcc84c074e24207e50fbf5884,540606
/home/sparky/f01d/data/holdout_oos/ai_mj2/0289.png,ai,commercial_api,mj2,"web scraped (research, no redistribution)",sealed,,,[],06172427d155239470a5634a03e0491cd8bf7d234a6548331ec5b2cf2aa3c8e7,379649
/home/sparky/f01d/data/holdout_oos/ai_mj2/0292.png,ai,commercial_api,mj2,"web scraped (research, no redistribution)",sealed,,,[],480ba29854f51861f7a1dd9b58386da41e979e290deb505a8977ad582b01b355,3385508
/home/sparky/f01d/data/holdout_oos/ai_mj2/0228.png,ai,commercial_api,mj2,"web scraped (research, no redistribution)",sealed,,,[],33c83b658b967e2721ebff750371290894649d8eea6387787e8e4960b743443b,402360
/home/sparky/f01d/data/holdout_oos/ai_mj2/0132.png,ai,commercial_api,mj2,"web scraped (research, no redistribution)",sealed,,,[],51e54156790ae8fdd210e7dc1c86a91c2756bd18a10303dd89cff6145e50a32a,1277438
/home/sparky/f01d/data/holdout_oos/ai_mj2/0148.png,ai,commercial_api,mj2,"web scraped (research, no redistribution)",sealed,,,[],05bb38e36160adcdea0cd82299f77cdd84091949ecf7d612cddc3b1f8f1c7afa,1236153
